age,sex_male,education_years,height_cm,weight_kg,bmi,waist_cm,waist_height_ratio,sbp,dbp,bp_meds,told_hypertension,smoker_current,smokeless_current,alcohol_past12m,alcohol_days_month,fruit_servings_day,veg_servings_day,met_min_week,sedentary_hours_day,survey_year,glucose_mmol,fasted,diagnosed_diabetes,diabetes
43.0,1.0,6.0,,,,,,,,,0.0,0.0,0.0,1.0,0.5,2.857142857142857,1.7142857142857142,18000.0,2.0,2005,,,0.0,0.0
42.0,0.0,3.0,,,,,,,,,0.0,0.0,0.0,0.0,0.0,0.0,2.0,10312.0,,2005,,,0.0,0.0
37.0,0.0,1.0,153.0,50.5,21.572899312230337,75.09999847,0.4908496632026144,115.5,70.5,0.0,0.0,0.0,0.0,0.0,0.0,0.5714285714285714,2.0,12720.0,3.0,2005,,1.0,0.0,0.0
47.0,1.0,3.0,156.1999969,57.59999847,23.608067055229608,81.09999847,0.5192061464759222,165.5,88.5,0.0,0.0,0.0,0.0,0.0,0.0,0.0,0.5714285714285714,35040.0,2.0,2005,,1.0,0.0,0.0
53.0,0.0,0.0,156.3000031,57.70000076,23.618800922646358,77.19999695,0.4939219156675756,142.0,70.5,0.0,0.0,0.0,0.0,0.0,0.0,0.0,2.0,0.0,,2005,,,0.0,0.0
50.0,0.0,0.0,,,,,,,,,0.0,1.0,0.0,0.0,0.0,0.0,0.5714285714285714,9800.0,3.0,2005,,,0.0,0.0
27.0,1.0,3.0,175.5,64.80000305,21.038791259811205,68.30000305,0.38917380655270656,132.0,68.0,0.0,0.0,1.0,0.0,0.0,0.0,1.7142857142857142,0.5714285714285714,2160.0,0.5,2005,6.0,1.0,0.0,0.0
27.0,0.0,0.0,167.1999969,60.20000076,21.533963204932043,,,,,,0.0,0.0,0.0,0.0,0.0,1.7142857142857142,0.5714285714285714,960.0,1.0,2005,,,0.0,0.0
26.0,0.0,1.0,148.5,63.5,28.7952476504665,87.59999847,0.5898989795959596,119.0,63.5,0.0,0.0,0.0,0.0,0.0,0.0,1.1428571428571428,0.5714285714285714,1200.0,4.0,2005,,1.0,0.0,0.0
42.0,1.0,1.0,163.3000031,54.0,20.249829638846425,76.90000153,0.47091243153809836,147.5,86.5,0.0,0.0,0.0,0.0,0.0,0.0,0.0,0.8571428571428571,960.0,5.0,2005,,1.0,0.0,0.0
54.0,1.0,1.0,156.1000061,52.59999847,21.58638365206597,74.59999847,0.47789875435501344,148.5,90.5,0.0,0.0,0.0,0.0,0.0,0.0,1.1428571428571428,0.5714285714285714,1920.0,5.0,2005,,1.0,0.0,0.0
45.0,1.0,4.0,156.8000031,48.40000153,19.685807840574437,69.30000305,0.4419642964280018,110.0,64.0,,0.0,0.0,0.0,0.0,0.0,1.7142857142857142,0.42857142857142855,23160.0,2.0,2005,,1.0,0.0,0.0
43.0,0.0,3.0,164.5,78.09999847,28.86152140870835,91.30000305,0.5550152161094225,135.5,81.5,0.0,0.0,0.0,0.0,0.0,0.0,2.857142857142857,0.5714285714285714,27840.0,1.0,2005,,1.0,0.0,0.0
61.0,0.0,0.0,158.3999939,51.29999924,20.44593791096593,64.90000153,0.4097222476597583,153.0,80.5,0.0,0.0,0.0,0.0,0.0,0.0,0.0,2.0,2400.0,8.0,2005,,1.0,0.0,0.0
28.0,0.0,8.0,,,,,,,,,0.0,0.0,0.0,0.0,0.0,5.0,2.0,3360.0,1.0,2005,,,0.0,0.0
51.0,1.0,0.0,167.8999939,54.20000076,19.226398161040187,78.90000153,0.4699225991454905,125.5,74.5,0.0,0.0,0.0,0.0,0.0,0.0,0.0,0.8571428571428571,27840.0,2.5,2005,,1.0,0.0,0.0
50.0,0.0,0.0,145.1000061,42.90000153,20.37616488401519,66.90000153,0.4610613281704059,126.5,79.0,0.0,0.0,0.0,0.0,0.0,0.0,0.0,0.8571428571428571,3600.0,3.0,2005,2.799999952,1.0,0.0,0.0
27.0,0.0,0.0,,,,,,,,,0.0,0.0,0.0,0.0,0.0,0.0,2.0,5520.0,0.5,2005,,,0.0,0.0
50.0,1.0,0.0,,,,,,,,,0.0,1.0,0.0,0.0,0.0,5.0,0.0,20400.0,0.5,2005,,,0.0,0.0
34.0,1.0,4.0,159.6000061,46.5,18.255223132034708,,,121.5,77.5,0.0,1.0,1.0,0.0,0.0,0.0,10.0,0.42857142857142855,8440.0,3.0,2005,,1.0,0.0,0.0
25.0,0.0,0.0,,,,,,,,,0.0,0.0,0.0,0.0,0.0,2.0,0.5714285714285714,6720.0,4.0,2005,,,0.0,0.0
30.0,1.0,4.0,158.3999939,47.70000076,19.01113583509651,69.40000153,0.4381313396628862,139.5,83.0,0.0,0.0,0.0,0.0,1.0,24.0,1.1428571428571428,1.2857142857142858,24720.0,1.0,2005,,1.0,0.0,0.0
25.0,0.0,0.0,,,,,,,,,0.0,0.0,0.0,0.0,0.0,4.0,0.8571428571428571,4320.0,2.0,2005,,,0.0,0.0
57.0,1.0,0.0,,,,,,,,,0.0,0.0,0.0,0.0,0.0,0.42857142857142855,1.7142857142857142,2400.0,6.0,2005,,,0.0,0.0
28.0,0.0,3.0,,,,,,,,,0.0,0.0,0.0,0.0,0.0,3.0,3.0,12240.0,3.0,2005,,,0.0,0.0
25.0,1.0,2.0,156.1000061,52.29999924,21.463267707912514,,,,,,0.0,0.0,0.0,0.0,0.0,3.4285714285714284,0.5714285714285714,25920.0,1.0,2005,,,0.0,0.0
30.0,0.0,0.0,151.6000061,51.0,22.190737627043553,,,146.5,72.5,0.0,0.0,0.0,0.0,0.0,0.0,4.0,0.42857142857142855,5880.0,2.0,2005,,1.0,0.0,0.0
41.0,1.0,6.0,,,,,,,,,0.0,0.0,0.0,0.0,0.0,1.7142857142857142,2.0,13440.0,2.0,2005,,,0.0,0.0
40.0,0.0,6.0,,,,,,,,,1.0,0.0,0.0,0.0,0.0,1.7142857142857142,2.0,1120.0,6.0,2005,,,0.0,0.0
48.0,1.0,7.0,,,,,,,,,0.0,0.0,0.0,0.0,0.0,2.857142857142857,0.8571428571428571,0.0,0.5,2005,,,0.0,0.0
30.0,0.0,7.0,,,,,,,,,0.0,0.0,0.0,0.0,0.0,2.857142857142857,0.8571428571428571,5580.0,3.0,2005,,,0.0,0.0
52.0,0.0,0.0,156.6999969,52.29999924,21.29922036274829,73.30000305,0.46777284301273653,123.5,66.0,0.0,0.0,0.0,0.0,0.0,0.0,0.8571428571428571,2.0,2160.0,3.0,2005,2.5,1.0,0.0,0.0
30.0,1.0,10.0,163.5,57.0,21.32255982941952,71.80000305,0.43914374954128443,112.5,58.0,0.0,0.0,0.0,0.0,0.0,0.0,0.2857142857142857,0.8571428571428571,2400.0,3.0,2005,,1.0,0.0,0.0
28.0,0.0,8.0,156.1000061,54.90000153,22.530276235682724,67.5,0.43241510161606583,114.0,76.0,0.0,0.0,0.0,0.0,0.0,0.0,0.5714285714285714,0.5714285714285714,3360.0,6.0,2005,,1.0,0.0,0.0
27.0,1.0,12.0,168.3999939,64.5,22.744456937447847,77.5,0.4602137933925424,154.5,94.5,0.0,0.0,0.0,0.0,1.0,10.0,1.4285714285714286,0.8571428571428571,4320.0,,2005,1.399999976,1.0,0.0,0.0
28.0,0.0,10.0,,,,,,,,,0.0,0.0,0.0,1.0,10.0,1.1428571428571428,0.0,0.0,1.0,2005,,,0.0,0.0
27.0,1.0,7.0,175.8999939,62.09999847,20.070580820963134,78.0,0.4434337845647873,155.0,84.0,0.0,0.0,1.0,0.0,0.0,0.0,2.5714285714285716,0.8571428571428571,14640.0,2.0,2005,,1.0,0.0,0.0
25.0,1.0,9.0,172.3999939,56.40000153,18.975997895543067,72.30000305,0.4193735824140305,120.5,82.5,0.0,0.0,0.0,0.0,0.0,0.0,0.8571428571428571,1.0,5040.0,0.5,2005,,1.0,0.0,0.0
61.0,1.0,2.0,156.6000061,58.20000076,23.732278766174485,76.90000153,0.4910600161847631,199.0,85.0,0.0,0.0,0.0,0.0,0.0,0.0,0.2857142857142857,0.8571428571428571,14880.0,3.0,2005,,1.0,0.0,0.0
42.0,1.0,7.0,,,,,,,,,0.0,0.0,0.0,1.0,10.0,0.5714285714285714,0.8571428571428571,420.0,2.0,2005,,,0.0,0.0
42.0,0.0,0.0,,,,,,,,,0.0,0.0,0.0,0.0,0.0,1.2857142857142858,0.8571428571428571,8160.0,3.5,2005,,,0.0,0.0
26.0,0.0,11.0,,,,,,,,,0.0,0.0,0.0,0.0,0.0,1.2857142857142858,0.8571428571428571,11040.0,8.0,2005,,,0.0,0.0
38.0,1.0,13.0,161.1999969,65.0,25.014008806470116,87.19999695,0.5409429195218551,148.5,96.5,0.0,0.0,0.0,0.0,1.0,2.0,0.42857142857142855,1.0,3120.0,0.5,2005,6.0,1.0,0.0,0.0
39.0,0.0,14.0,151.6999969,87.40000153,37.9787176239274,87.19999695,0.5748187128011735,148.0,104.5,0.0,0.0,0.0,0.0,1.0,2.0,0.8571428571428571,2.0,3360.0,2.0,2005,4.300000191,1.0,0.0,0.0
49.0,0.0,0.0,150.1000061,41.20000076,18.28671954042598,66.69999695,0.4443703813413769,199.0,85.5,0.0,0.0,0.0,0.0,0.0,0.0,1.7142857142857142,2.0,7440.0,3.0,2005,,,0.0,0.0
28.0,0.0,10.0,164.1999969,64.59999847,23.9599671641712,79.19999695,0.482338601980814,125.0,84.5,0.0,0.0,0.0,0.0,0.0,0.0,1.2857142857142858,0.8571428571428571,18960.0,4.0,2005,,,0.0,0.0
54.0,1.0,4.0,152.8000031,63.09999847,27.026052906675663,88.40000153,0.5785340296894274,116.0,80.5,0.0,0.0,0.0,0.0,0.0,0.0,2.0,2.0,5280.0,7.0,2005,,1.0,0.0,0.0
50.0,0.0,3.0,153.8000031,75.69999695,32.00244600944885,92.69999695,0.6027307872661545,158.5,82.5,0.0,0.0,0.0,0.0,0.0,0.0,4.285714285714286,2.0,960.0,6.0,2005,,1.0,0.0,0.0
33.0,0.0,4.0,152.5,73.19999695,31.47540852459017,94.5,0.6196721311475409,135.5,66.0,0.0,0.0,0.0,0.0,0.0,0.0,3.0,2.0,6240.0,0.75,2005,,1.0,0.0,0.0
52.0,0.0,5.0,148.6999969,71.90000153,32.516738669838524,96.19999695,0.6469401409247776,154.0,80.5,0.0,0.0,0.0,0.0,1.0,0.5,4.0,0.2857142857142857,5400.0,6.0,2005,,,0.0,0.0
25.0,0.0,4.0,164.3999939,61.40000153,22.717722369646186,78.5,0.4774939349921716,111.0,65.5,0.0,0.0,0.0,0.0,1.0,2.0,3.0,0.2857142857142857,13240.0,6.0,2005,,,0.0,0.0
28.0,1.0,7.0,,,,,,,,,0.0,1.0,0.0,0.0,0.0,0.8571428571428571,1.0,11800.0,5.0,2005,,,0.0,0.0
47.0,0.0,0.0,153.8999939,53.09999847,22.419055047161017,68.5,0.44509423466585335,122.0,70.0,0.0,0.0,1.0,0.0,0.0,0.0,0.0,0.14285714285714285,6740.0,2.0,2005,,1.0,0.0,0.0
43.0,1.0,7.0,171.3999939,56.70000076,19.300184490625934,76.40000153,0.4457409816162193,129.5,74.5,0.0,0.0,1.0,0.0,0.0,0.0,2.142857142857143,0.5714285714285714,14720.0,4.0,2005,4.199999809,1.0,0.0,0.0
33.0,0.0,0.0,,,,,,,,,0.0,0.0,0.0,0.0,0.0,0.8571428571428571,0.5714285714285714,9120.0,0.5,2005,,,0.0,0.0
31.0,1.0,7.0,160.5,49.70000076,19.29329131510758,69.19999695,0.4311526289719626,144.5,86.0,0.0,0.0,1.0,0.0,1.0,10.0,0.8571428571428571,0.5714285714285714,2520.0,1.0,2005,,1.0,1.0,1.0
32.0,1.0,0.0,167.1999969,57.29999924,20.496612287364925,73.5,0.4395933095857611,159.5,97.0,0.0,0.0,0.0,0.0,0.0,0.0,2.142857142857143,2.0,21840.0,1.0,2005,3.900000095,1.0,0.0,0.0
29.0,1.0,14.0,170.6999969,87.69999695,30.097647522350815,92.80000305,0.5436438473069475,137.0,100.0,0.0,0.0,0.0,0.0,1.0,10.0,1.4285714285714286,2.0,4200.0,4.0,2005,5.400000095,1.0,0.0,0.0
26.0,0.0,14.0,145.1999969,46.20000076,21.91334965580266,65.30000305,0.4497245485134029,114.5,63.5,0.0,0.0,0.0,0.0,0.0,0.0,1.4285714285714286,0.5714285714285714,1200.0,1.5,2005,,1.0,0.0,0.0
25.0,0.0,0.0,,,,,,,,,0.0,0.0,1.0,0.0,0.0,0.0,1.1428571428571428,6960.0,2.0,2005,,,0.0,0.0
44.0,1.0,6.0,,,,,,,,,0.0,1.0,0.0,0.0,0.0,0.0,1.1428571428571428,9960.0,2.0,2005,,,0.0,0.0
30.0,1.0,8.0,,,,,,,,,0.0,0.0,0.0,0.0,0.0,0.0,0.2857142857142857,6720.0,2.0,2005,,,0.0,0.0
31.0,0.0,6.0,,,,,,,,,0.0,0.0,0.0,0.0,0.0,0.0,0.2857142857142857,6840.0,2.0,2005,,,0.0,0.0
43.0,0.0,0.0,155.6000061,51.20000076,21.147096547077197,77.80000305,0.5,123.0,82.5,,0.0,0.0,0.0,0.0,0.0,0.2857142857142857,1.4285714285714286,5400.0,1.0,2005,3.700000048,1.0,0.0,0.0
26.0,0.0,0.0,163.1999969,53.5,20.08692646475948,72.30000305,0.4430147329861867,156.0,95.0,0.0,0.0,0.0,1.0,0.0,0.0,0.5714285714285714,2.142857142857143,11760.0,2.0,2005,,,0.0,0.0
37.0,0.0,4.0,153.8999939,56.90000153,24.023433206035193,71.19999695,0.4626380751922824,156.0,93.0,0.0,0.0,0.0,0.0,0.0,0.0,0.0,2.0,3360.0,3.0,2005,,,0.0,0.0
34.0,1.0,2.0,169.8000031,53.29999924,18.486377409932874,74.80000305,0.4405182666925405,167.0,105.0,0.0,0.0,1.0,0.0,1.0,0.5,1.2857142857142858,0.5714285714285714,1680.0,2.0,2005,,1.0,0.0,0.0
43.0,0.0,3.0,155.6000061,51.29999924,21.188398841603195,70.59999847,0.4537274788063135,160.0,89.0,0.0,0.0,0.0,0.0,1.0,0.5,2.142857142857143,0.2857142857142857,6960.0,3.0,2005,,,0.0,0.0
51.0,0.0,0.0,151.3999939,48.59999847,21.202376405092956,73.19999695,0.4834874497970505,185.0,100.5,0.0,0.0,0.0,1.0,1.0,2.0,0.0,0.2857142857142857,360.0,4.0,2005,,1.0,0.0,0.0
55.0,1.0,2.0,158.6999969,51.70000076,20.52753082396625,59.20000076,0.37303088794200223,215.5,115.5,0.0,0.0,1.0,0.0,1.0,24.0,0.0,0.2857142857142857,19680.0,0.5,2005,,,0.0,0.0
36.0,1.0,7.0,166.8999939,67.80000305,24.33980372572063,82.59999847,0.4949071389390866,140.0,72.5,0.0,0.0,0.0,0.0,0.0,0.0,0.2857142857142857,0.42857142857142855,1920.0,1.0,2005,,,0.0,0.0
25.0,0.0,4.0,167.3000031,49.70000076,17.756791586410024,73.80000305,0.441123739883541,126.0,93.5,0.0,0.0,0.0,0.0,0.0,0.0,1.1428571428571428,0.0,10080.0,,2005,,,0.0,0.0
39.0,0.0,0.0,150.6999969,50.40000153,22.19238933352987,73.40000153,0.4870604050423839,140.0,86.0,0.0,0.0,0.0,0.0,0.0,0.0,0.14285714285714285,0.8571428571428571,0.0,,2005,,1.0,0.0,0.0
50.0,1.0,1.0,165.8000031,44.40000153,16.15153922338974,70.69999695,0.4264173439572149,127.0,73.5,0.0,0.0,1.0,0.0,0.0,0.0,0.5714285714285714,2.0,0.0,,2005,,1.0,0.0,0.0
37.0,1.0,0.0,165.3000031,50.0,18.298870383102223,70.59999847,0.4271022210888271,108.0,61.0,0.0,0.0,0.0,0.0,0.0,0.0,0.14285714285714285,0.2857142857142857,0.0,2.0,2005,2.400000095,1.0,0.0,0.0
27.0,0.0,0.0,148.1999969,45.40000153,20.67090439722252,64.30000305,0.4338731740553768,124.5,86.0,0.0,0.0,0.0,0.0,0.0,0.0,1.1428571428571428,0.5714285714285714,960.0,,2005,3.799999952,1.0,0.0,0.0
45.0,0.0,0.0,152.5,47.5,20.424617038430533,72.40000153,0.4747541083934426,136.5,77.0,0.0,0.0,0.0,0.0,0.0,0.0,0.0,3.0,0.0,,2005,,1.0,0.0,0.0
31.0,0.0,3.0,153.5,44.70000076,18.97102388778661,71.5,0.46579804560260585,128.5,84.0,0.0,0.0,0.0,0.0,0.0,0.0,0.42857142857142855,0.5714285714285714,21840.0,1.0,2005,,1.0,0.0,0.0
48.0,1.0,2.0,162.3999939,65.30000305,24.759460901874583,84.30000305,0.5190887082293173,119.0,84.5,0.0,0.0,1.0,0.0,0.0,0.0,0.0,0.5714285714285714,29520.0,2.0,2005,,1.0,0.0,0.0
44.0,0.0,0.0,158.1999969,54.40000153,21.736317573166257,75.19999695,0.47534765122362654,145.5,78.0,0.0,0.0,0.0,0.0,0.0,0.0,0.0,0.8571428571428571,0.0,,2005,4.900000095,1.0,0.0,0.0
42.0,0.0,4.0,153.8999939,59.0,24.910061881259786,77.90000153,0.5061728695104256,119.5,67.5,0.0,0.0,0.0,0.0,0.0,0.0,0.8571428571428571,0.42857142857142855,240.0,0.6666666666666666,2005,,1.0,0.0,0.0
36.0,0.0,5.0,155.3999939,47.20000076,19.54519513951392,70.19999695,0.4517374498429758,124.0,75.5,0.0,0.0,0.0,0.0,0.0,0.0,0.5714285714285714,1.7142857142857142,2400.0,,2005,,1.0,0.0,0.0
53.0,1.0,2.0,162.5,56.59999847,21.434318947218937,80.30000305,0.49415386492307695,174.0,85.0,0.0,0.0,0.0,0.0,1.0,0.5,0.0,2.0,480.0,,2005,,1.0,0.0,0.0
43.0,0.0,0.0,158.3000031,54.29999924,21.66895545384439,71.30000305,0.4504106232073725,157.5,89.0,0.0,0.0,0.0,0.0,0.0,0.0,1.7142857142857142,0.5714285714285714,2640.0,2.0,2005,1.299999952,1.0,0.0,0.0
43.0,1.0,5.0,158.6000061,50.79999924,20.19562539349986,76.69999695,0.4836065195460292,124.0,80.0,0.0,0.0,1.0,0.0,0.0,0.0,0.2857142857142857,3.0,12240.0,0.16666666666666666,2005,,1.0,0.0,0.0
52.0,0.0,1.0,153.6000061,59.79999924,25.34654171848753,81.59999847,0.5312499689412448,181.0,111.0,0.0,0.0,0.0,0.0,0.0,0.0,0.2857142857142857,1.7142857142857142,1920.0,0.5,2005,,1.0,0.0,0.0
31.0,1.0,6.0,166.1000061,57.70000076,20.9139719919312,74.30000305,0.44732089296413335,149.5,84.5,0.0,0.0,1.0,0.0,0.0,0.0,0.42857142857142855,0.2857142857142857,2880.0,1.5,2005,,1.0,0.0,0.0
34.0,0.0,0.0,156.5,50.20000076,20.496279745633824,63.20000076,0.4038338706709265,135.5,75.5,0.0,0.0,0.0,0.0,0.0,0.0,0.0,0.2857142857142857,3840.0,3.0,2005,,1.0,0.0,0.0
36.0,1.0,4.0,167.8999939,61.70000076,21.88687757406301,79.5,0.473496145850664,156.0,75.0,0.0,0.0,1.0,0.0,0.0,0.0,2.2857142857142856,3.0,15000.0,1.0,2005,,,0.0,0.0
37.0,0.0,0.0,145.3000031,45.59999847,21.59899684220404,70.59999847,0.4858912385666701,203.0,103.5,0.0,0.0,0.0,1.0,0.0,0.0,2.0,3.0,17040.0,,2005,,,0.0,0.0
46.0,0.0,5.0,,,,,,,,,0.0,0.0,0.0,0.0,0.0,2.5714285714285716,2.0,17160.0,1.5,2005,,,0.0,0.0
28.0,1.0,3.0,,,,,,,,,0.0,0.0,0.0,0.0,0.0,4.0,0.2857142857142857,0.0,,2005,,,0.0,0.0
45.0,0.0,0.0,153.8999939,49.09999847,20.730237292499336,62.09999847,0.40350877798182944,167.5,104.5,0.0,0.0,0.0,0.0,0.0,0.0,5.0,4.0,0.0,1.0,2005,,,0.0,0.0
61.0,0.0,0.0,155.1999969,41.29999924,17.146150332241387,64.30000305,0.4143041516388071,154.5,93.0,0.0,0.0,1.0,0.0,0.0,0.0,1.2857142857142858,2.0,840.0,2.0,2005,,1.0,0.0,0.0
25.0,0.0,0.0,,,,,,,,,0.0,0.0,0.0,0.0,0.0,1.7142857142857142,2.0,21600.0,3.0,2005,,,0.0,0.0
53.0,1.0,3.0,,,,,,,,,0.0,0.0,0.0,0.0,0.0,4.285714285714286,2.0,1920.0,1.0,2005,,,0.0,0.0
34.0,0.0,2.0,,,,,,,,,0.0,0.0,0.0,0.0,0.0,2.2857142857142856,2.0,11520.0,,2005,,,0.0,0.0
40.0,0.0,0.0,,,,,,,,,0.0,0.0,0.0,0.0,0.0,0.0,2.0,1680.0,,2005,,,0.0,0.0
26.0,1.0,3.0,,,,,,,,,0.0,0.0,0.0,0.0,0.0,1.1428571428571428,0.8571428571428571,12000.0,2.0,2005,,,0.0,0.0
41.0,0.0,1.0,,,,,,,,,0.0,0.0,0.0,0.0,0.0,0.2857142857142857,1.4285714285714286,4800.0,3.0,2005,,,0.0,0.0
45.0,1.0,5.0,156.8000031,55.29999924,22.492254632425677,80.90000153,0.5159438771082524,154.5,90.5,0.0,0.0,0.0,0.0,1.0,0.5,0.42857142857142855,0.5714285714285714,2880.0,0.5,2005,,1.0,0.0,0.0
39.0,1.0,7.0,162.3000031,55.59999847,21.107544978257394,81.19999695,0.5003080431241224,142.5,86.5,0.0,0.0,1.0,0.0,1.0,0.5,0.2857142857142857,0.5714285714285714,1800.0,2.0,2005,1.399999976,1.0,0.0,0.0
50.0,0.0,1.0,,,,,,,,,0.0,0.0,0.0,0.0,0.0,0.2857142857142857,0.8571428571428571,3360.0,1.0,2005,,,0.0,0.0
48.0,1.0,0.0,,,,,,,,,0.0,0.0,0.0,0.0,0.0,0.2857142857142857,2.0,9120.0,3.0,2005,,,0.0,0.0
45.0,0.0,0.0,,,,,,,,,0.0,0.0,0.0,0.0,0.0,0.42857142857142855,2.0,3120.0,0.75,2005,,,0.0,0.0
48.0,0.0,0.0,145.1000061,45.09999847,21.421094925857286,71.40000153,0.4920744212842593,127.5,70.5,0.0,0.0,0.0,0.0,0.0,0.0,1.1428571428571428,1.7142857142857142,10080.0,0.75,2005,,,0.0,0.0
29.0,0.0,1.0,,,,,,,,,0.0,0.0,0.0,0.0,0.0,1.7142857142857142,1.7142857142857142,3000.0,0.5,2005,,,0.0,0.0
33.0,0.0,5.0,,,,,,,,,0.0,0.0,0.0,0.0,0.0,1.1428571428571428,2.0,2560.0,3.0,2005,,,0.0,0.0
54.0,0.0,0.0,,,,,,,,,0.0,0.0,0.0,0.0,0.0,0.2857142857142857,0.8571428571428571,4560.0,1.0,2005,,,0.0,0.0
31.0,1.0,0.0,167.3999939,56.59999847,20.19786865925064,74.30000305,0.4438471072728038,126.5,85.0,0.0,0.0,1.0,0.0,1.0,24.0,1.2857142857142858,0.8571428571428571,17760.0,1.0,2005,,,0.0,0.0
27.0,0.0,3.0,,,,,,,,,0.0,0.0,0.0,0.0,0.0,3.0,0.2857142857142857,13800.0,,2005,,,0.0,0.0
29.0,0.0,0.0,150.6000061,47.29999924,20.85504613165778,71.5,0.4747675770512469,130.5,74.0,0.0,0.0,0.0,0.0,0.0,0.0,1.1428571428571428,2.0,0.0,,2005,,1.0,0.0,0.0
46.0,0.0,0.0,159.1999969,52.5,20.71443983603557,64.5,0.40515076165808644,144.5,72.0,0.0,0.0,0.0,0.0,0.0,0.0,8.0,1.4285714285714286,0.0,,2005,,,0.0,0.0
30.0,1.0,1.0,171.1999969,61.59999847,21.01711963819204,79.19999695,0.4626168129913091,156.0,79.0,0.0,0.0,1.0,0.0,0.0,0.0,1.7142857142857142,0.5714285714285714,36120.0,,2005,,1.0,0.0,0.0
26.0,0.0,0.0,155.6999969,51.40000153,21.202443963782887,71.19999695,0.4572896491175203,110.0,62.0,0.0,0.0,0.0,0.0,0.0,0.0,2.857142857142857,2.0,0.0,,2005,,1.0,0.0,0.0
25.0,1.0,0.0,160.3000031,59.90000153,23.310939218075195,76.30000305,0.47598254257301387,126.5,61.5,0.0,0.0,1.0,0.0,0.0,0.0,2.142857142857143,1.4285714285714286,8820.0,1.0,2005,,1.0,0.0,0.0
30.0,0.0,0.0,165.1000061,51.20000076,18.7834684104218,80.90000153,0.4900060480978989,113.0,65.5,0.0,0.0,0.0,0.0,0.0,0.0,10.0,1.4285714285714286,24720.0,4.0,2005,,1.0,0.0,0.0
53.0,1.0,1.0,164.1999969,57.5,21.32659666516311,76.40000153,0.46528625439943594,125.5,59.5,0.0,0.0,1.0,0.0,1.0,0.5,1.1428571428571428,2.0,6240.0,2.0,2005,,1.0,0.0,0.0
55.0,0.0,3.0,161.5,64.90000153,24.882823195851582,83.0,0.5139318885448917,148.5,77.0,0.0,0.0,1.0,0.0,1.0,0.5,1.7142857142857142,2.0,3360.0,1.0,2005,3.0,1.0,0.0,0.0
63.0,1.0,2.0,162.1000061,51.70000076,19.675441534420138,79.09999847,0.4879703608475065,120.5,71.0,0.0,0.0,1.0,0.0,0.0,0.0,0.14285714285714285,2.0,2520.0,2.0,2005,,1.0,0.0,0.0
36.0,0.0,,156.6999969,82.5,33.59819704515036,96.69999695,0.6171027368412156,132.0,85.0,0.0,0.0,0.0,0.0,0.0,0.0,1.1428571428571428,2.0,0.0,,2005,,1.0,0.0,0.0
33.0,0.0,0.0,159.6999969,56.29999924,22.074891292229307,79.30000305,0.49655607131699325,113.0,68.0,0.0,0.0,0.0,0.0,0.0,0.0,1.7142857142857142,1.4285714285714286,5880.0,5.0,2005,,1.0,0.0,0.0
25.0,1.0,3.0,162.6000061,60.59999847,22.92089111710871,77.40000153,0.47601475169932356,127.5,67.0,0.0,0.0,1.0,0.0,0.0,0.0,3.5714285714285716,2.0,3360.0,3.0,2005,,,0.0,0.0
33.0,0.0,0.0,165.5,60.79999924,22.19767955385584,75.5,0.4561933534743202,143.0,72.5,0.0,0.0,0.0,0.0,0.0,0.0,5.142857142857143,1.7142857142857142,2400.0,2.0,2005,,,0.0,0.0
26.0,0.0,0.0,152.5,54.09999847,23.262563169040586,69.5,0.4557377049180328,126.5,69.0,0.0,0.0,0.0,0.0,0.0,0.0,5.714285714285714,0.8571428571428571,0.0,,2005,,,0.0,0.0
50.0,0.0,0.0,145.1000061,53.5,25.41083408895656,90.5,0.6237077615119411,152.0,83.0,0.0,0.0,0.0,0.0,0.0,0.0,0.5714285714285714,2.0,2160.0,,2005,3.200000048,1.0,0.0,0.0
34.0,0.0,0.0,153.3999939,48.59999847,20.653115363022746,70.19999695,0.4576271169590966,107.0,60.5,0.0,0.0,0.0,0.0,0.0,0.0,0.14285714285714285,2.0,3600.0,,2005,,1.0,0.0,0.0
26.0,1.0,2.0,162.3999939,62.29999924,23.62196513510877,79.69999695,0.4907635464510938,124.5,66.0,0.0,0.0,1.0,0.0,0.0,0.0,0.8571428571428571,1.4285714285714286,3000.0,0.75,2005,,1.0,0.0,0.0
25.0,0.0,0.0,151.8000031,52.79999924,22.91344319786556,72.5,0.4776020982834881,121.0,78.0,0.0,0.0,0.0,0.0,0.0,0.0,0.2857142857142857,1.7142857142857142,4760.0,,2005,,1.0,0.0,0.0
30.0,1.0,0.0,,,,,,,,,0.0,0.0,0.0,0.0,0.0,0.0,0.8571428571428571,0.0,,2005,,,0.0,0.0
55.0,0.0,0.0,160.5,56.0,21.73891945924438,70.5,0.4392523364485981,101.5,58.5,0.0,0.0,0.0,0.0,0.0,0.0,6.0,1.1428571428571428,8800.0,,2005,,1.0,0.0,0.0
30.0,1.0,2.0,,,,,,,,,0.0,1.0,0.0,0.0,0.0,1.0,0.8571428571428571,16800.0,,2005,,,0.0,0.0
33.0,0.0,0.0,152.1000061,68.5,29.609570551221644,94.5,0.6213017502305018,138.0,90.0,0.0,0.0,0.0,0.0,0.0,0.0,0.0,1.4285714285714286,0.0,4.0,2005,,1.0,0.0,0.0
33.0,1.0,1.0,,,,,,,,,0.0,0.0,0.0,0.0,0.0,2.857142857142857,0.5714285714285714,3760.0,,2005,,,0.0,0.0
31.0,0.0,1.0,,,,,,,,,0.0,0.0,0.0,0.0,0.0,0.14285714285714285,1.1428571428571428,3840.0,4.0,2005,,,0.0,0.0
55.0,1.0,0.0,170.1999969,56.79999924,19.60781651402553,65.30000305,0.3836662998787634,119.5,58.0,0.0,0.0,1.0,0.0,0.0,0.0,0.8571428571428571,2.0,13840.0,2.0,2005,,,0.0,0.0
43.0,0.0,0.0,155.3999939,58.09999847,24.058809097816,76.0,0.4890605082578449,140.0,66.0,0.0,0.0,0.0,0.0,0.0,0.0,0.2857142857142857,2.0,18000.0,2.0,2005,,1.0,0.0,0.0
30.0,0.0,0.0,,,,,,,,,0.0,0.0,0.0,0.0,0.0,3.4285714285714284,0.8571428571428571,480.0,3.0,2005,,,0.0,0.0
36.0,1.0,1.0,,,,,,,,,0.0,1.0,0.0,0.0,0.0,0.14285714285714285,2.0,1920.0,2.0,2005,,,0.0,0.0
34.0,0.0,2.0,149.8999939,54.20000076,24.121041855881597,78.40000153,0.5230153750526604,131.5,75.0,0.0,0.0,0.0,0.0,0.0,0.0,0.2857142857142857,2.0,0.0,3.0,2005,,1.0,0.0,0.0
45.0,1.0,3.0,,,,,,,,,0.0,1.0,0.0,1.0,10.0,1.2857142857142858,1.4285714285714286,7920.0,0.5,2005,,,0.0,0.0
33.0,0.0,0.0,164.5,47.70000076,17.62733188348223,75.19999695,0.4571428386018237,133.0,71.0,0.0,0.0,0.0,0.0,0.0,0.0,2.857142857142857,0.8571428571428571,4320.0,,2005,3.200000048,1.0,0.0,0.0
39.0,0.0,0.0,,,,,,,,,0.0,0.0,0.0,0.0,0.0,0.0,0.2857142857142857,3480.0,3.5,2005,,,0.0,0.0
40.0,1.0,3.0,169.3999939,60.40000153,21.047967714351685,77.5,0.45749706488035474,144.0,82.0,0.0,0.0,0.0,0.0,1.0,2.0,0.0,0.2857142857142857,9960.0,2.0,2005,,,0.0,0.0
45.0,1.0,7.0,163.8999939,60.09999847,22.372606603448205,74.5,0.4545454714626442,128.5,72.5,0.0,0.0,0.0,0.0,0.0,0.0,0.0,0.0,16200.0,1.0,2005,,1.0,0.0,0.0
38.0,0.0,3.0,153.6000061,42.29999924,17.929075402253314,62.5,0.4069010255071858,112.0,75.0,0.0,0.0,0.0,1.0,0.0,0.0,0.0,0.5714285714285714,2760.0,2.5,2005,3.099999905,1.0,0.0,0.0
26.0,0.0,0.0,156.3000031,53.20000076,21.77678007772482,72.5,0.4638515582985296,102.5,63.0,0.0,0.0,0.0,0.0,0.0,0.0,2.857142857142857,0.8571428571428571,10080.0,1.0,2005,3.299999952,1.0,0.0,0.0
49.0,0.0,0.0,159.8999939,52.59999847,20.572583663436617,64.30000305,0.4021263633706743,165.0,82.0,0.0,0.0,0.0,1.0,0.0,0.0,0.0,0.2857142857142857,14160.0,2.0,2005,,1.0,0.0,0.0
28.0,0.0,0.0,159.0,39.40000153,15.584827154780267,66.19999695,0.4163521820754717,93.5,60.5,0.0,0.0,0.0,0.0,0.0,0.0,0.0,0.8571428571428571,9360.0,4.0,2005,,1.0,0.0,0.0
45.0,0.0,0.0,156.6999969,44.5,18.122663860717466,70.30000305,0.4486279798388432,130.5,80.5,0.0,0.0,0.0,1.0,0.0,0.0,0.5714285714285714,1.7142857142857142,12080.0,4.0,2005,5.699999809,1.0,0.0,0.0
33.0,0.0,8.0,153.3999939,56.20000076,23.882821720966323,73.19999695,0.47718383220874433,126.0,77.0,0.0,0.0,0.0,0.0,0.0,0.0,0.0,0.2857142857142857,3640.0,3.0,2005,4.199999809,1.0,0.0,0.0
39.0,0.0,2.0,149.0,51.59999847,23.242195608305934,74.30000305,0.498657738590604,135.0,87.0,0.0,0.0,0.0,0.0,1.0,0.5,0.0,0.0,12240.0,4.0,2005,4.800000191,1.0,0.0,0.0
52.0,1.0,6.0,164.6000061,61.0,22.514906152968713,73.19999695,0.44471442428458086,187.5,116.0,0.0,0.0,0.0,0.0,1.0,2.0,0.0,0.14285714285714285,2400.0,3.0,2005,,1.0,0.0,0.0
42.0,1.0,7.0,148.1000061,45.20000076,20.607641440041128,73.90000153,0.4989871606089015,134.0,78.0,0.0,0.0,0.0,0.0,1.0,2.0,0.0,2.0,23640.0,1.0,2005,3.700000048,1.0,0.0,0.0
33.0,0.0,0.0,156.6000061,46.79999924,19.083687520907755,64.19999695,0.4099616503782499,116.5,71.5,0.0,0.0,0.0,0.0,0.0,0.0,0.0,2.0,0.0,,2005,2.799999952,1.0,0.0,0.0
27.0,1.0,2.0,,,,,,,,,0.0,0.0,0.0,0.0,0.0,0.0,0.8571428571428571,2880.0,2.0,2005,,,0.0,0.0
27.0,0.0,0.0,,,,,,,,,0.0,0.0,0.0,0.0,0.0,4.0,0.2857142857142857,0.0,,2005,,,0.0,0.0
30.0,1.0,8.0,,,,,,,,,0.0,0.0,0.0,1.0,0.5,3.4285714285714284,0.8571428571428571,800.0,,2005,,,0.0,0.0
35.0,0.0,0.0,146.1000061,44.79999924,20.988313302610273,66.30000305,0.4537987698961499,149.0,90.0,0.0,0.0,0.0,0.0,0.0,0.0,0.0,1.4285714285714286,0.0,,2005,4.400000095,1.0,0.0,0.0
54.0,1.0,5.0,170.5,62.70000076,21.56844222529906,78.5,0.4604105571847507,165.0,94.5,0.0,0.0,1.0,0.0,1.0,2.0,1.4285714285714286,0.5714285714285714,18360.0,1.0,2005,,1.0,0.0,0.0
37.0,0.0,5.0,149.1999969,47.20000076,21.203344881995392,74.30000305,0.4979893069287322,129.5,70.0,0.0,0.0,0.0,1.0,1.0,2.0,1.0,1.1428571428571428,0.0,2.0,2005,2.400000095,1.0,0.0,0.0
45.0,0.0,0.0,169.3999939,61.90000153,21.570682131102917,74.5,0.4397875010785346,124.5,80.5,0.0,0.0,0.0,0.0,1.0,24.0,2.0,0.8571428571428571,0.0,,2005,4.5,1.0,0.0,0.0
45.0,0.0,4.0,168.3999939,48.59999847,17.137683292417773,67.30000305,0.39964373805122805,145.5,74.0,0.0,0.0,0.0,1.0,0.0,0.0,0.0,0.2857142857142857,0.0,,2005,,1.0,0.0,0.0
28.0,1.0,2.0,157.1000061,41.5,16.81495436146002,65.30000305,0.41565881931560283,118.0,74.5,0.0,0.0,0.0,0.0,1.0,2.0,0.0,0.8571428571428571,2080.0,0.5,2005,,,0.0,0.0
26.0,0.0,1.0,,,,,,,,,0.0,0.0,0.0,0.0,0.0,1.7142857142857142,0.8571428571428571,1760.0,2.0,2005,,,0.0,0.0
60.0,1.0,8.0,169.5,62.40000153,21.719268551439683,75.09999847,0.44306783758112095,119.0,64.5,0.0,0.0,1.0,0.0,1.0,0.5,0.2857142857142857,0.42857142857142855,6120.0,,2005,,1.0,0.0,0.0
53.0,0.0,1.0,154.8999939,48.59999847,20.255056281863663,75.59999847,0.48805682018816404,112.5,66.0,0.0,1.0,0.0,0.0,1.0,0.5,0.8571428571428571,0.42857142857142855,600.0,3.0,2005,,1.0,0.0,0.0
31.0,0.0,1.0,156.1000061,47.90000153,19.657563498806066,70.09999847,0.4490710809139424,128.0,75.0,0.0,0.0,0.0,0.0,1.0,2.0,1.7142857142857142,0.5714285714285714,1440.0,1.0,2005,,,0.0,0.0
56.0,1.0,6.0,161.3000031,48.70000076,18.71803334119376,74.5,0.46187227878608766,144.0,85.5,0.0,0.0,1.0,0.0,1.0,0.5,1.1428571428571428,0.0,4080.0,,2005,,1.0,0.0,0.0
47.0,0.0,1.0,153.1000061,61.29999924,26.152309852945148,82.30000305,0.5375571506917138,132.0,73.0,0.0,0.0,0.0,1.0,1.0,2.0,0.42857142857142855,0.0,4800.0,2.0,2005,,1.0,0.0,0.0
27.0,0.0,8.0,158.0,48.90000153,19.58820763098862,68.69999695,0.434810107278481,134.5,89.0,0.0,0.0,0.0,0.0,1.0,0.5,2.142857142857143,0.5714285714285714,240.0,0.75,2005,2.200000048,1.0,0.0,0.0
28.0,1.0,13.0,166.3999939,53.20000076,19.21343548493011,64.69999695,0.38882211130898364,131.5,89.5,0.0,0.0,0.0,0.0,0.0,0.0,2.142857142857143,1.4285714285714286,1680.0,1.5,2005,4.300000191,1.0,0.0,0.0
38.0,0.0,4.0,157.3000031,57.20000076,23.117377885258826,73.40000153,0.46662428533671146,130.0,79.5,0.0,0.0,0.0,0.0,0.0,0.0,2.857142857142857,0.2857142857142857,2040.0,2.0,2005,,,0.0,0.0
35.0,1.0,2.0,170.3999939,59.5,20.491691828388035,74.19999695,0.43544600707875963,145.0,85.0,0.0,0.0,1.0,0.0,1.0,2.0,1.7142857142857142,0.5714285714285714,1700.0,1.5,2005,,1.0,0.0,0.0
34.0,0.0,0.0,148.6000061,54.5,24.680778121857063,80.69999695,0.5430685978282742,121.0,77.0,0.0,0.0,0.0,0.0,0.0,0.0,2.142857142857143,0.5714285714285714,1280.0,2.0,2005,,1.0,0.0,0.0
28.0,0.0,0.0,,,,,,,,,0.0,0.0,0.0,0.0,0.0,0.5714285714285714,0.2857142857142857,2020.0,10.0,2005,,,0.0,0.0
48.0,1.0,0.0,,,,,,,,,0.0,0.0,0.0,0.0,0.0,0.8571428571428571,0.2857142857142857,5040.0,,2005,,,0.0,0.0
35.0,1.0,0.0,174.6999969,59.0,19.331529524937597,74.5,0.42644534242690646,137.0,81.0,0.0,0.0,1.0,0.0,0.0,0.0,2.5714285714285716,3.0,4320.0,2.0,2005,,,0.0,0.0
38.0,1.0,4.0,147.1999969,44.90000153,20.721956328442797,74.69999695,0.507472816054115,131.0,72.5,0.0,0.0,0.0,0.0,1.0,2.0,2.0,0.0,1440.0,2.0,2005,,1.0,0.0,0.0
32.0,1.0,3.0,170.1000061,55.79999924,19.28526161354194,72.69999695,0.42739561636029827,106.0,57.0,0.0,0.0,0.0,0.0,1.0,2.0,3.0,0.42857142857142855,22864.0,2.0,2005,,,0.0,0.0
26.0,1.0,0.0,154.1000061,47.09999847,19.83424078481404,70.40000153,0.45684619560829465,122.0,68.0,0.0,0.0,1.0,0.0,0.0,0.0,2.0,1.1428571428571428,11280.0,2.0,2005,,1.0,0.0,0.0
35.0,0.0,0.0,157.1999969,43.90000153,17.76476509293725,69.30000305,0.4408397227519284,138.5,80.5,0.0,0.0,0.0,0.0,0.0,0.0,0.5714285714285714,2.0,0.0,1.0,2005,,1.0,0.0,0.0
33.0,0.0,0.0,154.3000031,53.09999847,22.302966856093917,70.19999695,0.45495784536377626,120.5,62.0,0.0,0.0,0.0,0.0,0.0,0.0,5.0,2.0,3360.0,,2005,,,0.0,0.0
50.0,1.0,0.0,164.3999939,52.0,19.239764393888635,82.19999695,0.5,129.0,61.0,0.0,0.0,0.0,0.0,0.0,0.0,0.2857142857142857,0.5714285714285714,9120.0,2.0,2005,,1.0,0.0,0.0
41.0,0.0,2.0,150.5,47.90000153,21.14767012726129,75.09999847,0.4990033120930233,128.0,69.0,0.0,0.0,0.0,0.0,0.0,0.0,0.14285714285714285,2.0,15120.0,1.0,2005,1.600000024,1.0,0.0,0.0
33.0,0.0,1.0,163.3000031,51.40000153,19.274838415165657,72.69999695,0.44519286938090696,128.5,73.0,0.0,0.0,0.0,0.0,0.0,0.0,0.8571428571428571,1.1428571428571428,2040.0,3.0,2005,,,0.0,0.0
31.0,1.0,2.0,162.8999939,54.29999924,20.46245264776465,69.40000153,0.42602826352837575,106.5,95.5,0.0,0.0,1.0,0.0,0.0,0.0,1.4285714285714286,2.0,5760.0,1.0,2005,,1.0,0.0,0.0
39.0,0.0,0.0,,,,,,,,,0.0,0.0,0.0,0.0,0.0,0.0,2.0,11760.0,,2005,,,0.0,0.0
26.0,0.0,0.0,,,,,,,,,0.0,0.0,0.0,0.0,0.0,0.5714285714285714,2.0,16960.0,2.0,2005,,,0.0,0.0
43.0,1.0,4.0,171.1999969,59.09999847,20.16415209922255,70.30000305,0.4106308663724047,140.5,78.5,0.0,0.0,0.0,0.0,0.0,0.0,0.2857142857142857,2.0,25200.0,3.0,2005,3.700000048,1.0,0.0,0.0
33.0,0.0,0.0,162.3999939,56.70000076,21.498642976762913,69.69999695,0.4291871894583858,116.5,70.5,0.0,0.0,0.0,0.0,0.0,0.0,0.42857142857142855,2.0,3060.0,0.5,2005,,1.0,0.0,0.0
43.0,1.0,7.0,165.3000031,50.29999924,18.408663327258004,69.19999695,0.4186327625664757,144.5,69.0,0.0,0.0,1.0,0.0,0.0,0.0,0.14285714285714285,2.0,15360.0,4.0,2005,,1.0,0.0,0.0
35.0,0.0,0.0,144.1999969,43.20000076,20.775584562116272,74.5,0.5166435617308949,107.5,69.0,0.0,0.0,0.0,0.0,0.0,0.0,0.14285714285714285,2.0,840.0,,2005,,,0.0,0.0
53.0,0.0,7.0,158.6000061,42.29999924,16.816436054662603,69.09999847,0.43568723715200414,143.5,73.5,0.0,0.0,0.0,0.0,0.0,0.0,0.2857142857142857,2.0,17640.0,1.0,2005,,,0.0,0.0
29.0,1.0,6.0,165.5,54.40000153,19.861082512937994,75.30000305,0.45498491268882174,139.5,73.5,0.0,0.0,1.0,0.0,0.0,0.0,2.857142857142857,3.0,18120.0,1.0,2005,,,0.0,0.0
37.0,1.0,2.0,167.8999939,66.59999847,23.625056644904873,69.69999695,0.41512804932865455,125.5,74.0,0.0,0.0,1.0,0.0,1.0,10.0,3.4285714285714284,2.142857142857143,19440.0,2.0,2005,,,0.0,0.0
45.0,1.0,5.0,147.3999939,63.5,29.22663354120308,75.59999847,0.5128901058251673,127.5,68.0,0.0,0.0,0.0,0.0,0.0,0.0,0.5714285714285714,2.0,20640.0,3.0,2005,,1.0,0.0,0.0
40.0,0.0,0.0,154.1999969,50.79999924,21.36461031563359,78.30000305,0.5077821311551531,144.0,84.0,0.0,0.0,0.0,0.0,0.0,0.0,0.42857142857142855,2.0,0.0,,2005,,,0.0,0.0
32.0,1.0,7.0,161.5,50.59999847,19.400166193484075,71.5,0.44272445820433437,117.0,69.0,0.0,0.0,1.0,0.0,0.0,0.0,0.8571428571428571,1.7142857142857142,2400.0,0.6666666666666666,2005,,1.0,0.0,0.0
25.0,0.0,0.0,149.3000031,45.90000153,20.591740972901395,67.5,0.452109836560345,115.5,76.5,0.0,0.0,0.0,0.0,0.0,0.0,0.2857142857142857,1.4285714285714286,4200.0,2.0,2005,,1.0,0.0,0.0
39.0,1.0,5.0,165.5,50.20000076,18.327689875046776,66.69999695,0.4030211296072507,127.5,67.5,0.0,0.0,1.0,0.0,1.0,0.5,0.7142857142857143,2.0,1440.0,,2005,3.400000095,1.0,0.0,0.0
40.0,1.0,3.0,150.3000031,44.5,19.698902556093422,69.69999695,0.46373915843252567,122.5,65.5,0.0,0.0,1.0,0.0,0.0,0.0,0.2857142857142857,1.1428571428571428,10080.0,1.0,2005,,1.0,0.0,0.0
26.0,0.0,3.0,139.8999939,40.59999847,20.7439103140296,70.5,0.5039314015295322,128.5,93.0,,0.0,0.0,0.0,0.0,0.0,0.0,0.8571428571428571,3120.0,,2005,2.700000048,1.0,0.0,0.0
28.0,0.0,0.0,157.5,55.09999847,22.21214350012598,71.19999695,0.4520634726984127,129.5,78.0,0.0,0.0,0.0,0.0,0.0,0.0,0.2857142857142857,1.0,6240.0,3.0,2005,,,0.0,0.0
41.0,1.0,7.0,162.6999969,46.70000076,17.64175547908486,65.59999847,0.4031960646583147,139.0,89.5,0.0,0.0,0.0,0.0,0.0,0.0,0.42857142857142855,2.0,560.0,0.5,2005,,1.0,0.0,0.0
34.0,0.0,0.0,166.8999939,62.5,22.43713369357347,71.80000305,0.43019775718517866,133.0,70.0,0.0,0.0,0.0,0.0,0.0,0.0,2.0,2.0,960.0,1.0,2005,,1.0,0.0,0.0
35.0,0.0,0.0,157.6000061,52.09999847,20.976124431864438,74.5,0.47271571774387133,112.5,69.0,0.0,0.0,0.0,0.0,0.0,0.0,0.0,1.0,14760.0,2.0,2005,,1.0,0.0,0.0
44.0,0.0,0.0,,,,,,,,,0.0,0.0,0.0,0.0,0.0,0.0,2.0,6720.0,2.0,2005,,,0.0,0.0
77.0,0.0,0.0,148.3000031,43.70000076,19.870057519965624,65.30000305,0.4403236796021348,181.5,98.0,0.0,0.0,0.0,0.0,0.0,0.0,0.0,2.0,14160.0,4.0,2005,,,0.0,0.0
37.0,1.0,12.0,177.3000031,70.09999847,22.299777103591115,81.69999695,0.4608008771659181,125.0,79.0,0.0,0.0,0.0,0.0,1.0,2.0,0.8571428571428571,0.5714285714285714,840.0,4.0,2005,,1.0,0.0,0.0
36.0,0.0,1.0,148.3000031,47.29999924,21.506949410705918,74.30000305,0.5010114733436577,116.5,65.0,0.0,0.0,0.0,0.0,0.0,0.0,4.0,2.0,30720.0,0.5,2005,,,0.0,0.0
57.0,0.0,0.0,,,,,,,,,0.0,0.0,0.0,0.0,0.0,6.0,2.0,15720.0,4.0,2005,,,0.0,0.0
31.0,1.0,3.0,,,,,,,,,0.0,1.0,0.0,1.0,24.0,1.7142857142857142,2.0,10800.0,2.0,2005,,,0.0,0.0
45.0,0.0,0.0,146.1000061,52.79999924,24.736226455942777,76.5,0.5236139411769676,124.5,70.0,0.0,0.0,0.0,0.0,0.0,0.0,0.8571428571428571,2.0,12680.0,,2005,,,0.0,0.0
27.0,0.0,1.0,155.6999969,53.90000153,22.23369120758929,81.69999695,0.524727030036312,109.5,69.5,0.0,0.0,0.0,0.0,0.0,0.0,4.0,2.0,0.0,,2005,,1.0,0.0,0.0
77.0,0.0,3.0,,,,,,,,,0.0,0.0,0.0,0.0,0.0,1.7142857142857142,2.0,11280.0,2.0,2005,,,0.0,0.0
30.0,1.0,0.0,164.3000031,67.5,25.005101949631303,81.30000305,0.4948265460501382,128.5,60.5,0.0,0.0,0.0,0.0,0.0,0.0,0.0,1.1428571428571428,2040.0,4.0,2005,,1.0,0.0,0.0
41.0,1.0,1.0,162.8000031,54.59999847,20.60078705223052,73.5,0.45147419287733415,132.0,76.5,0.0,0.0,1.0,0.0,0.0,0.0,2.0,2.0,22440.0,1.5,2005,,,0.0,0.0
77.0,0.0,0.0,155.6000061,45.40000153,18.751527369945343,,,117.0,78.0,0.0,0.0,0.0,0.0,0.0,0.0,2.0,2.0,28800.0,1.0,2005,,,0.0,0.0
51.0,1.0,4.0,171.6000061,90.5,30.733638688475384,90.5,0.5273892586417571,158.0,74.5,0.0,0.0,0.0,0.0,0.0,0.0,0.5714285714285714,3.0,6720.0,,2005,,1.0,0.0,0.0
35.0,0.0,3.0,147.5,53.29999924,24.49870691870152,78.40000153,0.531525434101695,128.0,78.5,,0.0,0.0,0.0,0.0,0.0,1.1428571428571428,2.0,0.0,,2005,,1.0,0.0,0.0
44.0,1.0,6.0,,,,,,,,,0.0,0.0,0.0,0.0,0.0,0.5714285714285714,0.8571428571428571,28560.0,0.8333333333333334,2005,,,0.0,0.0
36.0,0.0,4.0,153.3000031,58.70000076,24.97777675056656,73.5,0.47945204509914324,108.0,67.5,0.0,0.0,0.0,0.0,0.0,0.0,0.5714285714285714,0.8571428571428571,17280.0,,2005,,,0.0,0.0
43.0,1.0,6.0,160.5,51.20000076,19.875583800623055,72.09999847,0.4492211742679128,118.0,75.0,0.0,0.0,1.0,0.0,0.0,0.0,1.4285714285714286,3.0,26640.0,2.0,2005,,1.0,0.0,0.0
40.0,0.0,5.0,157.3000031,51.29999924,20.73289252076175,65.30000305,0.4151303354297264,121.0,61.0,0.0,0.0,0.0,0.0,0.0,0.0,0.8571428571428571,0.8571428571428571,17880.0,,2005,5.699999809,1.0,0.0,0.0
37.0,1.0,11.0,168.5,62.20000076,21.907386966513748,79.30000305,0.4706231635014837,136.0,75.5,0.0,0.0,0.0,0.0,0.0,0.0,1.2857142857142858,2.0,12240.0,1.0,2005,,1.0,0.0,0.0
26.0,0.0,3.0,146.6999969,47.59999847,22.11804459839933,70.5,0.4805726072922637,107.0,69.5,0.0,0.0,0.0,0.0,0.0,0.0,1.4285714285714286,0.2857142857142857,7200.0,3.0,2005,,1.0,0.0,0.0
25.0,1.0,6.0,167.5,61.09999847,21.777678224994432,85.0,0.5074626865671642,140.5,70.5,0.0,0.0,1.0,0.0,1.0,2.0,0.5714285714285714,0.5714285714285714,12960.0,1.0,2005,4.400000095,1.0,0.0,0.0
27.0,0.0,6.0,154.6999969,45.70000076,19.095700622697393,67.80000305,0.4382676432361325,122.0,65.0,0.0,0.0,0.0,0.0,0.0,0.0,0.0,2.0,16800.0,1.0,2005,,1.0,0.0,0.0
28.0,1.0,3.0,162.6999969,58.59999847,22.137191161846285,78.30000305,0.4812538693416533,133.0,71.5,0.0,0.0,0.0,0.0,0.0,0.0,0.0,0.8571428571428571,7560.0,9.0,2005,,1.0,0.0,0.0
32.0,0.0,2.0,151.8000031,46.09999847,20.005865749403267,72.30000305,0.4762845953459668,100.0,52.0,0.0,0.0,0.0,0.0,0.0,0.0,3.4285714285714284,2.0,3360.0,1.5,2005,,,0.0,0.0
46.0,0.0,2.0,151.3000031,44.5,19.43936781271747,64.19999695,0.4243225091513564,128.0,73.0,0.0,0.0,0.0,0.0,0.0,0.0,0.42857142857142855,1.4285714285714286,1200.0,0.75,2005,,,0.0,0.0
49.0,1.0,0.0,,,,,,,,,0.0,1.0,0.0,0.0,0.0,0.42857142857142855,1.4285714285714286,3360.0,1.0,2005,,,0.0,0.0
30.0,0.0,2.0,143.3999939,45.5,22.126520831505093,74.5,0.5195258240523537,118.5,68.0,0.0,0.0,0.0,0.0,0.0,0.0,0.8571428571428571,0.8571428571428571,2640.0,2.0,2005,,1.0,0.0,0.0
29.0,0.0,0.0,153.5,47.40000153,20.11692496684315,75.19999695,0.4899022602605863,117.0,70.0,0.0,0.0,0.0,0.0,0.0,0.0,2.0,1.1428571428571428,8400.0,,2005,,,0.0,0.0
29.0,0.0,3.0,168.3999939,56.40000153,19.88817683831128,73.69999695,0.43764845379842976,130.5,64.5,0.0,0.0,0.0,0.0,0.0,0.0,1.1428571428571428,1.4285714285714286,1440.0,,2005,,,0.0,0.0
30.0,1.0,6.0,,,,,,,,,0.0,0.0,0.0,0.0,0.0,0.42857142857142855,1.4285714285714286,2400.0,,2005,,,0.0,0.0
41.0,1.0,0.0,,,,,,,,,0.0,0.0,0.0,0.0,0.0,0.14285714285714285,0.8571428571428571,720.0,2.0,2005,,,0.0,0.0
36.0,0.0,3.0,164.1999969,53.09999847,19.694647831138578,71.0,0.4323995209527315,140.0,75.0,0.0,0.0,0.0,0.0,0.0,0.0,0.14285714285714285,1.4285714285714286,18480.0,2.0,2005,5.0,1.0,0.0,0.0
58.0,0.0,0.0,161.1999969,51.20000076,19.70334261387564,61.29999924,0.38027295545189926,135.5,84.0,0.0,0.0,1.0,0.0,0.0,0.0,0.2857142857142857,0.5714285714285714,15720.0,2.0,2005,4.300000191,1.0,0.0,0.0
25.0,1.0,2.0,165.6000061,51.90000153,18.925470003110256,69.59999847,0.42028983035164275,137.5,83.0,0.0,0.0,1.0,0.0,0.0,0.0,3.5714285714285716,1.4285714285714286,840.0,1.0,2005,4.599999905,1.0,0.0,0.0
28.0,1.0,0.0,163.6999969,57.79999924,21.569023833444778,74.40000153,0.45448993853951625,149.5,89.5,0.0,0.0,1.0,0.0,0.0,0.0,0.2857142857142857,0.0,29360.0,1.0,2005,4.0,1.0,0.0,0.0
53.0,1.0,4.0,,,,,,,,,0.0,1.0,0.0,0.0,0.0,0.0,0.14285714285714285,2400.0,3.0,2005,,,0.0,0.0
39.0,1.0,4.0,160.0,58.70000076,22.929687796874997,81.59999847,0.5099999904375,136.0,93.5,0.0,0.0,0.0,0.0,0.0,0.0,0.0,0.8571428571428571,1680.0,2.0,2005,5.199999809,1.0,0.0,0.0
46.0,0.0,0.0,161.0,65.0,25.076193048107708,82.69999695,0.5136645773291926,153.5,103.0,0.0,0.0,0.0,1.0,0.0,0.0,0.0,0.42857142857142855,23760.0,,2005,3.799999952,1.0,0.0,0.0
60.0,0.0,0.0,153.1999969,49.40000153,21.04793284142677,72.19999695,0.47127936299586176,161.0,80.0,0.0,0.0,0.0,1.0,0.0,0.0,0.0,1.1428571428571428,18960.0,3.0,2005,4.699999809,1.0,0.0,0.0
38.0,0.0,5.0,161.0,49.90000153,19.250801099494616,76.5,0.4751552795031056,140.0,93.5,0.0,0.0,0.0,0.0,0.0,0.0,0.14285714285714285,0.42857142857142855,36960.0,3.0,2005,3.799999952,1.0,0.0,0.0
63.0,0.0,0.0,161.0,55.5,21.41121098723043,69.0,0.42857142857142855,151.5,80.0,0.0,0.0,0.0,1.0,0.0,0.0,0.0,0.42857142857142855,28320.0,3.0,2005,3.799999952,1.0,0.0,0.0
61.0,0.0,0.0,155.1999969,65.5,27.1930476374946,82.80000305,0.5335051849475907,107.0,70.5,0.0,0.0,1.0,0.0,0.0,0.0,1.2857142857142858,0.2857142857142857,30000.0,1.5,2005,4.199999809,1.0,0.0,0.0
43.0,1.0,18.0,178.0,90.30000305,28.50019033266002,101.4000015,0.5696629297752809,162.5,117.0,0.0,0.0,0.0,0.0,1.0,10.0,0.0,0.2857142857142857,1920.0,2.0,2005,5.0,1.0,0.0,0.0
41.0,1.0,3.0,162.6999969,54.40000153,20.55056765386875,77.40000153,0.4757222065441846,152.5,98.0,0.0,0.0,0.0,0.0,0.0,0.0,0.0,2.0,30000.0,4.0,2005,4.099999905,1.0,0.0,0.0
52.0,1.0,3.0,,,,,,,,,0.0,1.0,0.0,1.0,2.0,0.0,0.0,23280.0,4.0,2005,,,0.0,0.0
31.0,1.0,7.0,171.3000031,61.09999847,20.822192525397526,69.19999695,0.4039696187839707,117.0,79.0,0.0,0.0,1.0,0.0,1.0,2.0,0.8571428571428571,0.5714285714285714,24160.0,5.0,2005,4.199999809,1.0,0.0,0.0
61.0,0.0,0.0,152.8000031,47.40000153,20.301663711376115,70.19999695,0.45942405448812457,165.5,84.5,0.0,0.0,0.0,1.0,0.0,0.0,0.0,0.2857142857142857,12720.0,8.0,2005,4.5,1.0,0.0,0.0
42.0,0.0,0.0,158.1999969,48.20000076,19.259016435292644,67.80000305,0.4285714562488718,160.5,81.0,0.0,0.0,0.0,0.0,0.0,0.0,0.14285714285714285,0.42857142857142855,19920.0,7.0,2005,2.900000095,1.0,0.0,0.0
28.0,1.0,0.0,,,,,,,,,0.0,1.0,0.0,1.0,10.0,0.14285714285714285,0.14285714285714285,14880.0,6.0,2005,,,0.0,0.0
59.0,0.0,0.0,159.1000061,47.90000153,18.923224192400713,63.20000076,0.39723443329270874,136.5,65.0,0.0,0.0,1.0,1.0,0.0,0.0,0.0,0.8571428571428571,18960.0,9.0,2005,2.700000048,1.0,0.0,0.0
33.0,1.0,4.0,,,,,,,,,0.0,1.0,0.0,1.0,2.0,0.0,0.14285714285714285,24960.0,5.0,2005,,,0.0,0.0
28.0,0.0,4.0,143.1999969,43.40000153,21.16429116651829,68.19999695,0.476256972251373,156.0,99.5,0.0,0.0,0.0,0.0,0.0,0.0,0.8571428571428571,0.2857142857142857,14400.0,8.0,2005,3.700000048,1.0,0.0,0.0
25.0,1.0,0.0,168.6000061,52.5,18.46903189938627,64.19999695,0.3807828862824697,137.5,60.5,0.0,0.0,1.0,0.0,0.0,0.0,0.14285714285714285,0.0,36720.0,6.0,2005,4.400000095,1.0,0.0,0.0
41.0,1.0,3.0,175.8999939,53.0,17.12948163798958,68.19999695,0.38772029172878786,130.0,75.0,0.0,0.0,0.0,0.0,0.0,0.0,1.7142857142857142,1.2857142857142858,20160.0,2.0,2005,5.0,1.0,0.0,0.0
25.0,0.0,0.0,,,,,,,,,0.0,0.0,0.0,0.0,0.0,2.142857142857143,0.5714285714285714,19200.0,2.0,2005,,,0.0,0.0
53.0,1.0,3.0,157.3000031,39.40000153,15.923508950120961,72.80000305,0.4628099276242163,131.5,73.0,0.0,0.0,0.0,0.0,0.0,0.0,0.42857142857142855,0.42857142857142855,15840.0,2.0,2005,3.400000095,1.0,0.0,0.0
57.0,0.0,0.0,156.8999939,50.09999847,20.351286077569025,66.40000153,0.4231995163257938,194.0,103.0,0.0,0.0,1.0,0.0,0.0,0.0,0.14285714285714285,0.8571428571428571,29520.0,2.0,2005,3.599999905,1.0,0.0,0.0
51.0,0.0,2.0,156.1999969,49.5,20.28818316449281,62.40000153,0.39948785383106494,148.5,87.5,0.0,0.0,0.0,1.0,0.0,0.0,0.2857142857142857,1.4285714285714286,8520.0,6.0,2005,4.199999809,1.0,0.0,0.0
42.0,0.0,4.0,,,,,,,,,0.0,0.0,0.0,0.0,0.0,0.2857142857142857,0.5714285714285714,22320.0,2.0,2005,,,0.0,0.0
57.0,1.0,4.0,170.3999939,56.20000076,19.355178089564596,69.09999847,0.40551643746273636,163.0,101.5,0.0,0.0,1.0,0.0,1.0,2.0,0.14285714285714285,0.42857142857142855,23760.0,2.0,2005,4.199999809,1.0,0.0,0.0
46.0,0.0,0.0,158.1999969,58.20000076,23.254662935629472,74.59999847,0.47155499324791705,129.5,83.5,0.0,0.0,1.0,0.0,0.0,0.0,0.14285714285714285,0.42857142857142855,18000.0,2.0,2005,3.0,1.0,0.0,0.0
25.0,0.0,3.0,,,,,,,,,0.0,0.0,0.0,1.0,0.5,0.14285714285714285,0.42857142857142855,16080.0,2.0,2005,,,0.0,0.0
30.0,0.0,0.0,152.3000031,49.5,21.340538525234344,62.0,0.40709125894955417,122.0,69.5,0.0,0.0,0.0,0.0,0.0,0.0,0.2857142857142857,0.2857142857142857,26160.0,3.8333333333333335,2005,2.400000095,1.0,0.0,0.0
35.0,0.0,4.0,,,,,,,,,0.0,0.0,0.0,0.0,0.0,0.14285714285714285,0.7142857142857143,720.0,1.0,2005,,,0.0,0.0
26.0,0.0,7.0,152.3000031,53.90000153,23.237475942649596,76.0,0.4990150916155825,126.0,87.0,0.0,0.0,0.0,0.0,1.0,10.0,0.5714285714285714,0.14285714285714285,1680.0,0.5,2005,3.799999952,1.0,0.0,0.0
48.0,0.0,0.0,165.1000061,80.0,29.349168955632337,87.19999695,0.5281647106492747,136.5,88.0,0.0,1.0,0.0,1.0,0.0,0.0,0.2857142857142857,0.8571428571428571,480.0,3.0,2005,,,0.0,0.0
60.0,1.0,7.0,168.3999939,77.19999695,27.222821801556282,96.40000153,0.5724465856408799,149.5,92.5,0.0,0.0,0.0,0.0,0.0,0.0,0.42857142857142855,0.2857142857142857,480.0,1.0,2005,,,0.0,0.0
60.0,1.0,6.0,,,,,,,,,0.0,1.0,0.0,1.0,10.0,0.42857142857142855,1.4285714285714286,1680.0,1.0,2005,,,0.0,0.0
56.0,0.0,0.0,,,,,,,,,0.0,0.0,0.0,0.0,0.0,0.2857142857142857,0.2857142857142857,840.0,3.0,2005,,,0.0,0.0
47.0,1.0,7.0,,,,,,,,,0.0,1.0,0.0,1.0,10.0,0.7142857142857143,0.2857142857142857,23280.0,2.0,2005,,,0.0,0.0
30.0,0.0,5.0,,,,,,,,,0.0,0.0,0.0,1.0,10.0,0.5714285714285714,0.8571428571428571,280.0,2.0,2005,,,0.0,0.0
32.0,0.0,0.0,162.8000031,57.59999847,21.7326984604451,70.80000305,0.43488944534301427,123.5,85.0,0.0,0.0,0.0,1.0,0.0,0.0,0.2857142857142857,1.1428571428571428,8400.0,4.0,2005,,,0.0,0.0
39.0,0.0,5.0,,,,,,,,,0.0,0.0,0.0,0.0,0.0,0.0,0.42857142857142855,3600.0,2.5,2005,,,0.0,0.0
25.0,1.0,7.0,,,,,,,,,0.0,0.0,0.0,1.0,10.0,3.0,0.7142857142857143,3000.0,6.0,2005,,,0.0,0.0
43.0,1.0,9.0,,,,,,,,,0.0,0.0,0.0,1.0,2.0,0.0,0.5714285714285714,7200.0,1.0,2005,,,0.0,0.0
37.0,0.0,3.0,,,,,,,,,0.0,0.0,1.0,0.0,0.0,0.2857142857142857,0.8571428571428571,25200.0,1.0,2005,,,0.0,0.0
49.0,1.0,4.0,,,,,,,,,0.0,0.0,0.0,1.0,10.0,0.0,0.5714285714285714,0.0,3.0,2005,,,0.0,0.0
25.0,0.0,1.0,159.0,59.90000153,23.69368360824334,73.5,0.46226415094339623,115.0,75.5,0.0,0.0,0.0,0.0,0.0,0.0,0.42857142857142855,0.2857142857142857,480.0,10.0,2005,5.0,1.0,0.0,0.0
39.0,1.0,9.0,167.1999969,51.5,18.421911811517393,71.19999695,0.4258373102278449,137.5,83.0,0.0,0.0,0.0,0.0,0.0,0.0,0.2857142857142857,0.5714285714285714,29280.0,5.0,2005,5.800000191,1.0,0.0,0.0
40.0,0.0,0.0,154.3000031,78.69999695,33.05543265772795,100.5,0.6513285676013055,110.0,79.5,0.0,0.0,0.0,0.0,0.0,0.0,0.0,0.2857142857142857,960.0,9.0,2005,4.0,1.0,0.0,0.0
38.0,1.0,11.0,174.0,54.29999924,17.934997767208348,73.19999695,0.42068963764367817,109.5,72.5,1.0,0.0,1.0,0.0,0.0,0.0,0.5714285714285714,0.42857142857142855,1200.0,9.0,2005,3.900000095,1.0,0.0,0.0
30.0,0.0,3.0,159.8000031,49.79999924,19.501848096977795,67.40000153,0.4217772229192153,139.5,97.5,0.0,0.0,0.0,0.0,0.0,0.0,0.14285714285714285,0.42857142857142855,2400.0,11.0,2005,3.200000048,1.0,0.0,0.0
38.0,0.0,2.0,146.0,107.1999969,50.2908598705198,123.0,0.8424657534246576,,,,0.0,0.0,0.0,0.0,0.0,0.8571428571428571,0.5714285714285714,8400.0,10.0,2005,,,0.0,0.0
44.0,1.0,4.0,172.3000031,73.19999695,24.657014606584074,86.69999695,0.5031920800354298,167.5,111.5,0.0,1.0,0.0,0.0,0.0,0.0,0.2857142857142857,0.5714285714285714,480.0,10.0,2005,3.599999905,1.0,0.0,0.0
31.0,0.0,2.0,,,,,,,,,0.0,0.0,0.0,1.0,2.0,0.0,1.1428571428571428,3360.0,9.0,2005,,,0.0,0.0
52.0,1.0,3.0,160.1999969,45.09999847,17.573227058344358,70.5,0.4400749148828479,156.0,91.0,0.0,0.0,1.0,0.0,0.0,0.0,1.0,0.5714285714285714,18720.0,6.0,2005,3.0,1.0,0.0,0.0
39.0,1.0,10.0,166.3999939,66.69999695,24.08902387098124,81.09999847,0.4873798163642842,182.5,98.0,0.0,0.0,0.0,0.0,1.0,10.0,0.42857142857142855,0.2857142857142857,10080.0,6.0,2005,4.300000191,1.0,0.0,0.0
30.0,0.0,9.0,162.0,85.09999847,32.42645879820149,89.09999847,0.5499999905555556,109.5,68.5,0.0,0.0,0.0,0.0,1.0,10.0,0.14285714285714285,0.2857142857142857,26880.0,4.0,2005,4.199999809,1.0,0.0,0.0
39.0,0.0,1.0,157.0,53.90000153,21.86701348127713,73.19999695,0.4662420187898089,120.0,93.0,0.0,0.0,0.0,0.0,0.0,0.0,0.2857142857142857,0.7142857142857143,24360.0,3.0,2005,3.799999952,1.0,0.0,0.0
25.0,1.0,10.0,167.6000061,57.0,20.29209073015773,67.19999695,0.40095462114663966,135.5,79.0,0.0,0.0,0.0,0.0,1.0,10.0,0.42857142857142855,0.14285714285714285,9360.0,4.0,2005,5.199999809,1.0,0.0,0.0
36.0,0.0,0.0,150.3000031,42.29999924,18.725023891046874,62.29999924,0.41450431107808805,172.5,101.0,0.0,0.0,0.0,1.0,1.0,10.0,0.14285714285714285,0.42857142857142855,25200.0,2.0,2005,2.599999905,1.0,0.0,0.0
25.0,1.0,14.0,,,,,,,,,0.0,0.0,0.0,1.0,10.0,0.8571428571428571,0.14285714285714285,26520.0,2.0,2005,,,0.0,0.0
49.0,0.0,5.0,156.1000061,51.09999847,20.970802351306688,68.69999695,0.440102461661595,99.0,69.5,0.0,0.0,0.0,1.0,1.0,10.0,0.14285714285714285,0.5714285714285714,5880.0,2.0,2005,4.400000095,1.0,0.0,0.0
44.0,0.0,3.0,155.3000031,48.09999847,19.943534728378904,77.5,0.4990341175337684,130.0,83.0,0.0,0.0,0.0,0.0,1.0,10.0,0.14285714285714285,3.0,20640.0,3.0,2005,,1.0,0.0,0.0
45.0,1.0,3.0,176.3999939,57.20000076,18.382259936706326,79.40000153,0.45011340292342267,168.5,97.0,0.0,0.0,1.0,0.0,1.0,2.0,0.42857142857142855,0.5714285714285714,15360.0,2.0,2005,,,0.0,0.0
44.0,1.0,6.0,,,,,,,,,0.0,1.0,0.0,1.0,10.0,0.14285714285714285,0.42857142857142855,15720.0,1.0,2005,,,0.0,0.0
41.0,0.0,0.0,,,,,,,,,0.0,1.0,0.0,1.0,0.5,0.14285714285714285,0.42857142857142855,17760.0,1.0,2005,,,0.0,0.0
45.0,1.0,4.0,,,,,,,,,1.0,0.0,0.0,1.0,10.0,0.42857142857142855,0.42857142857142855,11280.0,2.0,2005,,,0.0,0.0
36.0,0.0,1.0,,,,,,,,,0.0,0.0,0.0,1.0,2.0,0.42857142857142855,0.2857142857142857,14640.0,2.0,2005,,,0.0,0.0
37.0,1.0,6.0,165.1000061,56.40000153,20.691164675023654,81.19999695,0.4918231008472385,134.5,76.0,0.0,0.0,1.0,0.0,0.0,0.0,0.14285714285714285,0.14285714285714285,31840.0,1.0,2005,,,0.0,0.0
42.0,0.0,0.0,160.1999969,56.59999847,22.054205285103933,76.09999847,0.4750312106279448,134.0,80.0,0.0,0.0,0.0,0.0,0.0,0.0,0.14285714285714285,0.5714285714285714,33840.0,2.0,2005,,,0.0,0.0
56.0,0.0,0.0,,,,,,,,,0.0,0.0,0.0,0.0,0.0,0.14285714285714285,1.4285714285714286,1000.0,7.0,2005,,,0.0,0.0
38.0,0.0,0.0,,,,,,,,,0.0,1.0,0.0,0.0,0.0,0.14285714285714285,0.5714285714285714,24240.0,9.0,2005,,,0.0,0.0
45.0,1.0,4.0,164.6000061,47.79999924,17.64282781968157,72.40000153,0.43985418497502715,129.5,83.0,0.0,0.0,1.0,0.0,1.0,2.0,0.14285714285714285,1.4285714285714286,31680.0,1.0,2005,,1.0,0.0,0.0
26.0,0.0,0.0,155.5,50.70000076,20.967525463963362,73.80000305,0.47459809035369777,140.0,99.5,0.0,0.0,0.0,0.0,0.0,0.0,0.2857142857142857,2.0,22800.0,2.0,2005,,1.0,0.0,0.0
25.0,0.0,0.0,,,,,,,,,0.0,0.0,0.0,0.0,0.0,0.42857142857142855,0.2857142857142857,14160.0,3.0,2005,,,0.0,0.0
38.0,0.0,0.0,164.1999969,60.5,22.43928866508466,78.5,0.47807552668717496,127.5,83.5,0.0,0.0,1.0,0.0,1.0,10.0,1.1428571428571428,0.8571428571428571,25440.0,1.0,2005,,,0.0,0.0
55.0,1.0,0.0,154.1000061,53.59999847,22.571450323863335,74.59999847,0.4841012038739952,134.5,86.5,0.0,0.0,1.0,0.0,1.0,10.0,0.14285714285714285,0.8571428571428571,18480.0,2.0,2005,,1.0,0.0,0.0
47.0,0.0,2.0,149.5,39.20000076,17.53895404301965,63.5,0.42474916387959866,147.5,84.0,0.0,0.0,1.0,0.0,1.0,2.0,0.14285714285714285,0.2857142857142857,18840.0,2.0,2005,1.5,1.0,0.0,0.0
29.0,1.0,0.0,161.1999969,50.20000076,19.318511709160717,74.30000305,0.46091814192832653,135.0,77.0,0.0,0.0,1.0,0.0,0.0,0.0,0.14285714285714285,0.8571428571428571,15600.0,3.0,2005,,1.0,0.0,0.0
43.0,0.0,3.0,157.6000061,50.5,20.331944624127242,71.0,0.45050759677603847,145.5,85.0,0.0,0.0,1.0,0.0,0.0,0.0,0.14285714285714285,0.2857142857142857,31560.0,2.0,2005,,,0.0,0.0
64.0,1.0,0.0,158.8999939,49.70000076,19.68378597819865,73.59999847,0.46318440085226464,173.5,102.5,0.0,0.0,1.0,0.0,1.0,10.0,0.14285714285714285,0.5714285714285714,15600.0,4.0,2005,,1.0,0.0,0.0
32.0,1.0,7.0,154.3999939,51.40000153,21.560983848307725,77.30000305,0.5006477079271439,139.5,90.5,0.0,0.0,1.0,0.0,0.0,0.0,0.42857142857142855,0.14285714285714285,20880.0,1.5,2005,,1.0,0.0,0.0
36.0,1.0,2.0,151.6999969,46.59999847,20.249521192057344,73.19999695,0.4825313015546937,144.0,91.0,0.0,0.0,1.0,0.0,1.0,2.0,0.0,1.4285714285714286,27360.0,6.0,2005,,1.0,0.0,0.0
31.0,0.0,4.0,150.1999969,47.70000076,21.143580742310203,72.40000153,0.4820239881775923,124.0,88.0,0.0,0.0,0.0,0.0,1.0,2.0,0.14285714285714285,1.4285714285714286,18000.0,5.0,2005,2.799999952,1.0,0.0,0.0
26.0,1.0,4.0,168.3999939,62.0,21.862888839097156,76.69999695,0.4554631812845927,155.5,89.5,0.0,0.0,0.0,0.0,1.0,10.0,0.2857142857142857,1.1428571428571428,27600.0,6.0,2005,,1.0,0.0,0.0
26.0,0.0,3.0,144.3000031,43.40000153,20.84284812492345,67.59999847,0.46846844780144015,126.5,76.5,0.0,0.0,0.0,0.0,0.0,0.0,0.14285714285714285,1.4285714285714286,3840.0,7.0,2005,,,0.0,0.0
33.0,1.0,7.0,166.8999939,54.5,19.565180580796067,79.0,0.4733373450410893,143.0,92.5,0.0,0.0,1.0,0.0,0.0,0.0,0.14285714285714285,2.0,9120.0,7.0,2005,,1.0,0.0,0.0
36.0,0.0,1.0,157.8000031,54.70000076,21.967129868238928,76.19999695,0.4828897050256142,112.0,75.5,0.0,0.0,0.0,0.0,0.0,0.0,0.14285714285714285,1.4285714285714286,21600.0,7.0,2005,,1.0,0.0,0.0
25.0,0.0,2.0,155.6999969,49.29999924,20.336195334363037,74.19999695,0.4765574722371751,137.0,87.5,0.0,0.0,0.0,0.0,0.0,0.0,0.0,2.0,32880.0,2.0,2005,,1.0,0.0,0.0
25.0,1.0,6.0,159.3000031,52.70000076,20.76725296087106,77.5,0.4865034431377233,140.0,74.0,0.0,0.0,1.0,0.0,1.0,10.0,0.0,2.0,36400.0,4.0,2005,,1.0,0.0,0.0
64.0,1.0,6.0,154.3999939,45.09999847,18.918293961583338,77.5,0.5019430250119977,121.0,76.0,0.0,0.0,0.0,0.0,0.0,0.0,0.0,1.0,34800.0,4.0,2005,,1.0,0.0,0.0
55.0,0.0,0.0,,,,,,,,,0.0,0.0,0.0,0.0,0.0,0.14285714285714285,1.0,27120.0,1.5,2005,,,0.0,0.0
40.0,1.0,4.0,162.3999939,55.20000076,20.929895815688898,78.40000153,0.48275864824401327,138.0,91.5,0.0,0.0,0.0,0.0,1.0,10.0,0.0,1.4285714285714286,23160.0,2.0,2005,2.200000048,1.0,0.0,0.0
45.0,0.0,2.0,159.1999969,58.20000076,22.963436460957038,75.0,0.4711055368117284,161.0,95.5,0.0,0.0,0.0,0.0,0.0,0.0,0.5714285714285714,0.8571428571428571,30120.0,2.0,2005,2.799999952,1.0,0.0,0.0
38.0,0.0,3.0,142.6000061,39.40000153,19.375688800444454,65.40000153,0.4586255170573937,118.0,80.0,0.0,0.0,0.0,1.0,0.0,0.0,0.14285714285714285,0.2857142857142857,22080.0,4.0,2005,,1.0,0.0,0.0
53.0,1.0,5.0,152.0,50.0,21.641274238227147,79.0,0.5197368421052632,157.0,90.0,0.0,0.0,1.0,0.0,1.0,10.0,0.0,1.1428571428571428,20640.0,1.0,2005,1.799999952,1.0,0.0,0.0
42.0,0.0,4.0,153.5,51.40000153,21.814555710935927,81.0,0.5276872964169381,158.0,96.0,0.0,0.0,0.0,0.0,0.0,0.0,0.0,1.7142857142857142,25440.0,1.5,2005,2.099999905,1.0,0.0,0.0
35.0,0.0,5.0,153.6999969,46.90000153,19.852954141316363,72.30000305,0.47039690636454395,137.5,78.5,0.0,0.0,0.0,0.0,0.0,0.0,0.0,2.0,23280.0,1.0,2005,,1.0,0.0,0.0
28.0,0.0,2.0,149.6999969,48.09999847,21.46354631423505,68.5,0.45758183980296396,132.5,85.5,0.0,0.0,0.0,0.0,0.0,0.0,0.0,3.0,24120.0,3.0,2005,,1.0,0.0,0.0
42.0,1.0,0.0,168.1000061,54.29999924,19.21606084135627,74.30000305,0.4419988123367474,132.0,84.5,0.0,0.0,1.0,0.0,1.0,2.0,0.0,1.0,21600.0,3.0,2005,,1.0,0.0,0.0
41.0,0.0,5.0,,,,,,,,,0.0,1.0,0.0,0.0,0.0,0.14285714285714285,2.0,27840.0,3.0,2005,,,0.0,0.0
31.0,0.0,3.0,151.1000061,47.20000076,20.67345399083713,76.40000153,0.5056254033466911,160.0,92.5,0.0,0.0,0.0,0.0,0.0,0.0,0.0,1.0,33600.0,3.0,2005,,,0.0,0.0
61.0,1.0,1.0,167.3000031,53.79999924,19.22163700694675,74.19999695,0.4435146179025982,144.0,76.0,0.0,0.0,1.0,0.0,1.0,0.5,0.14285714285714285,2.0,22080.0,0.5,2005,1.200000048,1.0,0.0,0.0
28.0,1.0,4.0,,,,,,,,,0.0,1.0,0.0,1.0,10.0,1.4285714285714286,0.5714285714285714,27120.0,1.0,2005,,,0.0,0.0
54.0,0.0,3.0,,,,,,,,,0.0,1.0,0.0,1.0,10.0,0.14285714285714285,0.5714285714285714,20160.0,1.0,2005,,,0.0,0.0
29.0,0.0,3.0,,,,,,,,,0.0,0.0,0.0,1.0,0.5,0.14285714285714285,2.0,23280.0,1.0,2005,,,0.0,0.0
60.0,0.0,2.0,154.5,42.0,17.595123637163415,63.40000153,0.4103559969579288,177.5,115.0,,0.0,1.0,0.0,1.0,10.0,1.2857142857142858,0.5714285714285714,13680.0,1.0,2005,,,0.0,0.0
30.0,1.0,0.0,,,,,,,,,0.0,1.0,0.0,1.0,10.0,0.8571428571428571,1.7142857142857142,23280.0,1.0,2005,,,0.0,0.0
30.0,0.0,2.0,,,,,,,,,0.0,0.0,0.0,0.0,0.0,1.1428571428571428,1.7142857142857142,24960.0,2.0,2005,,,0.0,0.0
46.0,1.0,0.0,171.0,58.0,19.835162956123252,77.5,0.45321637426900585,127.5,81.5,0.0,0.0,1.0,0.0,1.0,10.0,0.2857142857142857,2.0,19920.0,2.5,2005,,,0.0,0.0
47.0,0.0,0.0,154.8000031,44.90000153,18.737188491810546,70.90000153,0.45801033662899193,181.5,110.0,0.0,0.0,1.0,0.0,1.0,10.0,0.5714285714285714,2.0,22080.0,2.0,2005,1.600000024,1.0,0.0,0.0
31.0,1.0,4.0,170.6000061,61.5,21.130853109978432,77.0,0.45134816674546413,130.0,81.5,0.0,0.0,0.0,0.0,1.0,10.0,1.7142857142857142,0.5714285714285714,22320.0,1.0,2005,1.100000024,1.0,0.0,0.0
54.0,1.0,4.0,,,,,,,,,0.0,1.0,0.0,1.0,10.0,1.2857142857142858,0.8571428571428571,34080.0,2.0,2005,,,0.0,0.0
36.0,0.0,4.0,155.5,61.90000153,25.599405105406273,78.5,0.5048231511254019,117.5,81.5,0.0,0.0,0.0,0.0,0.0,0.0,1.7142857142857142,0.7142857142857143,28800.0,1.5,2005,2.799999952,1.0,0.0,0.0
52.0,0.0,0.0,,,,,,,,,0.0,1.0,0.0,0.0,0.0,0.8571428571428571,0.5714285714285714,26880.0,5.0,2005,,,0.0,0.0
55.0,1.0,0.0,,,,,,,,,0.0,1.0,0.0,1.0,10.0,0.2857142857142857,0.8571428571428571,23400.0,1.5,2005,,,0.0,0.0
41.0,0.0,3.0,156.6000061,53.0,21.611868697289133,80.59999847,0.5146870710754079,135.0,78.0,0.0,0.0,1.0,0.0,1.0,10.0,2.2857142857142856,0.8571428571428571,31200.0,2.0,2005,,1.0,0.0,0.0
27.0,1.0,0.0,171.1999969,58.40000153,19.92532223234336,76.30000305,0.44567759597897516,128.0,79.5,0.0,0.0,1.0,0.0,1.0,10.0,3.4285714285714284,0.8571428571428571,20400.0,2.0,2005,,,0.0,0.0
56.0,1.0,5.0,,,,,,,,,0.0,1.0,0.0,1.0,10.0,4.285714285714286,0.5714285714285714,26640.0,3.0,2005,,,0.0,0.0
35.0,0.0,1.0,,,,,,,,,0.0,0.0,0.0,0.0,0.0,0.14285714285714285,1.1428571428571428,17280.0,8.0,2005,,,0.0,0.0
58.0,0.0,1.0,,,,,,,,,0.0,0.0,0.0,0.0,0.0,0.14285714285714285,2.0,13680.0,8.0,2005,,,0.0,0.0
44.0,1.0,5.0,,,,,,,,,0.0,1.0,0.0,1.0,2.0,0.14285714285714285,1.1428571428571428,24240.0,6.0,2005,,,0.0,0.0
41.0,0.0,2.0,,,,,,,,,0.0,0.0,0.0,1.0,2.0,0.14285714285714285,0.2857142857142857,23280.0,6.0,2005,,,0.0,0.0
35.0,1.0,3.0,152.6999969,59.09999847,25.34599898599155,71.19999695,0.46627372885035073,126.5,90.0,0.0,0.0,1.0,0.0,1.0,10.0,0.0,0.8571428571428571,12240.0,7.0,2005,,1.0,0.0,0.0
35.0,0.0,0.0,160.1000061,45.0,17.55617158814053,72.0,0.4497189085366312,108.5,72.0,0.0,0.0,1.0,0.0,0.0,0.0,0.0,0.5714285714285714,12480.0,6.0,2005,,1.0,0.0,0.0
32.0,1.0,7.0,,,,,,,,,0.0,1.0,0.0,1.0,10.0,0.14285714285714285,1.1428571428571428,19200.0,4.0,2005,,,0.0,0.0
31.0,0.0,3.0,,,,,,,,,0.0,0.0,0.0,1.0,2.0,0.14285714285714285,1.4285714285714286,18720.0,8.0,2005,,,0.0,0.0
38.0,0.0,0.0,153.6999969,43.90000153,18.583042403981946,69.5,0.45217957971214506,123.5,79.5,0.0,0.0,1.0,0.0,1.0,2.0,0.14285714285714285,1.4285714285714286,20160.0,9.0,2005,,1.0,0.0,0.0
38.0,1.0,0.0,169.1999969,55.20000076,19.28139191477315,77.40000153,0.4574468259343094,124.0,73.5,0.0,0.0,1.0,0.0,0.0,0.0,0.0,1.1428571428571428,22800.0,6.0,2005,2.700000048,1.0,0.0,0.0
47.0,0.0,0.0,152.0,49.59999847,21.46814338209834,72.5,0.4769736842105263,124.5,77.0,0.0,0.0,0.0,0.0,0.0,0.0,0.0,0.8571428571428571,17280.0,6.0,2005,,1.0,0.0,0.0
54.0,1.0,4.0,176.1000061,67.40000153,21.734075149150176,80.0,0.45428732100424385,130.5,86.5,0.0,0.0,0.0,0.0,1.0,10.0,0.0,0.2857142857142857,24240.0,6.0,2005,,1.0,0.0,0.0
33.0,0.0,0.0,159.8000031,45.5,17.817953854500693,68.5,0.4286608177168427,130.0,82.5,0.0,0.0,0.0,0.0,1.0,2.0,0.0,0.5714285714285714,18000.0,5.0,2005,,1.0,0.0,0.0
60.0,1.0,2.0,145.8000031,47.40000153,22.29786538597988,74.69999695,0.5123456471997839,178.5,88.5,0.0,0.0,0.0,0.0,1.0,2.0,0.0,0.8571428571428571,20400.0,6.0,2005,,1.0,0.0,0.0
31.0,0.0,8.0,151.1000061,44.40000153,19.447063009402232,67.90000153,0.4493712692841513,114.0,65.5,0.0,0.0,0.0,0.0,1.0,10.0,0.14285714285714285,1.1428571428571428,13120.0,7.0,2005,1.700000048,1.0,0.0,0.0
40.0,1.0,13.0,,,,,,,,,0.0,1.0,0.0,1.0,2.0,0.14285714285714285,0.2857142857142857,7300.0,6.0,2005,,,0.0,0.0
32.0,0.0,2.0,158.0,41.79999924,16.744111216151254,70.5,0.4462025316455696,114.0,78.0,0.0,0.0,0.0,1.0,1.0,0.5,0.14285714285714285,1.4285714285714286,14160.0,6.0,2005,1.5,1.0,0.0,0.0
49.0,0.0,0.0,148.8999939,48.40000153,21.83011459257969,74.90000153,0.5030221934078938,160.5,89.5,0.0,0.0,0.0,0.0,1.0,0.5,0.14285714285714285,0.8571428571428571,15840.0,7.0,2005,2.799999952,1.0,0.0,0.0
29.0,0.0,14.0,158.5,52.40000153,20.85800496770791,69.5,0.4384858044164038,118.5,78.0,0.0,1.0,0.0,0.0,1.0,2.0,0.14285714285714285,0.5714285714285714,1400.0,4.0,2005,3.700000048,1.0,0.0,0.0
26.0,1.0,4.0,165.1000061,52.29999924,19.187018925927536,72.0,0.43609931762443466,194.0,101.0,,0.0,1.0,0.0,1.0,10.0,0.8571428571428571,2.0,33280.0,2.5,2005,,,0.0,0.0
27.0,1.0,12.0,173.1000061,65.19999695,21.759725331739936,75.59999847,0.4367417435348086,128.0,79.0,0.0,0.0,1.0,0.0,1.0,10.0,1.1428571428571428,0.8571428571428571,6360.0,4.0,2005,,1.0,0.0,0.0
35.0,1.0,0.0,167.1000061,49.40000153,17.691881869544037,77.19999695,0.46199876799406053,147.0,91.5,0.0,0.0,1.0,0.0,1.0,10.0,0.0,2.0,34440.0,2.5,2005,,1.0,0.0,0.0
30.0,0.0,0.0,155.1000061,58.29999924,24.235105761173493,83.80000305,0.5402965812649314,136.5,77.5,0.0,0.0,0.0,0.0,0.0,0.0,0.14285714285714285,2.0,22800.0,4.0,2005,3.099999905,1.0,0.0,0.0
37.0,0.0,0.0,141.3999939,45.09999847,22.556813338243487,71.0,0.5021216623970448,155.5,81.0,0.0,0.0,0.0,0.0,0.0,0.0,0.14285714285714285,2.0,3840.0,7.0,2005,,1.0,0.0,0.0
42.0,1.0,14.0,161.1000061,58.90000153,22.694686734142252,72.5,0.4500310195829347,132.5,87.0,0.0,0.0,0.0,0.0,0.0,0.0,0.5714285714285714,0.2857142857142857,10800.0,2.0,2005,,1.0,0.0,0.0
40.0,1.0,2.0,162.6999969,57.09999847,21.570539496150953,74.59999847,0.458512599209521,158.0,82.0,0.0,0.0,1.0,0.0,1.0,2.0,0.7142857142857143,0.8571428571428571,20880.0,2.0,2005,,1.0,0.0,0.0
32.0,1.0,3.0,165.8000031,53.40000153,19.425499763960644,71.5,0.4312424527331025,142.5,79.5,0.0,0.0,1.0,0.0,0.0,0.0,0.14285714285714285,0.8571428571428571,480.0,2.0,2005,,1.0,0.0,0.0
32.0,0.0,1.0,154.6000061,52.20000076,21.839942764587423,76.0,0.4915911837082392,166.5,98.0,0.0,0.0,0.0,0.0,0.0,0.0,0.14285714285714285,0.8571428571428571,25200.0,2.0,2005,,1.0,0.0,0.0
35.0,0.0,0.0,155.0,56.79999924,23.64203922580645,82.0,0.5290322580645161,122.0,75.5,0.0,0.0,0.0,0.0,0.0,0.0,0.7142857142857143,0.8571428571428571,20880.0,2.0,2005,3.299999952,1.0,0.0,0.0
48.0,0.0,0.0,165.3999939,56.59999847,20.689283041386233,69.40000153,0.41958890017830885,160.0,100.5,0.0,0.0,0.0,0.0,0.0,0.0,0.14285714285714285,1.7142857142857142,20000.0,4.0,2005,1.299999952,1.0,0.0,0.0
31.0,0.0,0.0,150.1000061,46.29999924,20.550366145765476,73.0,0.48634241860966854,174.0,97.5,0.0,0.0,0.0,0.0,0.0,0.0,0.14285714285714285,0.8571428571428571,23760.0,2.0,2005,4.099999905,1.0,0.0,0.0
45.0,1.0,4.0,173.0,57.5,19.21213538708276,74.0,0.4277456647398844,150.0,88.5,0.0,0.0,1.0,0.0,1.0,10.0,0.14285714285714285,0.8571428571428571,23760.0,0.3333333333333333,2005,,1.0,0.0,0.0
39.0,0.0,2.0,144.8000031,39.29999924,18.74370323959189,75.0,0.5179557900161399,123.0,81.5,0.0,0.0,0.0,0.0,0.0,0.0,0.42857142857142855,0.8571428571428571,30480.0,3.0,2005,,1.0,0.0,0.0
45.0,0.0,0.0,155.0,52.59999847,21.893859925078043,73.0,0.47096774193548385,140.0,87.5,0.0,0.0,0.0,0.0,0.0,0.0,0.2857142857142857,3.0,36960.0,1.0,2005,,,0.0,0.0
31.0,0.0,1.0,164.3000031,60.59999847,22.44902429466446,75.80000305,0.4613511967121807,125.0,73.5,0.0,0.0,0.0,0.0,0.0,0.0,0.0,1.0,25440.0,1.5,2005,,1.0,0.0,0.0
28.0,0.0,0.0,,,,,,,,,0.0,0.0,0.0,0.0,0.0,0.0,2.0,28560.0,2.0,2005,,,0.0,0.0
44.0,0.0,3.0,157.8999939,48.59999847,19.492701357403853,69.0,0.4369854507005146,144.0,89.5,0.0,0.0,0.0,0.0,0.0,0.0,0.42857142857142855,0.42857142857142855,25920.0,1.5,2005,,1.0,0.0,0.0
31.0,1.0,0.0,,,,,,,,,0.0,1.0,0.0,0.0,0.0,0.0,2.0,36120.0,2.0,2005,,,0.0,0.0
30.0,1.0,0.0,,,,,,,,,0.0,1.0,0.0,1.0,10.0,0.5714285714285714,2.0,27840.0,2.0,2005,,,0.0,0.0
42.0,0.0,1.0,157.6999969,45.29999924,18.215236953277135,67.5,0.42802790949198805,157.0,94.5,0.0,0.0,1.0,0.0,0.0,0.0,0.0,1.7142857142857142,12960.0,2.0,2005,,1.0,0.0,0.0
60.0,1.0,2.0,155.1999969,50.70000076,21.048664670041106,70.19999695,0.4523195770115379,131.5,84.0,0.0,0.0,1.0,0.0,1.0,10.0,0.0,2.0,18000.0,7.0,2005,3.299999952,1.0,0.0,0.0
39.0,1.0,2.0,170.8000031,53.40000153,18.304822460906006,83.69999695,0.49004681165605907,150.5,87.5,0.0,0.0,1.0,0.0,0.0,0.0,0.14285714285714285,0.8571428571428571,24720.0,4.0,2005,,,0.0,0.0
28.0,0.0,1.0,154.8000031,47.0,19.6135373965787,64.19999695,0.41472865416241067,122.5,79.5,0.0,0.0,0.0,0.0,0.0,0.0,0.14285714285714285,2.142857142857143,27360.0,6.0,2005,2.799999952,1.0,0.0,0.0
28.0,1.0,0.0,168.1999969,61.90000153,21.879565480936353,72.0,0.42806183904275685,154.5,84.0,0.0,0.0,1.0,0.0,0.0,0.0,0.0,1.4285714285714286,20880.0,5.0,2005,,,0.0,0.0
25.0,1.0,3.0,,,,,,,,,0.0,1.0,0.0,0.0,0.0,0.2857142857142857,0.0,1280.0,9.0,2005,,,0.0,0.0
35.0,0.0,0.0,147.1000061,36.09999847,16.683293955509043,57.5,0.39089053443621846,126.0,82.0,0.0,0.0,1.0,0.0,0.0,0.0,0.14285714285714285,1.1428571428571428,18240.0,6.0,2005,3.5,1.0,0.0,0.0
49.0,0.0,1.0,160.0,52.59999847,20.546874402343747,68.40000153,0.4275000095625,139.0,90.0,0.0,1.0,0.0,0.0,0.0,0.0,0.14285714285714285,2.0,20160.0,,2005,1.700000048,1.0,0.0,0.0
26.0,0.0,0.0,,,,,,,,,0.0,0.0,0.0,0.0,0.0,0.0,0.14285714285714285,25920.0,6.0,2005,,,0.0,0.0
25.0,0.0,0.0,,,,,,,,,0.0,0.0,0.0,0.0,0.0,0.14285714285714285,1.2857142857142858,19680.0,2.0,2005,,,0.0,0.0
48.0,0.0,0.0,147.1000061,36.09999847,16.683293955509043,63.20000076,0.42963968823384024,139.0,83.5,0.0,0.0,0.0,0.0,0.0,0.0,0.7142857142857143,0.14285714285714285,33120.0,1.5,2005,2.599999905,1.0,0.0,0.0
41.0,1.0,4.0,151.3000031,42.79999924,18.69673994630086,65.19999695,0.43093189434310064,144.5,84.5,0.0,0.0,1.0,0.0,1.0,0.5,0.8571428571428571,1.7142857142857142,18000.0,2.5,2005,2.400000095,1.0,0.0,0.0
43.0,0.0,0.0,148.0,42.09999847,19.22023304875822,71.19999695,0.48108106047297294,152.0,85.5,0.0,0.0,0.0,0.0,0.0,0.0,0.42857142857142855,1.7142857142857142,27840.0,1.5,2005,,1.0,0.0,0.0
27.0,1.0,3.0,166.1999969,58.09999847,21.033623618112195,69.5,0.4181708862595051,127.0,76.5,0.0,0.0,1.0,0.0,0.0,0.0,2.5714285714285716,2.0,21120.0,2.0,2005,,1.0,0.0,0.0
46.0,0.0,0.0,151.0,70.59999847,30.96355355905443,91.19999695,0.6039734897350993,132.5,79.5,0.0,0.0,0.0,0.0,0.0,0.0,1.7142857142857142,0.8571428571428571,29040.0,3.0,2005,5.199999809,1.0,0.0,0.0
50.0,0.0,0.0,140.3000031,39.5,20.066966902942834,70.30000305,0.5010691482301186,127.5,85.0,0.0,0.0,0.0,0.0,0.0,0.0,0.8571428571428571,1.1428571428571428,23760.0,3.0,2005,3.099999905,1.0,0.0,0.0
61.0,0.0,0.0,141.1000061,42.79999924,21.497586061607898,66.5,0.47129693214095475,232.0,123.5,0.0,0.0,0.0,0.0,0.0,0.0,0.14285714285714285,0.14285714285714285,20640.0,3.0,2005,5.300000191,1.0,0.0,0.0
31.0,1.0,7.0,167.6000061,61.70000076,21.96529848197756,76.5,0.4564438974683307,115.5,76.0,0.0,0.0,1.0,0.0,0.0,0.0,0.42857142857142855,0.8571428571428571,20420.0,0.5,2005,1.799999952,1.0,0.0,0.0
30.0,1.0,3.0,173.3999939,60.09999847,19.988320534984933,73.0,0.42099194099221937,132.0,79.5,0.0,0.0,1.0,0.0,1.0,2.0,1.1428571428571428,0.2857142857142857,16320.0,0.5,2005,,,0.0,0.0
29.0,0.0,3.0,154.3999939,49.90000153,20.931772276133252,82.0,0.5310881038836621,134.5,84.5,0.0,0.0,0.0,0.0,0.0,0.0,0.5714285714285714,2.142857142857143,38640.0,0.5,2005,,1.0,0.0,0.0
46.0,0.0,2.0,156.3000031,40.5,16.578187604293845,66.30000305,0.4241842721371002,139.5,88.5,0.0,0.0,1.0,0.0,0.0,0.0,0.2857142857142857,1.1428571428571428,32160.0,2.0,2005,,1.0,0.0,0.0
46.0,1.0,7.0,158.6000061,48.29999924,19.201746176194785,67.19999695,0.42370740457367484,154.5,88.5,0.0,0.0,1.0,0.0,0.0,0.0,0.42857142857142855,1.4285714285714286,19980.0,0.5,2005,,,0.0,0.0
30.0,1.0,4.0,156.6999969,52.09999847,21.217769874510207,70.40000153,0.4492661322445757,134.0,74.0,0.0,0.0,1.0,0.0,0.0,0.0,2.142857142857143,0.42857142857142855,29280.0,3.0,2005,,,0.0,0.0
25.0,0.0,0.0,160.1999969,59.70000076,23.262122047225223,71.19999695,0.4444444340061033,138.5,85.5,0.0,0.0,0.0,0.0,0.0,0.0,1.7142857142857142,0.5714285714285714,23280.0,4.0,2005,,,0.0,0.0
31.0,1.0,7.0,162.8000031,58.29999924,21.996811412885762,73.80000305,0.4533169634196401,128.5,79.5,0.0,0.0,1.0,0.0,0.0,0.0,4.285714285714286,0.42857142857142855,28800.0,3.0,2005,,1.0,0.0,0.0
30.0,0.0,0.0,154.3999939,48.0,20.134770309583118,64.59999847,0.41839378900389973,133.5,76.0,0.0,0.0,0.0,0.0,0.0,0.0,0.0,0.2857142857142857,30600.0,5.0,2005,,1.0,0.0,0.0
62.0,0.0,0.0,155.6000061,59.59999847,24.616541076995546,79.19999695,0.5089973897501023,129.5,80.0,0.0,0.0,1.0,0.0,0.0,0.0,0.0,0.5714285714285714,0.0,4.0,2005,4.199999809,1.0,0.0,0.0
26.0,0.0,7.0,154.3999939,53.5,22.441879407556186,68.5,0.443652867268669,118.0,78.5,0.0,0.0,0.0,0.0,0.0,0.0,0.8571428571428571,0.2857142857142857,5040.0,2.0,2005,,1.0,0.0,0.0
43.0,0.0,6.0,159.6000061,60.79999924,23.869194678575067,74.5,0.4667919621088285,140.0,96.5,0.0,0.0,0.0,0.0,0.0,0.0,0.0,0.5714285714285714,27360.0,3.0,2005,2.700000048,1.0,0.0,0.0
37.0,0.0,5.0,151.3000031,48.40000153,21.143043412983335,71.40000153,0.4719101128028992,120.0,77.5,0.0,0.0,0.0,0.0,0.0,0.0,0.42857142857142855,0.5714285714285714,37200.0,3.5,2005,,1.0,0.0,0.0
28.0,1.0,5.0,177.1999969,69.0,21.974635034516506,77.0,0.4345372536516111,132.5,74.5,0.0,0.0,1.0,0.0,1.0,2.0,0.2857142857142857,0.42857142857142855,31200.0,2.0,2005,2.5,1.0,0.0,0.0
25.0,1.0,14.0,,,,,,,,,0.0,0.0,0.0,0.0,0.0,0.8571428571428571,0.42857142857142855,9000.0,1.0,2005,,,0.0,0.0
45.0,1.0,9.0,162.5,67.69999695,25.63786866745562,83.19999695,0.5119999812307692,136.5,99.0,0.0,0.0,0.0,0.0,1.0,10.0,1.1428571428571428,0.2857142857142857,1440.0,2.0,2005,,1.0,0.0,0.0
57.0,1.0,1.0,168.6000061,56.20000076,19.77065917679948,74.30000305,0.4406880211257596,158.5,98.0,0.0,0.0,1.0,0.0,1.0,10.0,0.0,0.2857142857142857,22800.0,2.0,2005,,1.0,0.0,0.0
57.0,0.0,0.0,147.3999939,43.29999924,19.929341891682704,66.19999695,0.4491180440272732,182.0,98.0,0.0,0.0,1.0,0.0,0.0,0.0,0.8571428571428571,1.1428571428571428,30480.0,2.0,2005,,1.0,0.0,0.0
34.0,1.0,4.0,168.1999969,62.90000153,22.233031796608937,79.0,0.46967896228302486,148.0,88.0,0.0,0.0,1.0,0.0,1.0,10.0,0.0,2.0,26880.0,1.5,2005,,1.0,0.0,0.0
40.0,0.0,0.0,147.1999969,69.40000153,32.02903679051441,90.80000305,0.616847859797747,147.5,95.5,0.0,0.0,0.0,0.0,0.0,0.0,0.2857142857142857,0.5714285714285714,26400.0,2.0,2005,,1.0,0.0,0.0
56.0,1.0,4.0,163.5,60.70000076,22.706656102647553,78.0,0.47706422018348627,156.5,83.5,0.0,0.0,0.0,0.0,1.0,10.0,1.7142857142857142,0.42857142857142855,840.0,2.5,2005,,1.0,0.0,0.0
32.0,0.0,0.0,164.6000061,62.40000153,23.03164226873859,78.90000153,0.47934385544351443,126.0,88.0,0.0,0.0,0.0,0.0,0.0,0.0,0.42857142857142855,0.8571428571428571,32880.0,2.0,2005,,1.0,0.0,0.0
45.0,1.0,8.0,163.0,61.09999847,22.99672493131093,83.69999695,0.513496913803681,177.5,90.5,0.0,0.0,0.0,0.0,0.0,0.0,0.42857142857142855,0.8571428571428571,21120.0,1.0,2005,,1.0,0.0,0.0
44.0,1.0,4.0,162.8000031,51.0,19.242493939647844,72.30000305,0.4441032043813272,135.0,91.5,0.0,0.0,1.0,0.0,1.0,10.0,0.5714285714285714,0.8571428571428571,17520.0,4.0,2005,,1.0,0.0,0.0
45.0,1.0,0.0,158.8000031,50.59999847,20.06547710411262,76.5,0.48173802586027786,137.5,92.5,0.0,0.0,1.0,0.0,1.0,10.0,0.2857142857142857,1.1428571428571428,26640.0,2.0,2005,,1.0,0.0,0.0
29.0,0.0,12.0,156.3999939,61.09999847,24.978579432742094,83.5,0.5338874888536681,124.5,89.5,0.0,0.0,0.0,0.0,0.0,0.0,0.5714285714285714,0.5714285714285714,1800.0,2.5,2005,,,0.0,0.0
28.0,1.0,13.0,161.3999939,59.90000153,22.994279475959846,75.5,0.4677819259818448,126.0,74.5,0.0,0.0,0.0,0.0,0.0,0.0,2.142857142857143,0.42857142857142855,10860.0,3.5,2005,,,0.0,0.0
40.0,1.0,8.0,157.1999969,54.40000153,22.013740650452252,72.5,0.4611959378480115,117.0,77.0,0.0,0.0,0.0,0.0,0.0,0.0,0.8571428571428571,0.8571428571428571,27360.0,0.5,2005,,1.0,0.0,0.0
26.0,1.0,0.0,,,,,,,,,0.0,1.0,0.0,1.0,10.0,0.0,0.42857142857142855,22560.0,3.0,2005,,,0.0,0.0
32.0,0.0,2.0,,,,,,,,,0.0,0.0,0.0,0.0,0.0,1.0,0.2857142857142857,15880.0,,2005,,,0.0,0.0
44.0,0.0,7.0,,,,,,,,,0.0,0.0,0.0,0.0,0.0,0.14285714285714285,0.2857142857142857,1160.0,2.0,2005,,,0.0,0.0
35.0,0.0,0.0,157.5,50.79999924,20.478709696145124,69.80000305,0.44317462253968254,152.5,88.0,0.0,0.0,0.0,0.0,0.0,0.0,0.14285714285714285,1.1428571428571428,21120.0,3.0,2005,,1.0,0.0,0.0
32.0,1.0,10.0,156.8000031,58.70000076,23.87514253458606,81.0,0.5165816224400317,142.0,97.5,0.0,0.0,0.0,0.0,1.0,10.0,0.7142857142857143,0.8571428571428571,1440.0,1.0,2005,3.700000048,1.0,0.0,0.0
30.0,0.0,4.0,155.0,52.70000076,21.93548418730489,72.0,0.4645161290322581,127.5,90.0,0.0,0.0,0.0,0.0,1.0,10.0,0.5714285714285714,0.8571428571428571,480.0,2.0,2005,,1.0,0.0,0.0
30.0,1.0,6.0,151.3999939,45.5,19.849962074118753,70.69999695,0.466974899594101,122.5,76.5,0.0,0.0,1.0,0.0,1.0,2.0,0.14285714285714285,2.0,11520.0,6.0,2005,,,0.0,0.0
33.0,1.0,6.0,158.1000061,53.5,21.403756848342763,68.40000153,0.43263756414238363,173.0,109.5,0.0,0.0,1.0,0.0,1.0,2.0,0.5714285714285714,0.8571428571428571,1440.0,9.0,2005,,1.0,0.0,0.0
38.0,1.0,6.0,172.1999969,58.79999924,19.829467045002502,79.0,0.45876888166192525,148.0,83.5,0.0,0.0,1.0,0.0,1.0,2.0,1.0,0.7142857142857143,2880.0,6.0,2005,,1.0,0.0,0.0
25.0,1.0,14.0,163.3999939,54.0,20.22505390793855,70.5,0.43145656445462083,135.0,80.5,0.0,0.0,0.0,0.0,1.0,2.0,0.0,0.5714285714285714,80.0,7.0,2005,,1.0,0.0,0.0
42.0,1.0,0.0,155.8000031,42.90000153,17.67349265409361,68.40000153,0.43902439132878296,110.0,78.0,0.0,0.0,0.0,0.0,0.0,0.0,0.2857142857142857,1.4285714285714286,14280.0,7.0,2005,1.799999952,1.0,0.0,0.0
26.0,1.0,0.0,170.5,56.29999924,19.366878248381074,72.0,0.4222873900293255,140.5,94.5,0.0,0.0,1.0,0.0,1.0,10.0,2.0,0.14285714285714285,3360.0,5.0,2005,,1.0,0.0,0.0
38.0,1.0,13.0,161.5,53.79999924,20.6270545064172,71.0,0.43962848297213625,116.0,72.5,0.0,0.0,1.0,0.0,0.0,0.0,0.7142857142857143,0.5714285714285714,30720.0,4.0,2005,,1.0,0.0,0.0
31.0,0.0,3.0,,,,,,,,,0.0,0.0,0.0,0.0,0.0,0.2857142857142857,2.0,15120.0,3.0,2005,,,0.0,0.0
40.0,0.0,1.0,153.3999939,40.79999924,17.33841805849259,61.5,0.40091266261777864,155.0,97.0,0.0,0.0,1.0,0.0,0.0,0.0,0.8571428571428571,0.8571428571428571,16000.0,2.0,2005,,1.0,0.0,0.0
38.0,0.0,2.0,157.1999969,57.20000076,23.14680048753138,78.19999695,0.4974554611457502,124.5,75.5,0.0,0.0,0.0,0.0,0.0,0.0,0.2857142857142857,1.1428571428571428,29400.0,1.0,2005,,1.0,0.0,0.0
33.0,1.0,4.0,174.0,65.69999695,21.700355710794028,76.90000153,0.4419540317816092,145.5,83.0,0.0,0.0,1.0,0.0,1.0,10.0,1.2857142857142858,0.8571428571428571,30480.0,2.0,2005,,1.0,0.0,0.0
39.0,0.0,1.0,155.6999969,42.09999847,17.366202954576455,65.80000305,0.4226076066800487,137.5,84.5,0.0,0.0,0.0,0.0,1.0,2.0,0.14285714285714285,1.4285714285714286,5760.0,8.0,2005,,1.0,0.0,0.0
30.0,0.0,6.0,151.1999969,51.5,22.527015844921642,68.5,0.4530423373308945,116.5,85.0,0.0,0.0,1.0,0.0,1.0,2.0,0.0,2.0,6120.0,9.0,2005,,1.0,0.0,0.0
32.0,0.0,0.0,,,,,,,,,0.0,0.0,1.0,1.0,10.0,0.42857142857142855,0.0,9360.0,4.0,2005,,,0.0,0.0
49.0,0.0,2.0,149.5,48.40000153,21.655239440274713,,,222.0,116.0,0.0,0.0,0.0,1.0,0.0,0.0,,1.4285714285714286,15840.0,2.0,2005,,,0.0,0.0
25.0,1.0,2.0,167.3000031,54.5,19.471732930801394,70.0,0.41841003408803884,147.0,81.5,0.0,0.0,0.0,0.0,1.0,2.0,0.14285714285714285,0.14285714285714285,34440.0,2.0,2005,2.099999905,1.0,0.0,0.0
32.0,0.0,4.0,154.3999939,48.90000153,20.512297894683606,69.0,0.44689120936552057,138.0,94.5,0.0,0.0,0.0,1.0,1.0,10.0,0.14285714285714285,0.8571428571428571,24960.0,3.0,2005,,1.0,0.0,0.0
38.0,0.0,7.0,,,,,,,,,1.0,0.0,0.0,0.0,0.0,0.2857142857142857,0.8571428571428571,960.0,1.0,2005,,,0.0,0.0
63.0,0.0,0.0,152.3000031,41.40000153,17.84845106253991,70.0,0.4596191633301418,209.5,108.0,0.0,0.0,0.0,0.0,0.0,0.0,0.14285714285714285,1.4285714285714286,19200.0,3.0,2005,5.199999809,1.0,0.0,0.0
28.0,1.0,4.0,155.3999939,54.70000076,22.65089346972628,70.59999847,0.4543114622992273,117.5,75.0,0.0,0.0,1.0,0.0,0.0,0.0,0.14285714285714285,1.1428571428571428,21600.0,4.0,2005,,1.0,0.0,0.0
55.0,1.0,3.0,154.8000031,41.40000153,17.2766059197249,64.5,0.41666665832256694,129.5,82.0,0.0,0.0,0.0,0.0,0.0,0.0,0.0,1.1428571428571428,10800.0,7.0,2005,,1.0,0.0,0.0
34.0,1.0,7.0,162.5,50.40000153,19.08639111195266,65.0,0.4,118.0,77.0,0.0,0.0,1.0,0.0,1.0,24.0,0.2857142857142857,0.2857142857142857,2160.0,4.0,2005,4.199999809,1.0,0.0,0.0
29.0,0.0,5.0,153.1999969,53.29999924,22.70961072279177,71.0,0.463446484573656,123.5,80.0,0.0,0.0,0.0,0.0,1.0,0.5,0.2857142857142857,0.2857142857142857,3120.0,7.0,2005,,1.0,0.0,0.0
25.0,0.0,5.0,150.3000031,63.79999924,28.242471193429086,78.0,0.518962065144495,111.0,82.0,0.0,0.0,0.0,0.0,0.0,0.0,0.14285714285714285,1.1428571428571428,16560.0,7.0,2005,,1.0,0.0,0.0
35.0,1.0,6.0,164.3000031,40.09999847,14.854882221072732,69.69999695,0.424223953955604,143.5,101.5,0.0,0.0,0.0,0.0,1.0,2.0,0.14285714285714285,2.0,3360.0,8.0,2005,,1.0,0.0,0.0
30.0,1.0,4.0,169.8000031,59.29999924,20.567395534532707,78.19999695,0.46054178752838903,157.0,99.5,0.0,0.0,1.0,0.0,1.0,10.0,0.14285714285714285,0.5714285714285714,700.0,10.0,2005,,,0.0,0.0
55.0,1.0,5.0,170.6000061,59.20000076,20.34059382390523,77.5,0.45427899899705804,143.5,90.0,0.0,0.0,0.0,0.0,1.0,2.0,0.14285714285714285,1.1428571428571428,16320.0,3.0,2005,,1.0,0.0,0.0
62.0,0.0,0.0,151.1000061,46.5,20.36685582828636,68.19999695,0.4513566789988369,194.5,93.5,0.0,0.0,1.0,0.0,0.0,0.0,0.0,0.5714285714285714,7320.0,5.0,2005,,1.0,0.0,0.0
33.0,0.0,2.0,167.0,61.59999847,22.08756085553444,76.69999695,0.45928141886227547,114.0,77.0,0.0,0.0,0.0,0.0,0.0,0.0,0.2857142857142857,1.1428571428571428,6720.0,1.0,2005,2.299999952,1.0,0.0,0.0
53.0,0.0,0.0,154.8000031,43.09999847,17.98603046348574,64.0,0.41343668422704316,156.5,90.5,0.0,0.0,1.0,0.0,1.0,2.0,0.2857142857142857,2.0,18720.0,2.0,2005,,,0.0,0.0
30.0,1.0,6.0,174.3000031,65.40000153,21.526973134293126,77.40000153,0.4440619630143885,145.0,78.0,0.0,0.0,1.0,0.0,0.0,0.0,0.42857142857142855,0.14285714285714285,24160.0,3.0,2005,,,0.0,0.0
30.0,1.0,8.0,167.3000031,56.0,20.007652185777577,69.5,0.41542139098741,115.5,68.0,0.0,0.0,1.0,0.0,0.0,0.0,0.2857142857142857,0.8571428571428571,22280.0,3.0,2005,,,0.0,0.0
57.0,1.0,4.0,165.0,57.59999847,21.15702423140496,75.59999847,0.45818180890909094,128.5,77.5,0.0,0.0,1.0,0.0,0.0,0.0,0.0,0.2857142857142857,31920.0,2.0,2005,,1.0,0.0,0.0
32.0,1.0,6.0,164.0,55.09999847,20.48631709919691,74.80000305,0.45609757957317076,131.5,79.5,0.0,0.0,0.0,0.0,1.0,10.0,0.0,1.2857142857142858,960.0,3.0,2005,,1.0,0.0,0.0
26.0,0.0,10.0,161.3000031,49.09999847,18.87177400557442,69.5,0.4308741392702428,119.5,74.0,0.0,0.0,0.0,0.0,0.0,0.0,0.0,2.0,26160.0,1.5,2005,,1.0,0.0,0.0
29.0,0.0,10.0,154.3999939,41.0,17.19844963943558,70.5,0.4566062356560754,121.5,83.0,0.0,0.0,0.0,0.0,0.0,0.0,0.0,1.2857142857142858,12960.0,2.0,2005,3.099999905,1.0,0.0,0.0
37.0,1.0,4.0,169.8000031,64.80000305,22.474996803529063,78.5,0.46230858991073837,157.0,90.0,0.0,0.0,1.0,0.0,0.0,0.0,0.5714285714285714,2.0,26040.0,4.0,2005,,,0.0,0.0
35.0,1.0,0.0,150.6999969,42.0,18.493657216526966,65.40000153,0.4339748034195215,146.0,83.5,0.0,0.0,1.0,0.0,0.0,0.0,0.2857142857142857,0.42857142857142855,26880.0,2.0,2005,,,0.0,0.0
45.0,0.0,0.0,148.3000031,52.29999924,23.780411329973585,73.5,0.49561698222243666,126.0,81.5,0.0,0.0,0.0,0.0,0.0,0.0,0.42857142857142855,1.4285714285714286,15600.0,2.0,2005,,,0.0,0.0
40.0,0.0,6.0,,,,,,,,,0.0,0.0,0.0,1.0,24.0,0.0,0.8571428571428571,23520.0,7.0,2005,,,0.0,0.0
64.0,1.0,0.0,161.0,50.70000076,19.55943087072258,74.0,0.45962732919254656,175.0,92.5,0.0,0.0,1.0,0.0,1.0,2.0,0.14285714285714285,0.5714285714285714,16080.0,4.0,2005,,1.0,0.0,0.0
57.0,0.0,0.0,155.0,58.09999847,24.183141922996878,73.5,0.47419354838709676,171.0,100.5,0.0,0.0,0.0,0.0,0.0,0.0,0.0,1.4285714285714286,14760.0,6.0,2005,,,0.0,0.0
51.0,0.0,0.0,146.6000061,55.0,25.591439347781083,70.5,0.48090038926676415,139.5,80.5,0.0,0.0,1.0,0.0,1.0,0.5,0.14285714285714285,0.5714285714285714,12360.0,5.0,2005,1.5,1.0,0.0,0.0
25.0,1.0,0.0,,,,,,,,,0.0,1.0,0.0,1.0,0.5,0.14285714285714285,1.4285714285714286,20300.0,4.0,2005,,,0.0,0.0
41.0,0.0,1.0,,,,,,,,,0.0,1.0,0.0,0.0,0.0,0.0,0.5714285714285714,5880.0,10.0,2005,,,0.0,0.0
46.0,1.0,7.0,161.1999969,52.59999847,20.242104999213765,77.59999847,0.48138957792994846,168.0,81.0,0.0,0.0,1.0,0.0,1.0,10.0,0.5714285714285714,0.5714285714285714,30600.0,0.3333333333333333,2005,,1.0,0.0,0.0
55.0,1.0,1.0,156.5,53.09999847,21.680326825832665,79.0,0.5047923322683706,157.5,75.5,0.0,0.0,1.0,0.0,0.0,0.0,0.5714285714285714,0.5714285714285714,29760.0,3.0,2005,,1.0,0.0,0.0
44.0,0.0,6.0,154.1999969,47.29999924,19.892639110448243,,,128.5,80.5,0.0,0.0,0.0,0.0,0.0,0.0,0.42857142857142855,0.8571428571428571,9880.0,2.0,2005,2.5,1.0,0.0,0.0
53.0,0.0,0.0,153.6000061,46.90000153,19.878810376006186,71.0,0.4622395649761631,169.5,88.0,0.0,0.0,0.0,0.0,0.0,0.0,0.0,0.5714285714285714,21600.0,4.0,2005,,1.0,0.0,0.0
29.0,1.0,6.0,166.1000061,55.40000153,20.08031308648748,75.0,0.4515352031645711,128.0,75.0,0.0,0.0,1.0,0.0,0.0,0.0,1.2857142857142858,0.5714285714285714,28280.0,0.3333333333333333,2005,,1.0,0.0,0.0
48.0,0.0,1.0,,,,,,,,,0.0,1.0,0.0,0.0,0.0,0.0,3.0,33600.0,2.0,2005,,,0.0,0.0
63.0,0.0,0.0,151.0,47.20000076,20.700846787421604,69.80000305,0.46225167582781457,177.0,92.0,0.0,0.0,0.0,1.0,1.0,2.0,0.0,0.5714285714285714,18480.0,4.0,2005,,1.0,0.0,0.0
52.0,0.0,0.0,143.8000031,37.70000076,18.231548963339595,66.5,0.4624478342587741,190.0,91.0,0.0,0.0,0.0,1.0,0.0,0.0,0.0,2.0,23520.0,5.0,2005,,1.0,0.0,0.0
31.0,1.0,5.0,154.8000031,48.90000153,20.406425717051288,73.30000305,0.47351422210662736,147.5,91.5,0.0,0.0,1.0,0.0,1.0,0.5,0.0,2.0,7560.0,2.0,2005,,1.0,0.0,0.0
32.0,0.0,0.0,145.0,46.5,22.11652794292509,69.5,0.4793103448275862,114.5,79.5,0.0,0.0,0.0,0.0,0.0,0.0,0.14285714285714285,0.42857142857142855,15360.0,2.0,2005,,,0.0,0.0
64.0,0.0,0.0,155.0,,,77.5,0.5,172.0,87.0,0.0,0.0,1.0,0.0,1.0,10.0,0.7142857142857143,1.4285714285714286,13440.0,2.0,2005,4.099999905,1.0,0.0,0.0
26.0,1.0,5.0,,,,,,,,,0.0,1.0,0.0,1.0,10.0,0.8571428571428571,0.8571428571428571,25560.0,3.0,2005,,,0.0,0.0
26.0,1.0,0.0,148.6999969,55.70000076,25.190296663165135,83.40000153,0.5608608155256793,144.5,87.5,0.0,0.0,1.0,0.0,1.0,10.0,5.0,1.2857142857142858,30420.0,3.0,2005,,,0.0,0.0
31.0,1.0,8.0,,,,,,,,,0.0,1.0,0.0,1.0,10.0,0.14285714285714285,0.14285714285714285,22560.0,3.0,2005,,,0.0,0.0
41.0,0.0,5.0,,,,,,,,,0.0,0.0,0.0,0.0,0.0,0.2857142857142857,2.0,27120.0,3.0,2005,,,0.0,0.0
49.0,1.0,7.0,145.5,47.09999847,22.2482013533142,77.5,0.5326460481099656,167.0,92.0,0.0,0.0,0.0,0.0,0.0,0.0,1.0,0.5714285714285714,3500.0,6.0,2005,7.599999905,1.0,0.0,1.0
39.0,0.0,2.0,,,,,,,,,0.0,0.0,0.0,0.0,0.0,0.42857142857142855,0.42857142857142855,4200.0,2.0,2005,,,0.0,0.0
44.0,0.0,2.0,156.5,63.79999924,26.04905602384428,86.0,0.549520766773163,200.0,95.0,0.0,0.0,0.0,1.0,0.0,0.0,2.0,0.42857142857142855,8400.0,1.0,2005,3.0,1.0,0.0,0.0
56.0,0.0,2.0,149.0,48.0,21.620647718571234,78.0,0.5234899328859061,140.0,89.0,0.0,0.0,0.0,1.0,0.0,0.0,2.0,1.1428571428571428,8400.0,3.0,2005,2.200000048,1.0,0.0,0.0
27.0,0.0,9.0,160.5,70.40000153,27.328927914131267,72.5,0.4517133956386293,153.0,87.0,0.0,0.0,0.0,0.0,0.0,0.0,0.0,0.2857142857142857,6720.0,4.0,2005,4.5,1.0,0.0,0.0
26.0,0.0,9.0,160.0,53.29999924,20.820312203124995,67.5,0.421875,107.0,73.5,0.0,0.0,0.0,0.0,0.0,0.0,0.2857142857142857,2.0,11760.0,1.5,2005,3.5,0.0,0.0,0.0
36.0,1.0,7.0,168.1999969,60.59999847,21.42005818895507,77.5,0.46076100730296743,144.0,88.0,0.0,0.0,0.0,0.0,1.0,10.0,0.0,1.0,2520.0,0.5,2005,1.700000048,1.0,0.0,0.0
41.0,1.0,6.0,,,,,,,,,0.0,0.0,0.0,1.0,10.0,0.0,0.2857142857142857,2240.0,1.0,2005,,,0.0,0.0
39.0,0.0,3.0,152.3000031,53.09999847,22.892577031089285,82.0,0.5384110199010232,130.5,76.5,0.0,0.0,0.0,0.0,0.0,0.0,0.2857142857142857,2.0,14880.0,5.0,2005,5.699999809,1.0,0.0,0.0
25.0,0.0,7.0,169.1000061,60.0,20.98282718829071,69.40000153,0.4104080368214723,132.5,81.5,0.0,0.0,0.0,0.0,0.0,0.0,0.2857142857142857,1.4285714285714286,8400.0,6.0,2005,4.699999809,1.0,0.0,0.0
26.0,0.0,12.0,153.3000031,55.59999847,23.65867685067986,77.0,0.5022830948657692,102.5,67.0,0.0,1.0,0.0,0.0,0.0,0.0,0.2857142857142857,0.2857142857142857,5040.0,2.0,2005,3.200000048,1.0,0.0,0.0
64.0,1.0,0.0,167.5,73.19999695,26.090442218756962,95.40000153,0.5695522479402985,203.5,111.5,0.0,0.0,1.0,0.0,0.0,0.0,0.8571428571428571,1.4285714285714286,1080.0,12.0,2005,2.5,1.0,0.0,0.0
36.0,0.0,0.0,151.6999969,53.0,23.030572069008894,75.0,0.49439684596328426,99.5,73.0,0.0,0.0,0.0,0.0,0.0,0.0,0.14285714285714285,0.5714285714285714,18480.0,1.0,2005,4.5,1.0,0.0,0.0
32.0,1.0,14.0,159.8999939,55.70000076,21.785037243720343,57.79999924,0.36147593148845014,127.0,66.0,0.0,0.0,1.0,0.0,1.0,2.0,0.2857142857142857,0.8571428571428571,21120.0,0.5,2005,4.0,1.0,0.0,0.0
49.0,0.0,5.0,150.0,61.5,27.333333333333332,87.0,0.58,181.5,109.5,0.0,0.0,0.0,0.0,0.0,0.0,1.1428571428571428,0.8571428571428571,12480.0,2.0,2005,,1.0,0.0,0.0
25.0,0.0,9.0,151.5,50.5,22.002200220022004,71.0,0.46864686468646866,111.5,73.0,0.0,0.0,0.0,0.0,0.0,0.0,0.14285714285714285,1.1428571428571428,12480.0,2.0,2005,3.799999952,1.0,0.0,0.0
45.0,0.0,2.0,144.0,43.20000076,20.83333369984568,74.0,0.5138888888888888,170.0,113.0,0.0,0.0,0.0,1.0,0.0,0.0,0.2857142857142857,0.8571428571428571,29280.0,0.5,2005,5.5,1.0,0.0,0.0
34.0,1.0,,154.5,57.59999847,24.130454632858896,79.5,0.5145631067961165,125.5,49.5,0.0,0.0,0.0,0.0,1.0,2.0,0.14285714285714285,0.42857142857142855,28560.0,0.5,2005,4.400000095,1.0,0.0,0.0
34.0,0.0,7.0,148.5,50.40000153,22.854811427405362,77.0,0.5185185185185185,156.0,112.0,0.0,1.0,0.0,0.0,0.0,0.0,1.7142857142857142,0.5714285714285714,6960.0,3.0,2005,3.5,1.0,0.0,0.0
26.0,1.0,10.0,165.5,56.5,20.62777813272971,80.0,0.48338368580060426,126.5,89.5,0.0,0.0,0.0,0.0,1.0,0.5,1.2857142857142858,0.5714285714285714,20880.0,3.0,2005,4.300000191,1.0,0.0,0.0
58.0,0.0,0.0,152.0,49.70000076,21.51142692174515,71.5,0.47039473684210525,139.0,92.5,0.0,0.0,0.0,1.0,1.0,0.5,0.8571428571428571,1.4285714285714286,4800.0,2.0,2005,3.400000095,1.0,0.0,0.0
28.0,1.0,10.0,171.8999939,48.29999924,16.345394293841217,67.09999847,0.3903432277550535,129.0,81.5,0.0,0.0,0.0,0.0,1.0,0.5,0.8571428571428571,1.7142857142857142,4320.0,2.0,2005,,0.0,0.0,0.0
36.0,1.0,3.0,161.3000031,48.70000076,18.71803334119376,69.19999695,0.42901423199042704,113.0,69.0,0.0,0.0,0.0,0.0,0.0,0.0,0.5714285714285714,1.7142857142857142,12960.0,1.0,2005,4.5,0.0,0.0,0.0
55.0,0.0,0.0,154.1000061,68.69999695,28.93019799756885,86.5,0.5613237934842625,137.5,91.5,0.0,1.0,0.0,0.0,0.0,0.0,0.2857142857142857,0.2857142857142857,4320.0,1.0,2005,5.599999905,0.0,0.0,0.0
35.0,0.0,5.0,153.0,45.5,19.43696868725704,73.5,0.4803921568627451,119.0,79.0,0.0,0.0,0.0,0.0,0.0,0.0,0.8571428571428571,1.1428571428571428,2400.0,1.0,2005,4.300000191,0.0,0.0,0.0
28.0,1.0,6.0,177.1999969,72.30000305,23.025596811857685,84.30000305,0.47573365984635635,141.0,81.5,0.0,0.0,0.0,0.0,1.0,0.5,1.4285714285714286,0.8571428571428571,3840.0,1.0,2005,3.400000095,0.0,0.0,0.0
27.0,1.0,17.0,,,,,,,,,0.0,0.0,0.0,0.0,0.0,2.857142857142857,1.1428571428571428,6720.0,5.0,2005,,,0.0,0.0
31.0,1.0,12.0,171.0,61.40000153,20.997914411271847,75.09999847,0.4391812776023392,131.0,75.0,0.0,0.0,0.0,0.0,0.0,0.0,0.8571428571428571,1.1428571428571428,14280.0,0.25,2005,4.699999809,0.0,0.0,0.0
23.0,0.0,6.0,163.1999969,54.59999847,20.49992811668916,75.19999695,0.4607843037894077,111.0,70.5,0.0,0.0,0.0,0.0,0.0,0.0,0.42857142857142855,0.8571428571428571,5760.0,0.5,2005,4.800000191,1.0,0.0,0.0
38.0,0.0,2.0,,,,,,,,,0.0,0.0,0.0,0.0,0.0,0.14285714285714285,0.42857142857142855,5040.0,4.0,2005,,,0.0,0.0
27.0,0.0,18.0,161.6000061,72.19999695,27.647408763256188,81.90000153,0.5068069210301843,100.0,57.0,0.0,0.0,0.0,0.0,0.0,0.0,0.8571428571428571,0.2857142857142857,120.0,1.0,2005,3.599999905,0.0,0.0,0.0
42.0,1.0,12.0,172.3000031,78.40000153,26.40860742387536,88.5,0.5136389924998208,116.0,70.5,0.0,0.0,0.0,0.0,0.0,0.0,0.5714285714285714,0.2857142857142857,6240.0,3.0,2005,1.299999952,0.0,0.0,0.0
43.0,0.0,8.0,161.3000031,54.70000076,21.02415650945883,61.0,0.37817730209330663,116.0,69.5,0.0,0.0,0.0,0.0,0.0,0.0,1.4285714285714286,0.42857142857142855,5040.0,1.0,2005,3.700000048,1.0,0.0,0.0
29.0,1.0,12.0,164.8999939,61.0,22.43306195939118,81.19999695,0.49241964799126653,119.0,69.5,0.0,0.0,1.0,0.0,1.0,0.5,0.2857142857142857,1.7142857142857142,12480.0,0.5,2005,3.799999952,0.0,0.0,0.0
60.0,1.0,2.0,146.5,48.09999847,22.411442635324814,77.80000305,0.5310580412969284,166.0,91.5,0.0,0.0,0.0,0.0,0.0,0.0,0.42857142857142855,0.2857142857142857,240.0,2.0,2005,7.800000191,1.0,0.0,1.0
32.0,1.0,15.0,165.5,68.5,25.008899152070533,89.5,0.540785498489426,122.5,72.0,0.0,0.0,0.0,0.0,1.0,0.5,0.8571428571428571,0.2857142857142857,240.0,2.0,2005,1.0,0.0,0.0,0.0
44.0,1.0,6.0,160.1000061,51.0,19.896994466559267,69.19999695,0.43222982082072514,126.5,89.5,0.0,0.0,0.0,0.0,1.0,10.0,0.2857142857142857,0.0,1000.0,3.0,2005,,1.0,0.0,0.0
63.0,0.0,0.0,149.5,40.90000153,18.29957227771501,69.5,0.46488294314381273,114.5,58.0,0.0,0.0,0.0,1.0,0.0,0.0,0.0,0.8571428571428571,4320.0,4.0,2005,2.599999905,1.0,0.0,0.0
42.0,0.0,4.0,148.6999969,82.0,37.08445777729539,97.80000305,0.6577001014718918,135.0,86.5,0.0,0.0,0.0,1.0,0.0,0.0,6.0,0.0,1400.0,2.0,2005,,1.0,0.0,0.0
34.0,0.0,1.0,159.5,40.0,15.72311592849913,64.0,0.4012539184952978,112.0,63.5,0.0,0.0,0.0,0.0,0.0,0.0,0.5714285714285714,0.0,15960.0,4.0,2005,2.400000095,1.0,0.0,0.0
38.0,1.0,6.0,153.5,45.40000153,19.268109594796762,72.19999695,0.4703582863192182,120.0,71.5,0.0,0.0,0.0,0.0,1.0,0.5,1.2857142857142858,0.5714285714285714,7000.0,5.0,2005,,1.0,0.0,0.0
28.0,0.0,1.0,155.6999969,50.0,20.62494487612799,74.80000305,0.48041107603901306,111.0,66.0,0.0,0.0,0.0,0.0,0.0,0.0,2.0,0.5714285714285714,11400.0,2.0,2005,,1.0,0.0,0.0
43.0,0.0,3.0,147.5,46.59999847,21.419131729962654,71.0,0.48135593220338985,101.0,77.0,0.0,0.0,0.0,0.0,0.0,0.0,1.4285714285714286,0.2857142857142857,4440.0,3.0,2005,,1.0,0.0,0.0
52.0,0.0,0.0,144.5,44.5,21.312005363920452,75.19999695,0.5204152038062284,145.5,88.5,0.0,0.0,0.0,0.0,0.0,0.0,0.42857142857142855,0.0,9120.0,3.0,2005,,1.0,0.0,0.0
37.0,1.0,5.0,170.6999969,46.5,15.958274326819264,64.5,0.37785589438402617,134.5,80.0,0.0,0.0,1.0,0.0,0.0,0.0,0.42857142857142855,0.5714285714285714,8400.0,2.0,2005,,1.0,0.0,0.0
53.0,1.0,2.0,168.3000031,61.09999847,21.571132745489415,76.19999695,0.452762896889097,138.5,78.0,0.0,0.0,0.0,0.0,0.0,0.0,0.2857142857142857,0.0,12960.0,2.0,2005,1.399999976,1.0,0.0,0.0
30.0,0.0,0.0,142.0,50.29999924,24.945446954969253,73.5,0.5176056338028169,104.0,72.5,0.0,0.0,1.0,0.0,0.0,0.0,0.2857142857142857,1.4285714285714286,13680.0,2.0,2005,2.099999905,1.0,0.0,0.0
44.0,0.0,6.0,156.0,53.5,21.983892176199866,67.19999695,0.4307692112179487,127.0,83.5,0.0,0.0,0.0,0.0,1.0,0.5,0.14285714285714285,0.14285714285714285,8640.0,3.5,2005,1.399999976,1.0,0.0,0.0
50.0,0.0,0.0,141.1999969,35.20000076,17.655226701928207,63.5,0.44971672375440397,205.0,99.5,0.0,0.0,0.0,0.0,0.0,0.0,0.8571428571428571,0.5714285714285714,6000.0,3.0,2005,10.39999962,1.0,0.0,1.0
38.0,0.0,0.0,159.3999939,55.20000076,21.725134949616375,68.0,0.4265997653843072,130.0,75.0,0.0,0.0,0.0,0.0,0.0,0.0,0.8571428571428571,0.0,10080.0,2.0,2005,1.399999976,1.0,0.0,0.0
37.0,0.0,0.0,156.3000031,47.90000153,19.607289175563018,69.5,0.4446577007137628,130.0,70.0,0.0,0.0,0.0,0.0,0.0,0.0,1.1428571428571428,0.5714285714285714,10080.0,3.0,2005,,1.0,0.0,0.0
37.0,1.0,8.0,158.1999969,67.09999847,26.810787405926202,86.59999847,0.5474083449239309,171.5,81.5,0.0,0.0,0.0,0.0,0.0,0.0,0.8571428571428571,0.2857142857142857,11760.0,2.0,2005,,1.0,0.0,0.0
63.0,1.0,0.0,167.1999969,64.09999847,22.929019785101747,87.69999695,0.524521522583832,137.5,67.0,0.0,0.0,1.0,0.0,0.0,0.0,1.1428571428571428,0.5714285714285714,23520.0,1.0,2005,,1.0,0.0,0.0
41.0,1.0,8.0,180.5,81.80000305,25.107236147666146,90.5,0.5013850415512465,129.5,72.5,0.0,0.0,0.0,0.0,1.0,10.0,2.0,0.8571428571428571,12960.0,2.0,2005,1.299999952,1.0,0.0,0.0
60.0,0.0,0.0,153.1999969,48.0,20.451432086999876,78.80000305,0.514360343632618,146.0,74.5,0.0,0.0,0.0,0.0,0.0,0.0,0.42857142857142855,0.8571428571428571,10080.0,2.0,2005,4.599999905,1.0,0.0,0.0
45.0,1.0,14.0,165.0,66.69999695,24.499539742883382,88.0,0.5333333333333333,147.0,90.5,0.0,0.0,0.0,0.0,1.0,10.0,1.1428571428571428,0.14285714285714285,13680.0,1.0,2005,,1.0,0.0,0.0
57.0,1.0,5.0,161.0,66.69999695,25.73203076655993,85.0,0.5279503105590062,133.5,88.5,0.0,0.0,0.0,1.0,0.0,0.0,0.2857142857142857,0.0,7440.0,2.0,2005,2.299999952,1.0,0.0,0.0
25.0,1.0,4.0,169.0,58.59999847,20.51748834774693,76.59999847,0.4532544288165681,124.0,70.5,0.0,0.0,1.0,0.0,1.0,24.0,0.14285714285714285,0.0,34560.0,2.0,2005,,1.0,0.0,0.0
60.0,0.0,0.0,163.0,47.79999924,17.99089135458617,69.0,0.4233128834355828,183.0,106.5,0.0,0.0,0.0,0.0,0.0,0.0,1.2857142857142858,0.0,6720.0,1.0,2005,,0.0,0.0,0.0
26.0,0.0,0.0,,,,,,,,,0.0,0.0,0.0,0.0,0.0,0.42857142857142855,0.14285714285714285,6240.0,2.0,2005,,,0.0,0.0
62.0,0.0,0.0,,,,,,,,,0.0,0.0,0.0,0.0,0.0,0.42857142857142855,1.1428571428571428,4140.0,3.0,2005,,,0.0,0.0
30.0,0.0,0.0,,,,,,,,,0.0,0.0,0.0,0.0,0.0,0.42857142857142855,0.2857142857142857,3600.0,1.0,2005,,,0.0,0.0
33.0,1.0,5.0,,,,,,,,,0.0,0.0,0.0,0.0,0.0,1.7142857142857142,0.2857142857142857,10080.0,3.0,2005,,,0.0,0.0
34.0,0.0,3.0,152.1999969,59.0,25.469635189976113,86.5,0.5683311548083219,121.0,64.5,0.0,0.0,0.0,0.0,0.0,0.0,0.0,2.0,11520.0,2.0,2005,,1.0,0.0,0.0
45.0,0.0,0.0,148.3000031,44.40000153,20.18834253877623,81.5,0.549561687770457,135.5,91.5,0.0,0.0,0.0,1.0,0.0,0.0,0.0,2.0,11160.0,2.0,2005,2.5,1.0,0.0,0.0
30.0,0.0,4.0,148.3000031,51.40000153,23.371189225750964,78.5,0.5293324231899493,118.5,67.5,0.0,0.0,0.0,0.0,0.0,0.0,0.0,2.0,8880.0,2.0,2005,2.0,1.0,0.0,0.0
38.0,0.0,4.0,146.5,51.20000076,23.85584025905951,78.5,0.5358361774744027,142.5,84.5,0.0,0.0,0.0,0.0,0.0,0.0,0.2857142857142857,2.0,14280.0,2.0,2005,,1.0,0.0,0.0
33.0,0.0,4.0,151.3000031,41.90000153,18.303585193148198,74.5,0.4923991967849471,124.0,79.0,0.0,0.0,0.0,0.0,1.0,24.0,0.0,2.0,16080.0,1.5,2005,2.700000048,1.0,0.0,0.0
38.0,0.0,5.0,168.1999969,48.0,16.96638315228399,70.5,0.4191438840626994,106.0,83.0,0.0,0.0,0.0,0.0,0.0,0.0,0.0,2.0,11520.0,3.0,2005,1.600000024,1.0,0.0,0.0
40.0,1.0,0.0,168.5,51.90000153,18.279636707200027,72.5,0.43026706231454004,129.0,80.0,0.0,0.0,0.0,1.0,1.0,24.0,0.0,2.0,26880.0,1.0,2005,4.199999809,0.0,0.0,0.0
45.0,0.0,3.0,151.0,48.90000153,21.4464284592781,75.5,0.5,129.0,83.5,0.0,0.0,0.0,0.0,1.0,24.0,0.0,0.2857142857142857,13440.0,2.0,2005,,1.0,0.0,0.0
40.0,0.0,3.0,152.0,47.09999847,20.38607967018698,74.5,0.4901315789473684,133.5,76.0,0.0,0.0,0.0,0.0,0.0,0.0,2.5714285714285716,0.5714285714285714,12720.0,2.0,2005,5.900000095,1.0,0.0,0.0
30.0,1.0,1.0,159.3000031,44.40000153,17.496509486512803,69.0,0.4331450009871343,119.0,65.0,0.0,0.0,1.0,0.0,1.0,2.0,0.2857142857142857,1.7142857142857142,17040.0,2.0,2005,,1.0,0.0,0.0
25.0,0.0,4.0,148.5,39.59999847,17.957350596877866,67.5,0.45454545454545453,139.5,94.5,0.0,0.0,0.0,0.0,0.0,0.0,0.42857142857142855,0.8571428571428571,22800.0,3.0,2005,4.5,1.0,0.0,0.0
43.0,1.0,5.0,,,,,,,,,0.0,0.0,0.0,1.0,0.5,0.2857142857142857,0.2857142857142857,11520.0,2.0,2005,,,0.0,0.0
39.0,0.0,2.0,158.8000031,61.5,24.387882988466146,82.0,0.5163727858894481,122.0,86.5,0.0,0.0,0.0,1.0,1.0,10.0,0.14285714285714285,2.0,2240.0,4.0,2005,1.200000048,0.0,0.0,0.0
60.0,0.0,0.0,146.6999969,42.20000076,19.60885564839737,78.0,0.5316973527488875,109.5,71.5,0.0,0.0,0.0,1.0,1.0,2.0,0.14285714285714285,1.4285714285714286,900.0,5.0,2005,4.699999809,0.0,0.0,0.0
26.0,1.0,11.0,157.0,50.0,20.28479857195018,69.5,0.4426751592356688,145.5,81.0,0.0,0.0,0.0,0.0,1.0,10.0,0.5714285714285714,1.0,5520.0,2.0,2005,,1.0,0.0,0.0
43.0,0.0,0.0,155.0,52.09999847,21.685743379812692,81.5,0.5258064516129032,151.5,92.5,0.0,0.0,0.0,0.0,1.0,10.0,0.2857142857142857,2.0,2760.0,4.0,2005,1.700000048,1.0,0.0,0.0
27.0,0.0,0.0,151.5,53.29999924,23.22212386149506,75.5,0.49834983498349833,114.0,86.0,0.0,0.0,0.0,0.0,1.0,10.0,0.14285714285714285,2.0,12000.0,1.0,2005,,1.0,0.0,0.0
45.0,1.0,7.0,163.0,47.70000076,17.9532540780609,68.5,0.42024539877300615,155.5,107.5,0.0,0.0,1.0,0.0,1.0,10.0,0.2857142857142857,0.5714285714285714,9480.0,2.0,2005,1.700000048,1.0,0.0,0.0
26.0,0.0,3.0,156.0,46.20000076,18.984221219592374,75.19999695,0.4820512625,133.0,84.5,0.0,0.0,0.0,0.0,0.0,0.0,0.5714285714285714,2.0,3240.0,1.0,2005,,1.0,0.0,0.0
53.0,0.0,0.0,154.0,45.29999924,19.101028520829818,72.5,0.4707792207792208,136.5,89.5,0.0,0.0,0.0,1.0,1.0,24.0,0.2857142857142857,0.8571428571428571,2400.0,3.0,2005,,1.0,0.0,0.0
40.0,1.0,5.0,163.3000031,65.59999847,24.599792469001596,89.0,0.5450091752019078,139.5,90.5,0.0,0.0,0.0,0.0,0.0,0.0,1.4285714285714286,1.1428571428571428,3360.0,4.0,2005,2.400000095,0.0,0.0,0.0
50.0,0.0,0.0,157.1999969,47.40000153,19.181090278775585,78.19999695,0.4974554611457502,141.5,75.0,0.0,0.0,0.0,1.0,0.0,0.0,0.2857142857142857,1.7142857142857142,14400.0,0.5,2005,3.299999952,0.0,0.0,0.0
42.0,1.0,4.0,162.1999969,62.0,23.5662242690722,91.19999695,0.5622687958879979,125.0,87.0,0.0,0.0,0.0,0.0,1.0,10.0,0.5714285714285714,1.4285714285714286,9360.0,1.0,2005,,0.0,0.0,0.0
55.0,1.0,0.0,164.0,57.59999847,21.415823345478888,75.0,0.4573170731707317,90.5,52.5,0.0,0.0,0.0,1.0,0.0,0.0,0.42857142857142855,1.4285714285714286,14400.0,1.0,2005,3.299999952,0.0,0.0,0.0
60.0,1.0,0.0,163.3000031,48.40000153,18.14984787967419,73.0,0.44702999763751994,139.0,82.5,0.0,0.0,1.0,0.0,0.0,0.0,1.1428571428571428,0.8571428571428571,10080.0,2.0,2005,5.900000095,0.0,0.0,0.0
50.0,1.0,0.0,162.0,53.0,20.195092211553114,76.5,0.4722222222222222,126.5,87.0,0.0,0.0,0.0,1.0,1.0,0.5,0.8571428571428571,2.0,16320.0,2.0,2005,1.299999952,1.0,0.0,0.0
45.0,1.0,3.0,158.5,48.59999847,19.34540038014111,75.5,0.47634069400630913,139.0,89.5,0.0,0.0,1.0,0.0,1.0,2.0,0.8571428571428571,2.0,14880.0,1.0,2005,2.200000048,1.0,0.0,0.0
45.0,0.0,0.0,162.1999969,46.20000076,17.560638373249454,68.80000305,0.4241677211154127,138.0,84.5,0.0,0.0,0.0,1.0,0.0,0.0,1.1428571428571428,2.0,13440.0,1.0,2005,1.100000024,1.0,0.0,0.0
35.0,0.0,0.0,155.5,40.90000153,16.914631374779006,67.5,0.4340836012861736,126.5,84.0,0.0,0.0,0.0,0.0,0.0,0.0,1.4285714285714286,2.0,14400.0,2.0,2005,1.399999976,1.0,0.0,0.0
40.0,1.0,8.0,154.3999939,47.5,19.925033118858295,72.40000153,0.46891194553343823,128.5,83.5,0.0,0.0,0.0,0.0,1.0,10.0,1.0,1.4285714285714286,28320.0,3.0,2005,3.5,0.0,0.0,0.0
61.0,1.0,2.0,159.1999969,44.70000076,17.636866217405036,73.19999695,0.4597989847699551,154.5,82.0,0.0,0.0,0.0,1.0,1.0,10.0,0.42857142857142855,0.5714285714285714,1200.0,2.0,2005,3.299999952,1.0,0.0,0.0
58.0,0.0,0.0,144.6000061,41.09999847,19.656454397195052,75.59999847,0.5228215441271686,101.5,77.0,0.0,0.0,1.0,0.0,0.0,0.0,0.2857142857142857,0.5714285714285714,9600.0,1.0,2005,,1.0,0.0,0.0
48.0,0.0,0.0,145.0,48.79999924,23.21046337217598,81.0,0.5586206896551724,123.5,77.5,0.0,0.0,0.0,1.0,0.0,0.0,0.42857142857142855,2.0,720.0,3.0,2005,,1.0,0.0,0.0
55.0,0.0,0.0,162.0,59.0,22.481329065691202,69.40000153,0.4283950711728395,131.0,62.5,0.0,0.0,1.0,0.0,1.0,24.0,0.2857142857142857,1.0,3120.0,1.0,2005,,1.0,0.0,0.0
40.0,1.0,2.0,161.1000061,66.0,25.430378362392357,88.90000153,0.5518311493720048,176.5,105.5,0.0,0.0,1.0,0.0,1.0,10.0,0.7142857142857143,1.1428571428571428,2800.0,3.0,2005,3.400000095,1.0,0.0,0.0
29.0,1.0,2.0,174.3000031,55.70000076,18.33413443255965,70.09999847,0.40218013323718643,126.0,62.5,0.0,0.0,1.0,0.0,1.0,24.0,0.14285714285714285,0.8571428571428571,6240.0,4.0,2005,3.200000048,1.0,0.0,0.0
27.0,0.0,2.0,,,,,,,,,0.0,1.0,0.0,0.0,0.0,1.4285714285714286,2.0,8160.0,4.0,2005,,,0.0,0.0
37.0,0.0,0.0,149.3999939,44.29999924,19.847351412583382,71.5,0.47858101016963966,126.5,86.0,0.0,0.0,0.0,0.0,1.0,2.0,0.5714285714285714,0.8571428571428571,2040.0,5.0,2005,,1.0,0.0,0.0
29.0,0.0,2.0,148.3000031,46.29999924,21.052257026852384,74.09999847,0.4996628248216133,128.0,79.5,0.0,0.0,1.0,0.0,0.0,0.0,1.4285714285714286,2.0,4560.0,0.75,2005,,1.0,0.0,0.0
45.0,1.0,0.0,159.1000061,46.70000076,18.449155656358155,71.5,0.44940287403295076,158.5,70.5,0.0,0.0,1.0,0.0,1.0,0.5,0.5714285714285714,2.0,3120.0,3.0,2005,2.200000048,1.0,0.0,0.0
35.0,1.0,6.0,157.0,52.59999847,21.339607476976752,71.19999695,0.4535031652866242,180.0,102.5,0.0,0.0,0.0,0.0,0.0,0.0,0.5714285714285714,0.8571428571428571,8160.0,4.0,2005,1.299999952,1.0,0.0,0.0
29.0,1.0,5.0,177.1000061,58.0,18.492296205960013,73.0,0.41219648495540057,122.0,65.5,0.0,0.0,0.0,0.0,0.0,0.0,0.2857142857142857,0.2857142857142857,10560.0,3.0,2005,,1.0,0.0,0.0
29.0,0.0,2.0,151.6000061,43.20000076,18.796860438298864,68.5,0.4518469475180318,124.5,78.5,0.0,0.0,0.0,0.0,0.0,0.0,0.8571428571428571,2.0,7440.0,3.0,2005,,1.0,0.0,0.0
45.0,0.0,1.0,149.5,28.79999924,12.885761564188318,62.20000076,0.4160535167892977,95.0,60.5,0.0,0.0,0.0,1.0,0.0,0.0,1.1428571428571428,2.0,16320.0,1.0,2005,1.200000048,1.0,0.0,0.0
60.0,0.0,0.0,147.0,51.29999924,23.740107936507936,83.19999695,0.5659863738095238,167.5,95.0,0.0,0.0,0.0,1.0,1.0,2.0,0.8571428571428571,0.5714285714285714,9720.0,4.0,2005,4.099999905,1.0,0.0,0.0
40.0,0.0,2.0,156.6000061,47.79999924,19.491458628403777,67.09999847,0.4284801778816789,118.0,65.0,0.0,0.0,0.0,1.0,0.0,0.0,0.5714285714285714,2.0,5760.0,1.0,2005,,1.0,0.0,0.0
32.0,1.0,5.0,170.0,63.0,21.79930795847751,81.90000153,0.48176471488235295,138.0,83.5,0.0,0.0,0.0,0.0,1.0,10.0,4.0,2.0,15360.0,1.0,2005,2.099999905,1.0,0.0,0.0
32.0,1.0,9.0,161.0,51.09999847,19.71374502141121,66.0,0.40993788819875776,142.5,75.5,0.0,0.0,0.0,0.0,1.0,2.0,0.8571428571428571,2.0,11040.0,4.0,2005,3.0,1.0,0.0,0.0
40.0,1.0,0.0,172.3999939,58.0,19.514323547598988,77.5,0.44953597878288554,109.0,69.0,0.0,0.0,1.0,1.0,1.0,10.0,1.1428571428571428,2.0,13680.0,3.0,2005,,1.0,0.0,0.0
35.0,0.0,0.0,156.1000061,49.0,20.108989158136616,77.30000305,0.49519538775982147,167.5,94.0,0.0,0.0,0.0,0.0,0.0,0.0,2.0,2.0,21120.0,1.0,2005,,1.0,0.0,0.0
49.0,1.0,2.0,145.1999969,38.09999847,18.07139771914273,68.09999847,0.4690082639388817,142.5,90.5,0.0,0.0,1.0,1.0,0.0,0.0,0.42857142857142855,0.5714285714285714,5760.0,1.0,2005,,1.0,0.0,0.0
25.0,0.0,5.0,154.3000031,53.5,22.47097478684776,72.19999695,0.4679196079031057,123.0,67.0,0.0,0.0,0.0,0.0,0.0,0.0,1.1428571428571428,2.0,8400.0,2.0,2005,3.700000048,1.0,0.0,0.0
60.0,0.0,0.0,152.0,48.0,20.775623268698062,74.0,0.4868421052631579,114.0,73.5,0.0,0.0,0.0,1.0,1.0,0.5,0.8571428571428571,0.7142857142857143,7920.0,2.0,2005,5.900000095,1.0,0.0,0.0
55.0,1.0,0.0,142.6999969,43.0,21.116431513893456,77.19999695,0.5409950849830747,117.0,71.5,0.0,0.0,1.0,1.0,0.0,0.0,0.2857142857142857,1.4285714285714286,7680.0,2.0,2005,2.0,1.0,0.0,0.0
60.0,1.0,3.0,165.6999969,56.79999924,20.687276984525948,76.5,0.46167773947616775,126.0,74.5,0.0,0.0,0.0,0.0,0.0,0.0,0.5714285714285714,0.5714285714285714,12000.0,4.0,2005,,1.0,0.0,0.0
35.0,1.0,4.0,162.5,47.59999847,18.0260349235503,69.80000305,0.4295384803076923,95.0,47.5,0.0,0.0,0.0,0.0,0.0,0.0,3.0,0.2857142857142857,17280.0,1.0,2005,,1.0,0.0,0.0
50.0,1.0,4.0,159.1000061,44.70000076,17.659041936610194,70.5,0.44311751915137104,162.0,66.0,0.0,0.0,1.0,1.0,0.0,0.0,0.2857142857142857,0.5714285714285714,19200.0,2.0,2005,1.899999976,1.0,0.0,0.0
35.0,1.0,4.0,151.3000031,48.90000153,21.361463276047576,74.5,0.4923991967849471,133.0,81.0,0.0,0.0,0.0,0.0,1.0,0.5,0.2857142857142857,2.0,12960.0,3.0,2005,2.900000095,1.0,0.0,0.0
45.0,0.0,0.0,152.1999969,57.70000076,24.908440166416007,81.19999695,0.5335085322199504,159.0,77.0,0.0,0.0,0.0,1.0,1.0,0.5,0.2857142857142857,3.0,20160.0,1.0,2005,3.200000048,1.0,0.0,0.0
50.0,1.0,0.0,154.3000031,45.29999924,19.026825061051635,72.5,0.469863892050693,104.5,64.5,0.0,0.0,0.0,0.0,1.0,2.0,0.2857142857142857,0.8571428571428571,19440.0,2.0,2005,1.600000024,1.0,0.0,0.0
26.0,1.0,2.0,154.8000031,50.29999924,20.990657790247237,66.90000153,0.43217054386480175,127.0,64.0,0.0,0.0,1.0,0.0,0.0,0.0,0.2857142857142857,1.4285714285714286,18240.0,3.0,2005,3.700000048,1.0,0.0,0.0
25.0,1.0,0.0,161.3000031,60.70000076,23.3302796777239,78.5,0.4866707903987635,111.5,66.0,0.0,0.0,0.0,0.0,0.0,0.0,0.2857142857142857,1.4285714285714286,13440.0,1.0,2005,1.299999952,1.0,0.0,0.0
27.0,0.0,0.0,141.8999939,44.5,22.100151833460227,71.0,0.5003523823266351,105.0,73.0,0.0,0.0,0.0,0.0,0.0,0.0,0.14285714285714285,2.0,14400.0,1.0,2005,,1.0,0.0,0.0
35.0,1.0,0.0,142.5,38.0,18.71345029239766,64.09999847,0.4498245506666667,122.5,74.0,0.0,0.0,0.0,0.0,1.0,24.0,0.14285714285714285,2.0,16800.0,3.0,2005,3.900000095,1.0,0.0,0.0
40.0,0.0,0.0,157.1000061,47.70000076,19.327068333036344,70.5,0.44875873496226426,115.5,68.0,0.0,0.0,0.0,0.0,1.0,0.5,0.5714285714285714,1.7142857142857142,11760.0,2.0,2005,1.5,1.0,0.0,0.0
50.0,0.0,0.0,154.0,46.0,19.396188227357058,69.5,0.4512987012987013,124.5,79.0,,0.0,1.0,0.0,0.0,0.0,0.2857142857142857,0.5714285714285714,5760.0,3.0,2005,5.900000095,1.0,0.0,0.0
29.0,1.0,5.0,,,,,,,,,0.0,0.0,0.0,0.0,0.0,5.0,0.2857142857142857,23520.0,2.0,2005,,,0.0,0.0
63.0,1.0,2.0,,,,,,165.0,96.0,,0.0,1.0,0.0,0.0,0.0,0.0,0.0,4160.0,2.0,2005,,,0.0,0.0
36.0,0.0,3.0,144.1000061,44.0,21.189693657109984,71.0,0.4927133726193506,104.5,58.0,0.0,0.0,0.0,0.0,0.0,0.0,0.2857142857142857,0.2857142857142857,8160.0,3.0,2005,3.299999952,1.0,0.0,0.0
45.0,0.0,0.0,155.6999969,54.70000076,22.563690007983187,74.0,0.4752729702848183,122.5,74.0,0.0,0.0,0.0,0.0,0.0,0.0,1.2857142857142858,0.5714285714285714,3840.0,,2005,,1.0,0.0,0.0
27.0,0.0,5.0,148.1999969,41.79999924,19.031800858488076,64.5,0.43522268116862556,116.5,81.0,0.0,0.0,0.0,0.0,0.0,0.0,0.14285714285714285,0.5714285714285714,6720.0,,2005,,1.0,0.0,0.0
50.0,1.0,1.0,157.5,62.20000076,25.074326333081384,62.29999924,0.39555555073015874,116.5,69.5,0.0,0.0,1.0,0.0,0.0,0.0,0.2857142857142857,0.7142857142857143,15360.0,3.0,2005,3.900000095,1.0,0.0,0.0
25.0,1.0,0.0,155.5,46.20000076,19.10650252168609,70.5,0.4533762057877814,134.0,63.5,0.0,0.0,1.0,0.0,0.0,0.0,1.7142857142857142,0.42857142857142855,10560.0,1.0,2005,4.0,1.0,0.0,0.0
28.0,0.0,0.0,146.3999939,50.70000076,23.65515775002628,80.19999695,0.5478142096425319,125.5,87.0,0.0,0.0,0.0,0.0,0.0,0.0,0.5714285714285714,0.8571428571428571,1480.0,1.0,2005,3.5,1.0,0.0,0.0
40.0,0.0,0.0,153.1999969,42.20000076,17.980217700301733,70.90000153,0.46279375303303283,164.5,88.5,0.0,0.0,1.0,0.0,0.0,0.0,0.2857142857142857,0.42857142857142855,21840.0,0.5,2005,,1.0,0.0,0.0
55.0,1.0,0.0,154.5,45.20000076,18.935704804097153,68.19999695,0.4414239284789644,108.0,62.5,0.0,0.0,1.0,0.0,0.0,0.0,2.142857142857143,1.0,8040.0,2.0,2005,2.099999905,1.0,0.0,0.0
30.0,0.0,0.0,145.0,42.40000153,20.166469217598095,68.19999695,0.4703448065517241,146.5,97.0,0.0,0.0,0.0,0.0,0.0,0.0,0.14285714285714285,1.0,2880.0,2.5,2005,4.199999809,1.0,0.0,0.0
50.0,1.0,2.0,165.8000031,63.70000076,23.17236543584183,68.0,0.410132682319594,179.5,79.0,0.0,0.0,0.0,0.0,0.0,0.0,5.0,1.7142857142857142,21600.0,0.5,2005,4.800000191,1.0,0.0,0.0
56.0,0.0,0.0,160.5,45.0,17.468774565464233,71.80000305,0.44735204392523364,146.5,82.5,0.0,0.0,0.0,0.0,0.0,0.0,3.0,1.0,3360.0,2.0,2005,3.099999905,1.0,0.0,0.0
51.0,0.0,0.0,144.8000031,39.09999847,18.64831506775818,66.59999847,0.4599447309680341,137.0,79.0,0.0,0.0,1.0,0.0,0.0,0.0,0.8571428571428571,1.0,16800.0,1.0,2005,2.099999905,1.0,0.0,0.0
55.0,0.0,1.0,154.3999939,45.20000076,18.960242360324635,66.5,0.4306994988812626,140.5,79.5,0.0,0.0,0.0,0.0,0.0,0.0,2.0,2.0,10160.0,2.0,2005,3.400000095,1.0,0.0,0.0
31.0,0.0,1.0,145.6000061,,,66.19999695,0.4546702896738409,116.5,72.5,0.0,0.0,1.0,0.0,0.0,0.0,5.0,2.0,16560.0,3.0,2005,,1.0,0.0,0.0
30.0,1.0,0.0,164.3000031,47.5,17.59618285344425,70.0,0.4260499006649136,129.0,76.5,0.0,0.0,0.0,0.0,0.0,0.0,0.2857142857142857,0.2857142857142857,3000.0,2.6666666666666665,2005,,1.0,0.0,0.0
54.0,0.0,0.0,151.1999969,,,77.0,0.5092592697004216,160.0,68.0,0.0,0.0,0.0,1.0,0.0,0.0,1.0,2.0,2880.0,5.0,2005,3.799999952,0.0,0.0,0.0
30.0,0.0,1.0,153.3999939,56.29999924,23.92531719850922,79.0,0.5149935015740571,125.5,78.5,0.0,0.0,0.0,0.0,0.0,0.0,0.8571428571428571,0.14285714285714285,27440.0,1.0,2005,2.5,1.0,0.0,0.0
45.0,0.0,0.0,153.1999969,47.59999847,20.281002834385482,70.5,0.4601827769358134,182.5,94.0,0.0,0.0,0.0,0.0,0.0,0.0,2.0,2.0,19920.0,1.5,2005,2.799999952,1.0,0.0,0.0
60.0,1.0,3.0,153.5,49.59999847,21.05062057740666,71.5,0.46579804560260585,145.0,79.0,0.0,0.0,0.0,1.0,0.0,0.0,3.0,0.2857142857142857,17760.0,6.0,2005,,1.0,0.0,0.0
50.0,0.0,0.0,161.5,60.40000153,23.1575119209424,70.5,0.43653250773993807,174.5,87.5,0.0,0.0,0.0,0.0,0.0,0.0,0.2857142857142857,1.7142857142857142,36960.0,0.5,2005,,1.0,0.0,0.0
33.0,1.0,4.0,163.1999969,56.40000153,21.17575109056882,75.0,0.4595588322587768,172.5,96.5,0.0,1.0,0.0,0.0,1.0,10.0,0.14285714285714285,2.0,20160.0,0.5,2005,,1.0,0.0,0.0
40.0,0.0,0.0,146.0,36.79999924,17.264026665415653,57.5,0.3938356164383562,127.0,86.0,0.0,0.0,0.0,0.0,0.0,0.0,0.14285714285714285,1.7142857142857142,14400.0,1.0,2005,,1.0,0.0,0.0
29.0,0.0,1.0,144.6999969,47.79999924,22.829208054841462,70.0,0.4837595127826848,107.5,71.0,0.0,0.0,1.0,0.0,0.0,0.0,10.0,2.0,6240.0,2.0,2005,1.899999976,1.0,0.0,0.0
28.0,0.0,2.0,154.3999939,44.20000076,18.540767978874985,66.5,0.4306994988812626,127.5,85.0,0.0,0.0,0.0,0.0,0.0,0.0,1.1428571428571428,2.0,8040.0,4.0,2005,1.299999952,1.0,0.0,0.0
27.0,1.0,4.0,158.1999969,54.20000076,21.65640433549474,74.80000305,0.4728192447265465,127.5,82.5,0.0,0.0,0.0,0.0,0.0,0.0,0.42857142857142855,0.5714285714285714,5760.0,0.5,2005,,1.0,0.0,0.0
42.0,1.0,3.0,162.3999939,60.0,22.749886442960513,74.0,0.4556650417460391,129.0,87.0,0.0,0.0,1.0,0.0,0.0,0.0,0.2857142857142857,0.8571428571428571,8640.0,3.0,2005,2.799999952,1.0,0.0,0.0
33.0,1.0,3.0,165.6999969,58.40000153,21.270018023117302,75.30000305,0.4544357541264384,146.5,76.5,0.0,0.0,0.0,0.0,0.0,0.0,0.2857142857142857,0.14285714285714285,7560.0,1.0,2005,2.0,1.0,0.0,0.0
37.0,0.0,0.0,146.5,51.0,23.762653030320678,74.09999847,0.505802037337884,133.0,90.0,0.0,0.0,1.0,0.0,0.0,0.0,2.0,2.0,11520.0,1.0,2005,4.099999905,1.0,0.0,0.0
50.0,1.0,2.0,150.1999969,42.5,18.838619858088734,69.0,0.45938749283689234,116.0,72.5,0.0,0.0,0.0,0.0,0.0,0.0,2.0,2.0,11520.0,1.0,2005,1.600000024,1.0,0.0,0.0
38.0,0.0,0.0,158.0,52.40000153,20.990226538215026,69.5,0.439873417721519,136.0,72.0,0.0,0.0,1.0,0.0,0.0,0.0,0.0,1.4285714285714286,12000.0,1.0,2005,,1.0,0.0,0.0
32.0,0.0,0.0,153.0,50.09999847,21.402024208637705,71.5,0.4673202614379085,106.5,66.0,0.0,0.0,0.0,0.0,0.0,0.0,0.2857142857142857,1.7142857142857142,16800.0,4.0,2005,,1.0,0.0,0.0
44.0,1.0,7.0,166.6999969,62.5,22.491003535778205,76.5,0.45890822689031496,130.5,90.5,0.0,0.0,0.0,0.0,0.0,0.0,0.8571428571428571,0.2857142857142857,33600.0,3.0,2005,,1.0,0.0,0.0
52.0,0.0,0.0,149.6999969,52.29999924,23.337702528667,78.09999847,0.5217100874235222,166.0,79.5,0.0,0.0,0.0,1.0,0.0,0.0,0.14285714285714285,1.7142857142857142,9600.0,2.0,2005,,1.0,0.0,0.0
40.0,1.0,0.0,166.0,49.5,17.9634199448396,72.40000153,0.4361445875301205,114.5,74.0,0.0,0.0,0.0,0.0,0.0,0.0,0.0,2.0,12000.0,1.0,2005,1.799999952,1.0,0.0,0.0
49.0,1.0,3.0,151.0,49.29999924,21.6218583570896,76.5,0.5066225165562914,107.0,57.5,0.0,0.0,0.0,0.0,0.0,0.0,0.2857142857142857,1.7142857142857142,11520.0,0.5,2005,2.599999905,1.0,0.0,0.0
45.0,0.0,3.0,158.1999969,59.5,23.774096677004128,81.90000153,0.5176991348600968,125.0,75.0,0.0,0.0,0.0,0.0,0.0,0.0,0.42857142857142855,0.2857142857142857,15000.0,4.0,2005,4.300000191,0.0,0.0,0.0
35.0,1.0,0.0,164.3000031,51.90000153,19.22614562138771,70.0,0.4260499006649136,139.0,82.5,0.0,0.0,1.0,0.0,0.0,0.0,0.8571428571428571,0.14285714285714285,10800.0,8.0,2005,5.0,0.0,0.0,0.0
57.0,1.0,1.0,160.1000061,59.09999847,23.05710475551473,81.80000305,0.5109306679158209,206.5,101.0,0.0,0.0,1.0,0.0,1.0,2.0,0.7142857142857143,0.5714285714285714,15120.0,4.0,2005,,1.0,0.0,0.0
60.0,0.0,0.0,150.1999969,44.5,19.725143145528204,70.09999847,0.46671105137685925,125.5,84.0,0.0,0.0,1.0,0.0,0.0,0.0,0.14285714285714285,0.2857142857142857,14520.0,6.0,2005,,1.0,0.0,0.0
32.0,0.0,3.0,153.0,67.0,28.621470374642232,73.0,0.477124183006536,133.5,89.5,0.0,0.0,0.0,0.0,0.0,0.0,0.2857142857142857,0.8571428571428571,9840.0,1.0,2005,,1.0,0.0,0.0
39.0,0.0,2.0,165.0,39.0,14.325068870523417,68.0,0.4121212121212121,122.5,74.5,0.0,0.0,1.0,0.0,0.0,0.0,0.8571428571428571,0.8571428571428571,13440.0,2.0,2005,2.0,1.0,0.0,0.0
32.0,1.0,2.0,156.0,56.0,23.011176857330703,73.5,0.47115384615384615,118.0,63.0,0.0,0.0,0.0,0.0,0.0,0.0,0.5714285714285714,0.5714285714285714,11040.0,0.5,2005,2.200000048,1.0,0.0,0.0
45.0,0.0,0.0,152.0,43.5,18.827908587257618,73.5,0.48355263157894735,142.0,68.5,0.0,0.0,0.0,0.0,0.0,0.0,0.8571428571428571,2.0,19440.0,6.0,2005,,1.0,0.0,0.0
43.0,1.0,7.0,,,,,,,,,0.0,0.0,0.0,0.0,0.0,2.0,0.14285714285714285,33840.0,2.0,2005,,,0.0,0.0
37.0,0.0,4.0,,,,,,,,,0.0,0.0,0.0,0.0,0.0,5.0,0.5714285714285714,10080.0,0.5,2005,,,0.0,0.0
38.0,0.0,2.0,149.0,62.29999924,28.06179867573533,88.0,0.5906040268456376,143.0,81.0,0.0,0.0,0.0,0.0,0.0,0.0,3.0,0.5714285714285714,16560.0,3.0,2005,6.199999809,0.0,0.0,0.0
55.0,1.0,1.0,158.0,81.90000153,32.80724304198045,100.0,0.6329113924050633,153.0,84.5,0.0,0.0,0.0,0.0,1.0,2.0,3.0,0.14285714285714285,9240.0,8.0,2005,,0.0,0.0,0.0
28.0,1.0,5.0,163.1000061,66.30000305,24.923302796601885,82.69999695,0.5070508513610656,123.5,55.5,0.0,0.0,0.0,0.0,0.0,0.0,10.0,0.14285714285714285,15120.0,1.0,2005,2.799999952,1.0,0.0,0.0
27.0,0.0,0.0,,,,,,,,,0.0,0.0,0.0,0.0,0.0,0.14285714285714285,0.2857142857142857,13440.0,2.0,2005,,,0.0,0.0
30.0,1.0,6.0,,,,,,,,,0.0,0.0,0.0,0.0,0.0,0.0,0.5714285714285714,11760.0,0.5,2005,,,0.0,0.0
39.0,1.0,4.0,169.0,55.70000076,19.502118539266835,76.19999695,0.45088755591715973,138.5,82.0,0.0,0.0,0.0,0.0,0.0,0.0,3.0,1.7142857142857142,4080.0,2.0,2005,2.099999905,1.0,0.0,0.0
45.0,0.0,0.0,158.3999939,43.5,17.33719907023956,66.19999695,0.4179292897687416,152.0,78.0,0.0,0.0,1.0,1.0,0.0,0.0,0.8571428571428571,1.2857142857142858,17520.0,0.5,2005,1.600000024,1.0,0.0,0.0
33.0,0.0,0.0,156.6999969,43.20000076,17.593238034971215,70.5,0.4499042845864919,107.5,65.5,0.0,0.0,0.0,0.0,0.0,0.0,0.2857142857142857,2.5714285714285716,5040.0,3.0,2005,,1.0,0.0,0.0
43.0,0.0,0.0,154.3999939,47.90000153,20.092823513233956,67.69999695,0.4384715001598196,142.5,81.0,0.0,0.0,0.0,0.0,0.0,0.0,0.42857142857142855,0.2857142857142857,35160.0,4.0,2005,,1.0,0.0,0.0
37.0,1.0,3.0,171.3000031,58.29999924,19.867984268475045,78.0,0.45534149788932493,145.5,76.0,,0.0,0.0,0.0,0.0,0.0,0.14285714285714285,1.4285714285714286,31920.0,5.0,2005,,1.0,0.0,0.0
25.0,0.0,0.0,150.6999969,45.40000153,19.99076347441952,70.30000305,0.466489744499789,126.5,84.0,0.0,0.0,0.0,0.0,0.0,0.0,0.2857142857142857,0.5714285714285714,11560.0,2.0,2005,4.099999905,0.0,0.0,0.0
27.0,1.0,7.0,159.0,50.5,19.97547565365294,76.5,0.4811320754716981,126.5,72.5,0.0,0.0,1.0,0.0,0.0,0.0,0.14285714285714285,0.14285714285714285,63600.0,1.0,2005,,1.0,0.0,0.0
59.0,0.0,0.0,160.1999969,50.29999924,19.599408817431577,76.0,0.47440700044108425,164.0,66.5,0.0,0.0,1.0,0.0,0.0,0.0,0.42857142857142855,0.0,23280.0,7.0,2005,,1.0,0.0,0.0
43.0,1.0,3.0,159.8000031,45.59999847,17.85711359348928,67.5,0.42240299556039246,132.5,77.5,0.0,0.0,1.0,0.0,0.0,0.0,0.0,0.8571428571428571,19680.0,7.0,2005,,0.0,0.0,0.0
60.0,0.0,0.0,150.1000061,44.79999924,19.884587534002193,,,178.0,80.5,0.0,0.0,1.0,0.0,0.0,0.0,0.0,2.0,16800.0,,2005,4.5,0.0,0.0,0.0
25.0,1.0,1.0,163.8000031,62.5,23.29443633213253,74.80000305,0.4566544666323025,162.5,84.0,0.0,0.0,0.0,0.0,1.0,2.0,0.0,0.5714285714285714,5760.0,0.16666666666666666,2005,2.5,0.0,0.0,0.0
44.0,1.0,3.0,167.1999969,51.70000076,18.493453488468006,,,152.0,82.5,0.0,0.0,0.0,0.0,0.0,0.0,0.14285714285714285,0.5714285714285714,14160.0,2.0,2005,3.0,0.0,0.0,0.0
39.0,1.0,4.0,159.0,52.29999924,20.68747250504331,72.30000305,0.45471700031446544,,,,0.0,0.0,0.0,0.0,0.0,0.0,2.0,13680.0,1.0,2005,,,0.0,0.0
35.0,0.0,5.0,145.8000031,43.20000076,20.322104863457557,72.19999695,0.49519887115832306,93.5,66.5,0.0,0.0,0.0,0.0,0.0,0.0,0.0,2.0,13800.0,1.0,2005,3.200000048,1.0,0.0,0.0
52.0,1.0,2.0,173.6999969,62.5,20.714783371716287,73.0,0.4202648319103108,115.0,75.5,0.0,0.0,0.0,0.0,0.0,0.0,0.0,2.0,16800.0,3.0,2005,,1.0,0.0,0.0
50.0,0.0,0.0,145.8000031,49.5,23.285744746388495,68.59999847,0.47050752408385926,129.5,76.0,0.0,0.0,0.0,1.0,0.0,0.0,0.0,2.0,15120.0,1.0,2005,3.5,0.0,0.0,0.0
60.0,0.0,0.0,149.8999939,79.19999695,35.246981819722116,95.0,0.6337558630147483,128.5,85.0,0.0,0.0,0.0,1.0,0.0,0.0,0.0,2.0,7440.0,2.0,2005,4.300000191,0.0,0.0,0.0
28.0,1.0,4.0,165.0,62.79999924,23.0670336969697,77.0,0.4666666666666667,145.0,73.5,0.0,0.0,1.0,0.0,1.0,0.5,0.0,2.0,18600.0,1.0,2005,2.799999952,0.0,0.0,0.0
38.0,0.0,3.0,157.0,53.40000153,21.664165495557626,66.5,0.42356687898089174,144.5,82.5,0.0,0.0,0.0,0.0,0.0,0.0,0.0,2.0,15120.0,1.0,2005,2.900000095,0.0,0.0,0.0
63.0,1.0,2.0,168.5,62.5,22.01304933564617,76.0,0.45103857566765576,131.5,85.5,0.0,0.0,0.0,1.0,1.0,0.5,0.0,2.0,21840.0,4.0,2005,,0.0,0.0,0.0
27.0,0.0,2.0,153.6000061,46.20000076,19.5821113969883,62.0,0.4036458173031283,109.5,67.0,0.0,0.0,0.0,0.0,0.0,0.0,0.0,2.0,8280.0,2.0,2005,2.900000095,0.0,0.0,0.0
30.0,0.0,0.0,142.1999969,42.5,21.017921042362218,76.0,0.5344585207933995,118.0,67.5,0.0,0.0,0.0,1.0,1.0,0.5,1.4285714285714286,1.1428571428571428,10320.0,5.0,2005,1.299999952,0.0,0.0,0.0
58.0,1.0,7.0,160.3999939,67.09999847,26.080374023488716,89.0,0.5548628639941613,135.5,78.0,0.0,0.0,0.0,1.0,1.0,0.5,0.14285714285714285,0.8571428571428571,13920.0,2.0,2005,1.5,0.0,0.0,0.0
42.0,1.0,3.0,159.0,60.70000076,24.010126482338514,75.5,0.4748427672955975,163.5,89.0,0.0,0.0,0.0,1.0,1.0,10.0,1.1428571428571428,0.5714285714285714,3360.0,2.0,2005,4.599999905,0.0,0.0,0.0
35.0,0.0,0.0,142.3999939,47.0,23.17810449807358,75.90000153,0.5330056515543151,135.0,83.0,0.0,0.0,0.0,0.0,0.0,0.0,0.8571428571428571,1.1428571428571428,8160.0,2.0,2005,,0.0,0.0,0.0
64.0,1.0,2.0,168.1000061,58.5,20.702386279063635,74.5,0.44318856214485286,149.5,85.0,0.0,0.0,1.0,0.0,0.0,0.0,10.0,0.5714285714285714,26880.0,1.0,2005,2.5,1.0,0.0,0.0
50.0,1.0,0.0,157.5,47.20000076,19.02746314336105,65.0,0.4126984126984127,116.5,72.5,0.0,0.0,0.0,0.0,0.0,0.0,0.5714285714285714,1.7142857142857142,11520.0,2.0,2005,3.5,0.0,0.0,0.0
27.0,1.0,3.0,159.0,53.40000153,21.122582781535538,67.0,0.42138364779874216,130.5,76.5,0.0,0.0,0.0,0.0,0.0,0.0,0.2857142857142857,0.5714285714285714,15120.0,4.0,2005,3.700000048,0.0,0.0,0.0
43.0,1.0,4.0,175.0,66.09999847,21.58367296979592,72.0,0.4114285714285714,149.0,87.5,0.0,0.0,1.0,0.0,0.0,0.0,1.7142857142857142,1.4285714285714286,13680.0,4.0,2005,2.299999952,0.0,0.0,0.0
32.0,0.0,2.0,158.1999969,51.0,20.37779715171782,72.0,0.45512011005608305,129.0,84.5,0.0,0.0,0.0,0.0,0.0,0.0,0.42857142857142855,1.4285714285714286,4620.0,3.0,2005,5.099999905,0.0,0.0,0.0
35.0,0.0,0.0,154.5,61.59999847,25.806180693541126,87.0,0.5631067961165048,124.0,71.0,0.0,0.0,0.0,1.0,0.0,0.0,0.8571428571428571,1.7142857142857142,11520.0,0.5,2005,2.799999952,0.0,0.0,0.0
50.0,1.0,0.0,150.5,51.0,22.516307767022443,68.0,0.45182724252491696,146.0,83.5,0.0,0.0,0.0,0.0,1.0,0.5,0.42857142857142855,1.7142857142857142,11520.0,0.5,2005,3.200000048,0.0,0.0,0.0
36.0,1.0,6.0,163.0,55.79999924,21.001919244232,75.5,0.46319018404907975,134.5,83.5,0.0,0.0,0.0,0.0,0.0,0.0,0.14285714285714285,1.1428571428571428,11280.0,2.0,2005,4.800000191,0.0,0.0,0.0
45.0,1.0,0.0,160.3999939,50.40000153,19.589432498638377,65.5,0.40835413024289396,132.5,84.0,0.0,0.0,0.0,0.0,1.0,10.0,0.8571428571428571,1.7142857142857142,8160.0,2.0,2005,4.5,0.0,0.0,0.0
30.0,1.0,3.0,169.1999969,62.40000153,21.79635631190477,78.19999695,0.4621749313400844,147.5,79.0,0.0,0.0,0.0,0.0,1.0,0.5,1.7142857142857142,0.5714285714285714,12000.0,5.0,2005,,0.0,0.0,0.0
30.0,0.0,6.0,154.0,49.09999847,20.703322006240516,68.0,0.44155844155844154,138.5,83.5,0.0,0.0,0.0,0.0,0.0,0.0,0.5714285714285714,0.5714285714285714,14880.0,1.0,2005,,0.0,0.0,0.0
50.0,0.0,0.0,152.3000031,38.0,16.382635635533436,60.0,0.39395928285440723,121.5,73.5,0.0,0.0,0.0,1.0,1.0,0.5,0.5714285714285714,1.7142857142857142,11520.0,2.0,2005,2.599999905,0.0,0.0,0.0
64.0,1.0,0.0,153.3999939,49.79999924,21.163069172050633,81.5,0.5312907642820969,113.5,71.0,0.0,0.0,0.0,0.0,0.0,0.0,0.5714285714285714,1.7142857142857142,16800.0,3.0,2005,3.299999952,1.0,0.0,0.0
54.0,1.0,0.0,155.5,52.20000076,21.587866444722454,77.30000305,0.49710612893890677,133.5,81.5,0.0,0.0,0.0,0.0,0.0,0.0,1.1428571428571428,1.1428571428571428,16800.0,0.5,2005,1.5,1.0,0.0,0.0
33.0,0.0,0.0,158.5,55.09999847,21.932748249062087,74.5,0.47003154574132494,152.5,105.0,0.0,0.0,0.0,1.0,1.0,10.0,0.42857142857142855,0.7142857142857143,2700.0,3.0,2005,4.0,1.0,0.0,0.0
54.0,1.0,2.0,163.0,53.29999924,20.06097302871768,75.5,0.46319018404907975,135.0,85.0,0.0,0.0,0.0,0.0,1.0,2.0,0.42857142857142855,0.5714285714285714,2880.0,2.0,2005,4.199999809,1.0,0.0,0.0
40.0,0.0,3.0,146.3999939,40.79999924,19.036102638179766,64.5,0.44057378884904447,117.0,68.5,0.0,0.0,0.0,0.0,0.0,0.0,0.5714285714285714,0.5714285714285714,6720.0,1.0,2005,5.199999809,1.0,0.0,0.0
35.0,0.0,1.0,149.5,44.40000153,19.86555028690954,67.0,0.44816053511705684,140.5,82.0,0.0,0.0,0.0,0.0,1.0,10.0,0.14285714285714285,0.8571428571428571,6240.0,4.0,2005,3.599999905,1.0,0.0,0.0
60.0,1.0,0.0,160.3999939,41.5,16.130186984410845,64.0,0.3990025089396216,138.0,77.0,0.0,0.0,1.0,0.0,0.0,0.0,0.2857142857142857,1.7142857142857142,11520.0,1.0,2005,,1.0,0.0,0.0
35.0,1.0,2.0,163.3999939,53.5,20.037784890272448,68.0,0.41615668628247116,138.0,87.5,0.0,0.0,0.0,0.0,0.0,0.0,0.14285714285714285,1.1428571428571428,20160.0,0.5,2005,,1.0,0.0,0.0
45.0,1.0,4.0,158.3999939,52.79999924,21.043772361663848,74.0,0.4671717351625479,121.5,83.5,0.0,0.0,0.0,0.0,1.0,10.0,1.4285714285714286,2.0,15120.0,2.0,2005,1.799999952,1.0,0.0,0.0
45.0,1.0,3.0,195.5,44.5,,63.0,0.32225063938618925,142.5,101.0,0.0,0.0,1.0,0.0,1.0,2.0,0.2857142857142857,2.0,13440.0,2.0,2005,4.599999905,0.0,0.0,0.0
45.0,0.0,3.0,148.1999969,76.59999847,34.876457970039226,,,131.5,88.5,0.0,0.0,0.0,0.0,0.0,0.0,0.42857142857142855,1.7142857142857142,11520.0,3.0,2005,3.599999905,1.0,0.0,0.0
64.0,1.0,0.0,164.3000031,55.59999847,20.596794520617696,89.19999695,0.5429092834265442,130.5,67.5,0.0,0.0,1.0,0.0,0.0,0.0,0.8571428571428571,1.7142857142857142,14880.0,2.0,2005,3.200000048,1.0,0.0,0.0
31.0,0.0,1.0,152.1999969,61.5,26.548857020059845,52.0,0.34165572312176573,109.5,65.0,0.0,0.0,0.0,0.0,0.0,0.0,0.2857142857142857,2.0,4560.0,4.0,2005,,0.0,0.0,0.0
35.0,0.0,0.0,159.1999969,50.5,19.92531831847231,75.5,0.47424624039047325,134.5,76.0,0.0,0.0,0.0,1.0,0.0,0.0,0.8571428571428571,1.7142857142857142,11520.0,1.0,2005,5.599999905,0.0,0.0,0.0
56.0,0.0,0.0,149.0,47.59999847,21.440474965091664,76.59999847,0.5140939494630873,111.5,68.0,0.0,0.0,0.0,1.0,0.0,0.0,0.42857142857142855,0.5714285714285714,5040.0,4.0,2005,1.700000048,1.0,0.0,0.0
55.0,0.0,0.0,161.0,52.59999847,20.292426399444466,62.0,0.38509316770186336,122.0,86.0,0.0,0.0,0.0,0.0,0.0,0.0,0.0,0.2857142857142857,31920.0,2.0,2005,2.400000095,1.0,0.0,0.0
25.0,0.0,0.0,143.6000061,44.29999924,21.482993748279068,66.0,0.4596100083313297,111.0,61.0,0.0,0.0,0.0,0.0,0.0,0.0,0.14285714285714285,0.2857142857142857,14280.0,1.0,2005,2.599999905,1.0,0.0,0.0
41.0,1.0,4.0,160.3000031,52.90000153,20.586789462506292,75.0,0.4678727295670277,131.0,80.5,0.0,0.0,0.0,0.0,0.0,0.0,0.8571428571428571,0.8571428571428571,32640.0,0.5,2005,,1.0,0.0,0.0
28.0,1.0,4.0,,,,,,,,,0.0,0.0,0.0,0.0,0.0,3.4285714285714284,0.2857142857142857,5760.0,5.0,2005,,,0.0,0.0
29.0,0.0,6.0,159.0,52.70000076,20.845694695621216,63.0,0.39622641509433965,126.0,79.5,0.0,0.0,0.0,0.0,0.0,0.0,2.0,0.5714285714285714,3120.0,2.0,2005,1.899999976,1.0,0.0,0.0
34.0,0.0,0.0,156.5,93.30000305,38.09368394083843,101.0,0.645367412140575,151.0,105.5,0.0,1.0,0.0,0.0,0.0,0.0,0.8571428571428571,0.2857142857142857,2880.0,0.5,2005,2.099999905,1.0,0.0,0.0
50.0,0.0,0.0,151.5,56.90000153,24.79059853826967,73.0,0.48184818481848185,174.0,107.5,0.0,0.0,0.0,1.0,0.0,0.0,1.4285714285714286,1.7142857142857142,11520.0,2.0,2005,2.299999952,1.0,0.0,0.0
25.0,0.0,7.0,148.0,55.79999924,25.474798776479183,69.0,0.46621621621621623,138.5,80.5,0.0,0.0,0.0,0.0,0.0,0.0,0.2857142857142857,0.5714285714285714,3640.0,3.0,2005,,1.0,0.0,0.0
39.0,1.0,4.0,168.0,60.79999924,21.541949844104312,75.0,0.44642857142857145,133.5,85.5,0.0,0.0,0.0,0.0,0.0,0.0,0.0,1.4285714285714286,23520.0,4.0,2005,,1.0,0.0,0.0
40.0,0.0,1.0,149.3999939,58.20000076,26.074850724903534,82.0,0.5488621375372091,127.0,86.0,0.0,0.0,0.0,0.0,0.0,0.0,0.0,1.1428571428571428,5880.0,1.0,2005,2.200000048,1.0,0.0,0.0
55.0,1.0,12.0,163.3000031,45.70000076,17.1373561089843,66.09999847,0.4047764679436188,118.0,71.0,0.0,0.0,0.0,0.0,1.0,2.0,0.0,2.0,5040.0,0.5,2005,2.5,1.0,0.0,0.0
30.0,0.0,2.0,152.0,44.29999924,19.17416864612188,74.0,0.4868421052631579,130.5,71.0,0.0,0.0,0.0,0.0,0.0,0.0,1.2857142857142858,0.5714285714285714,10080.0,2.0,2005,2.700000048,1.0,0.0,0.0
28.0,0.0,6.0,163.5,59.09999847,22.108127250792585,79.0,0.4831804281345566,120.0,78.0,0.0,0.0,0.0,0.0,0.0,0.0,0.42857142857142855,0.14285714285714285,3600.0,0.5,2005,,1.0,0.0,0.0
50.0,0.0,0.0,162.0,42.59999847,16.23228108139003,66.0,0.4074074074074074,209.5,82.5,0.0,0.0,0.0,0.0,0.0,0.0,0.7142857142857143,1.4285714285714286,10560.0,2.0,2005,,1.0,0.0,0.0
30.0,0.0,7.0,143.0,46.09999847,22.54388892855397,69.0,0.4825174825174825,,,,0.0,0.0,0.0,0.0,0.0,0.42857142857142855,2.0,28080.0,1.0,2005,,,0.0,0.0
47.0,1.0,3.0,168.6999969,59.59999847,20.941900864133505,74.0,0.4386484965015432,147.5,83.5,0.0,0.0,0.0,0.0,0.0,0.0,0.0,0.0,1680.0,2.0,2005,2.400000095,1.0,0.0,0.0
27.0,0.0,3.0,161.3000031,61.59999847,23.676197272793317,75.0,0.46497209273767215,116.5,70.5,0.0,0.0,0.0,0.0,0.0,0.0,0.2857142857142857,0.8571428571428571,4440.0,4.0,2005,,1.0,0.0,0.0
31.0,0.0,0.0,160.5,52.0,20.18613949786978,68.0,0.4236760124610592,,,,0.0,0.0,0.0,0.0,0.0,0.42857142857142855,0.5714285714285714,3600.0,1.5,2005,,,0.0,0.0
25.0,0.0,5.0,153.3999939,55.0,23.372867916188042,65.0,0.4237288304090343,107.5,71.0,0.0,0.0,0.0,0.0,0.0,0.0,0.2857142857142857,2.0,3240.0,5.0,2005,,1.0,0.0,0.0
49.0,1.0,4.0,159.0,54.29999924,21.478580451722635,68.0,0.4276729559748428,165.5,90.5,0.0,0.0,0.0,0.0,0.0,0.0,0.42857142857142855,0.2857142857142857,9360.0,1.0,2005,,1.0,0.0,0.0
42.0,0.0,0.0,148.0,50.0,22.826880934989045,76.0,0.5135135135135135,153.0,91.5,0.0,1.0,0.0,0.0,0.0,0.0,0.2857142857142857,1.4285714285714286,14880.0,3.0,2005,2.400000095,1.0,0.0,0.0
38.0,0.0,6.0,158.0,50.0,20.028841531805796,71.5,0.4525316455696203,104.0,71.0,0.0,1.0,0.0,0.0,0.0,0.0,0.14285714285714285,0.2857142857142857,5040.0,1.5,2005,1.700000048,1.0,0.0,0.0
44.0,1.0,0.0,172.3000031,58.90000153,19.840140144336907,78.5,0.4556006882625529,139.0,90.5,0.0,0.0,0.0,0.0,0.0,0.0,0.2857142857142857,0.2857142857142857,7440.0,1.0,2005,,1.0,0.0,0.0
41.0,1.0,12.0,167.5,53.79999924,19.17576270527957,74.09999847,0.4423880505671642,115.5,81.0,0.0,0.0,0.0,0.0,1.0,10.0,0.2857142857142857,2.0,320.0,1.5,2005,2.099999905,1.0,0.0,0.0
36.0,0.0,4.0,152.5,65.59999847,28.207470452029032,82.0,0.5377049180327869,127.5,79.0,0.0,0.0,0.0,0.0,0.0,0.0,0.0,0.2857142857142857,2520.0,1.0,2005,2.099999905,1.0,0.0,0.0
32.0,0.0,4.0,155.5,68.09999847,28.163479893714918,88.0,0.5659163987138264,134.5,89.5,0.0,0.0,0.0,0.0,1.0,10.0,0.0,1.2857142857142858,2280.0,3.0,2005,1.0,1.0,0.0,0.0
51.0,1.0,8.0,,,,,,,,,0.0,0.0,0.0,0.0,0.0,0.42857142857142855,0.14285714285714285,7200.0,1.0,2005,,,0.0,0.0
30.0,1.0,7.0,160.0,52.09999847,20.351561902343747,73.0,0.45625,113.0,67.5,0.0,0.0,1.0,0.0,0.0,0.0,0.14285714285714285,0.14285714285714285,3360.0,3.0,2005,,1.0,0.0,0.0
41.0,0.0,2.0,163.5,81.5,30.487519756099843,92.5,0.5657492354740061,121.5,87.5,0.0,0.0,0.0,0.0,0.0,0.0,2.0,1.1428571428571428,3720.0,1.0,2005,1.299999952,1.0,0.0,0.0
28.0,1.0,6.0,,,,,,,,,0.0,1.0,0.0,0.0,0.0,2.0,0.5714285714285714,8400.0,2.0,2005,,,0.0,0.0
41.0,0.0,0.0,165.5,55.70000076,20.33570367557799,72.30000305,0.4368580244712991,148.0,93.0,0.0,0.0,0.0,0.0,0.0,0.0,0.8571428571428571,2.0,7000.0,4.0,2005,,1.0,0.0,0.0
44.0,0.0,4.0,154.1999969,83.0,34.906745722966825,97.5,0.6322957325558805,141.5,84.5,0.0,0.0,0.0,0.0,0.0,0.0,0.0,0.0,9240.0,4.0,2005,3.200000048,1.0,0.0,0.0
59.0,0.0,1.0,155.0,52.40000153,21.810614580645158,77.80000305,0.5019355035483871,187.5,113.0,1.0,1.0,0.0,0.0,0.0,0.0,0.0,0.0,1800.0,5.0,2005,,1.0,0.0,0.0
60.0,1.0,1.0,159.3999939,68.80000305,27.077705257540078,96.5,0.6053952552880242,177.0,112.5,0.0,1.0,0.0,0.0,0.0,0.0,0.0,0.14285714285714285,2240.0,1.0,2005,2.5,1.0,0.0,0.0
59.0,1.0,2.0,159.1999969,72.19999695,28.487285580623364,99.19999695,0.6231155708646876,184.5,118.5,0.0,0.0,0.0,0.0,0.0,0.0,6.0,0.8571428571428571,15240.0,1.5,2005,1.0,1.0,0.0,0.0
34.0,0.0,8.0,159.8999939,60.0,23.46682615419089,73.59999847,0.4602876877908374,115.0,86.0,1.0,1.0,0.0,0.0,0.0,0.0,1.1428571428571428,0.8571428571428571,8400.0,1.5,2005,,1.0,0.0,0.0
64.0,1.0,3.0,163.1000061,59.20000076,22.254290748491027,82.19999695,0.5039852475517473,175.5,89.0,0.0,0.0,0.0,0.0,0.0,0.0,0.0,0.42857142857142855,1680.0,2.0,2005,,1.0,0.0,0.0
37.0,0.0,2.0,147.5,46.20000076,21.235277568514793,74.5,0.5050847457627119,118.0,80.0,0.0,0.0,0.0,0.0,0.0,0.0,0.14285714285714285,0.42857142857142855,3360.0,4.0,2005,1.5,1.0,0.0,0.0
49.0,0.0,2.0,,,,,,,,,0.0,0.0,0.0,0.0,0.0,0.42857142857142855,0.14285714285714285,6720.0,4.0,2005,,,0.0,0.0
47.0,1.0,10.0,,,,,,,,,0.0,0.0,0.0,0.0,0.0,0.5714285714285714,0.14285714285714285,1200.0,1.0,2005,,,0.0,0.0
35.0,0.0,0.0,156.0,65.0,26.709401709401707,82.5,0.5288461538461539,121.5,81.5,0.0,0.0,0.0,0.0,0.0,0.0,1.0,0.2857142857142857,23520.0,3.0,2005,2.099999905,1.0,0.0,0.0
35.0,1.0,10.0,,,,,,,,,0.0,0.0,0.0,1.0,24.0,0.42857142857142855,0.2857142857142857,1920.0,2.0,2005,,,0.0,0.0
36.0,0.0,5.0,,,,,,,,,0.0,0.0,0.0,0.0,0.0,0.14285714285714285,0.8571428571428571,4620.0,3.0,2005,,,0.0,0.0
39.0,1.0,6.0,163.5,49.79999924,18.62918356666573,69.69999695,0.4262996755351682,120.5,84.0,0.0,0.0,0.0,0.0,1.0,24.0,0.5714285714285714,0.5714285714285714,3080.0,1.0,2005,3.700000048,1.0,0.0,0.0
31.0,0.0,0.0,155.1000061,68.69999695,28.55834843190208,76.0,0.49000642818156537,121.5,79.5,0.0,1.0,0.0,0.0,0.0,0.0,3.0,0.5714285714285714,1440.0,3.0,2005,1.700000048,1.0,0.0,0.0
24.0,1.0,5.0,165.5,60.90000153,22.23418973174761,77.5,0.46827794561933533,177.5,95.5,0.0,0.0,1.0,0.0,1.0,0.5,1.1428571428571428,0.2857142857142857,1440.0,3.0,2005,,1.0,0.0,0.0
26.0,1.0,15.0,174.6000061,59.59999847,19.550494176678118,73.5,0.4209621846055594,139.0,84.5,0.0,0.0,1.0,0.0,0.0,0.0,2.0,0.14285714285714285,300.0,0.5833333333333334,2005,,,0.0,0.0
45.0,0.0,2.0,156.1999969,41.40000153,16.96829927375601,66.59999847,0.42637643912782947,91.5,73.0,0.0,1.0,0.0,0.0,0.0,0.0,2.0,0.14285714285714285,6720.0,0.5,2005,7.099999905,1.0,0.0,1.0
31.0,0.0,10.0,166.0,51.29999924,18.616634939759038,67.09999847,0.40421685825301207,139.0,86.0,0.0,0.0,0.0,0.0,0.0,0.0,2.0,0.2857142857142857,2240.0,1.0,2005,,1.0,0.0,0.0
44.0,1.0,3.0,176.6000061,74.09999847,23.759471196520128,80.0,0.4530011168555673,164.0,102.5,0.0,0.0,0.0,0.0,0.0,0.0,2.5714285714285716,0.14285714285714285,30240.0,0.5,2005,,1.0,0.0,0.0
52.0,0.0,6.0,150.3000031,41.70000076,18.459421383376668,63.5,0.4224883479060953,124.0,81.0,0.0,0.0,0.0,0.0,1.0,0.5,0.8571428571428571,0.14285714285714285,1440.0,2.0,2005,2.400000095,1.0,0.0,0.0
60.0,0.0,0.0,153.0,80.40000153,34.34576510316545,102.5,0.6699346405228758,187.0,112.5,0.0,0.0,0.0,0.0,0.0,0.0,0.2857142857142857,0.5714285714285714,3840.0,3.0,2005,,1.0,0.0,0.0
33.0,0.0,2.0,142.1999969,56.29999924,27.842563263797008,86.90000153,0.6111111351929994,119.5,74.0,0.0,0.0,0.0,0.0,0.0,0.0,3.0,0.14285714285714285,7200.0,3.0,2005,2.5,1.0,0.0,0.0
60.0,0.0,0.0,162.0,54.0,20.576131687242793,71.19999695,0.43950615401234566,184.0,89.5,0.0,0.0,0.0,0.0,0.0,0.0,0.8571428571428571,0.5714285714285714,17280.0,2.0,2005,10.5,1.0,0.0,1.0
39.0,1.0,10.0,166.3999939,73.40000153,26.508762666236215,96.19999695,0.5781250028639574,188.5,120.5,0.0,0.0,0.0,0.0,1.0,24.0,0.5714285714285714,0.42857142857142855,0.0,3.0,2005,2.5,1.0,0.0,0.0
49.0,0.0,0.0,152.5,56.09999847,24.122547044342923,74.0,0.4852459016393443,194.5,112.5,0.0,0.0,0.0,0.0,0.0,0.0,0.8571428571428571,0.2857142857142857,7200.0,2.0,2005,3.200000048,1.0,0.0,0.0
62.0,0.0,0.0,145.1999969,34.40000153,16.316433967241267,70.19999695,0.48347106369669623,153.5,90.0,0.0,0.0,0.0,1.0,0.0,0.0,1.7142857142857142,0.2857142857142857,960.0,4.0,2005,2.099999905,1.0,0.0,0.0
32.0,0.0,8.0,160.8999939,61.29999924,23.67818524218777,74.19999695,0.46115599604133983,130.5,91.5,0.0,0.0,0.0,0.0,1.0,0.5,1.1428571428571428,0.42857142857142855,720.0,0.5,2005,3.099999905,1.0,0.0,0.0
28.0,1.0,12.0,181.0,72.5,22.12997161258814,75.80000305,0.4187845472375691,141.5,92.5,0.0,0.0,0.0,0.0,0.0,0.0,0.8571428571428571,0.5714285714285714,1200.0,2.0,2005,,1.0,0.0,0.0
26.0,1.0,3.0,147.8000031,63.20000076,28.931316552947912,69.0,0.4668470808712723,147.0,85.0,0.0,0.0,1.0,0.0,0.0,0.0,0.0,2.0,12000.0,2.0,2005,,1.0,0.0,0.0
26.0,0.0,2.0,157.6000061,58.09999847,23.391801020869654,70.09999847,0.4447969273904743,175.5,107.5,0.0,0.0,0.0,0.0,1.0,0.5,0.0,2.0,12000.0,2.0,2005,3.900000095,1.0,0.0,0.0
39.0,1.0,10.0,163.3000031,53.29999924,19.987331562234147,67.0,0.4102878060508745,120.5,81.5,0.0,0.0,1.0,0.0,0.0,0.0,0.0,2.0,12960.0,3.0,2005,,1.0,0.0,0.0
60.0,1.0,2.0,149.6000061,43.70000076,19.526221973493534,68.09999847,0.4552138749545145,123.0,78.5,0.0,0.0,0.0,1.0,1.0,10.0,0.0,2.0,17760.0,1.0,2005,,1.0,0.0,0.0
61.0,1.0,3.0,150.8999939,39.20000076,17.21502394040942,65.0,0.43074885770422816,143.5,85.5,0.0,0.0,1.0,0.0,1.0,2.0,0.0,2.0,15360.0,2.0,2005,,1.0,0.0,0.0
42.0,1.0,3.0,152.3999939,51.09999847,22.00143399427297,72.0,0.47244096379192835,125.5,71.0,0.0,0.0,1.0,0.0,1.0,10.0,0.0,2.0,18480.0,0.5,2005,3.099999905,1.0,0.0,0.0
32.0,0.0,2.0,151.1999969,47.29999924,20.689860822218673,67.0,0.4431217022068603,144.5,109.0,0.0,0.0,0.0,1.0,0.0,0.0,0.0,2.0,16560.0,3.0,2005,1.299999952,1.0,0.0,0.0
53.0,1.0,4.0,171.6999969,61.0,20.691370648131432,78.0,0.4542807303917895,171.0,89.0,0.0,0.0,0.0,0.0,1.0,10.0,0.5714285714285714,0.42857142857142855,16920.0,3.0,2005,1.0,1.0,0.0,0.0
25.0,1.0,5.0,159.1000061,51.09999847,20.187404935123467,65.0,0.4085480673026825,133.5,70.5,0.0,0.0,1.0,1.0,1.0,10.0,0.14285714285714285,0.14285714285714285,8160.0,2.0,2005,,1.0,0.0,0.0
47.0,1.0,4.0,163.1999969,60.09999847,22.56493924858032,73.09999847,0.44791666579988765,147.5,85.5,0.0,0.0,1.0,1.0,1.0,10.0,0.14285714285714285,1.1428571428571428,18960.0,1.5,2005,1.799999952,1.0,0.0,0.0
33.0,0.0,6.0,148.5,48.90000153,22.174608727000642,68.0,0.45791245791245794,151.0,94.0,0.0,0.0,0.0,0.0,1.0,2.0,0.42857142857142855,0.5714285714285714,13440.0,3.0,2005,,1.0,0.0,0.0
31.0,1.0,4.0,164.3000031,50.79999924,18.81865422277619,66.0,0.40170419205549,126.5,71.5,0.0,0.0,0.0,0.0,0.0,0.0,0.8571428571428571,0.42857142857142855,5760.0,1.0,2005,3.400000095,1.0,0.0,0.0
46.0,1.0,3.0,162.0,54.70000076,20.842859609815573,76.0,0.4691358024691358,183.0,100.5,0.0,0.0,1.0,0.0,1.0,10.0,0.5714285714285714,0.5714285714285714,13440.0,0.3333333333333333,2005,,1.0,0.0,0.0
25.0,1.0,5.0,161.8000031,59.09999847,22.575138241351702,73.0,0.45117428060172887,149.5,87.5,0.0,0.0,1.0,0.0,0.0,0.0,0.2857142857142857,0.5714285714285714,5520.0,2.0,2005,1.600000024,1.0,0.0,0.0
37.0,1.0,4.0,165.0,61.90000153,22.736456025711664,73.0,0.44242424242424244,142.0,84.0,0.0,0.0,0.0,0.0,0.0,0.0,0.2857142857142857,0.42857142857142855,4560.0,1.0,2005,1.5,1.0,0.0,0.0
47.0,1.0,7.0,164.3999939,51.0,18.869768924775393,65.0,0.3953771436240911,135.0,91.5,0.0,0.0,0.0,0.0,1.0,10.0,0.7142857142857143,2.0,2320.0,1.0,2005,,1.0,0.0,0.0
50.0,0.0,3.0,159.6999969,49.5,19.40865246387081,72.0,0.45084534375466856,165.0,85.0,0.0,0.0,0.0,0.0,1.0,24.0,2.0,0.7142857142857143,10080.0,5.0,2005,5.400000095,1.0,0.0,0.0
47.0,1.0,5.0,163.1999969,57.09999847,21.438569540276053,74.0,0.45343138116199316,136.5,88.0,0.0,0.0,0.0,1.0,1.0,10.0,0.14285714285714285,1.7142857142857142,1200.0,1.0,2005,,1.0,0.0,0.0
60.0,0.0,0.0,152.1999969,35.40000153,15.281781774469426,59.0,0.38764783969584954,154.5,83.5,0.0,0.0,1.0,0.0,0.0,0.0,0.14285714285714285,1.7142857142857142,9600.0,2.0,2005,,1.0,0.0,0.0
25.0,0.0,9.0,157.5,52.40000153,21.123709359536406,70.0,0.4444444444444444,113.0,66.5,0.0,0.0,0.0,0.0,0.0,0.0,0.42857142857142855,0.8571428571428571,8000.0,1.0,2005,3.299999952,1.0,0.0,0.0
31.0,1.0,4.0,157.1000061,48.5,19.651211723634,68.19999695,0.43411835965549334,131.0,73.0,0.0,0.0,1.0,0.0,1.0,10.0,0.5714285714285714,1.1428571428571428,9840.0,2.0,2005,,1.0,0.0,0.0
30.0,1.0,7.0,161.3999939,66.30000305,25.45109783720385,86.0,0.5328376905223663,139.5,83.5,0.0,0.0,0.0,0.0,0.0,0.0,0.2857142857142857,1.7142857142857142,23520.0,6.0,2005,3.0,1.0,0.0,0.0
50.0,1.0,11.0,160.3999939,50.5,19.62829982440356,70.0,0.4364089941527111,125.5,78.5,0.0,0.0,0.0,0.0,0.0,0.0,0.8571428571428571,1.7142857142857142,18720.0,1.0,2005,,1.0,0.0,0.0
54.0,1.0,3.0,154.0,47.0,19.81784449316917,73.0,0.474025974025974,138.0,79.5,0.0,0.0,1.0,0.0,1.0,10.0,0.14285714285714285,2.0,11760.0,2.0,2005,4.699999809,1.0,0.0,0.0
26.0,0.0,5.0,156.3000031,53.0,21.694912173520343,69.0,0.441458724449635,122.5,68.0,0.0,0.0,0.0,0.0,0.0,0.0,0.2857142857142857,0.42857142857142855,4800.0,3.0,2005,,1.0,0.0,0.0
45.0,0.0,0.0,144.3000031,32.70000076,15.704173398575488,57.0,0.3950103865243784,123.5,74.0,0.0,0.0,0.0,1.0,0.0,0.0,0.14285714285714285,1.7142857142857142,14400.0,2.0,2005,,1.0,0.0,0.0
49.0,0.0,0.0,155.5,64.5,26.6746621726409,85.0,0.5466237942122186,183.5,118.0,0.0,0.0,0.0,1.0,1.0,2.0,0.14285714285714285,1.7142857142857142,14400.0,3.0,2005,1.700000048,1.0,0.0,0.0
40.0,0.0,6.0,157.3000031,56.59999847,22.874886985159915,69.59999847,0.44246660583822967,142.0,95.5,0.0,0.0,0.0,1.0,0.0,0.0,0.2857142857142857,1.7142857142857142,14880.0,2.0,2005,2.799999952,1.0,0.0,0.0
50.0,1.0,3.0,163.0,49.79999924,18.74364832699763,74.5,0.4570552147239264,148.0,94.0,0.0,0.0,0.0,0.0,0.0,0.0,3.5714285714285716,1.4285714285714286,12480.0,1.0,2005,,1.0,0.0,0.0
42.0,1.0,8.0,120.5,67.40000153,46.417934629224696,78.40000153,0.6506224193360995,113.5,68.5,0.0,0.0,0.0,0.0,1.0,24.0,0.8571428571428571,0.2857142857142857,10800.0,0.5,2005,3.799999952,1.0,0.0,0.0
38.0,0.0,6.0,162.3999939,59.40000153,22.52238815865301,71.40000153,0.43965519834911765,123.0,77.0,0.0,0.0,0.0,0.0,0.0,0.0,0.8571428571428571,0.42857142857142855,3720.0,0.25,2005,2.799999952,1.0,0.0,0.0
55.0,0.0,0.0,153.1000061,58.79999924,25.08573929106984,80.0,0.5225342704934092,123.5,68.0,0.0,0.0,1.0,0.0,1.0,2.0,1.2857142857142858,0.42857142857142855,1560.0,0.16666666666666666,2005,2.099999905,1.0,0.0,0.0
43.0,0.0,1.0,172.0,53.5,18.084099513250408,67.59999847,0.3930232469186047,142.0,85.5,0.0,0.0,0.0,0.0,0.0,0.0,0.2857142857142857,0.14285714285714285,6600.0,0.25,2005,4.0,1.0,0.0,0.0
31.0,1.0,11.0,172.0,60.09999847,20.31503463696593,74.59999847,0.4337209213372093,124.0,69.5,0.0,0.0,1.0,0.0,1.0,24.0,0.2857142857142857,0.14285714285714285,1740.0,0.3333333333333333,2005,5.0,1.0,0.0,0.0
26.0,1.0,11.0,178.0,53.29999924,16.822370672894834,67.80000305,0.3808988935393258,119.0,75.5,0.0,0.0,0.0,0.0,1.0,10.0,1.2857142857142858,0.5714285714285714,5880.0,0.5,2005,3.900000095,1.0,0.0,0.0
31.0,1.0,9.0,160.0,50.5,19.726562499999996,77.0,0.48125,120.0,65.5,0.0,0.0,1.0,0.0,0.0,0.0,1.2857142857142858,0.42857142857142855,160.0,0.25,2005,4.0,1.0,0.0,0.0
28.0,1.0,0.0,164.3999939,60.0,22.199728146794577,77.0,0.4683698470623848,126.0,56.5,0.0,0.0,1.0,0.0,1.0,24.0,0.8571428571428571,0.14285714285714285,23920.0,0.16666666666666666,2005,5.0,1.0,0.0,0.0
28.0,0.0,3.0,149.8999939,45.09999847,20.071198072711354,83.5,0.5570380480182261,110.5,63.0,0.0,0.0,0.0,0.0,0.0,0.0,0.8571428571428571,1.1428571428571428,7800.0,0.3333333333333333,2005,3.0,1.0,0.0,0.0
37.0,1.0,17.0,184.1999969,110.5999985,32.59686876214801,116.5,0.6324647229133585,117.0,66.0,0.0,0.0,0.0,0.0,1.0,10.0,1.2857142857142858,0.14285714285714285,13920.0,1.5,2005,3.799999952,0.0,0.0,0.0
30.0,0.0,7.0,164.1000061,83.40000153,30.97054616584788,91.5,0.5575868165674615,111.5,79.5,0.0,0.0,0.0,0.0,1.0,2.0,0.14285714285714285,0.14285714285714285,12960.0,0.5,2005,4.099999905,0.0,0.0,0.0
42.0,0.0,6.0,146.0,82.69999695,38.79714625164196,101.0999985,0.6924657431506849,114.5,74.0,0.0,0.0,0.0,0.0,1.0,2.0,0.14285714285714285,0.5714285714285714,25440.0,0.5,2005,5.699999809,0.0,0.0,0.0
37.0,0.0,5.0,158.1999969,90.80000305,36.28047144173058,100.5,0.6352718202866159,137.5,93.0,0.0,1.0,0.0,0.0,0.0,0.0,0.5714285714285714,1.0,13680.0,0.16666666666666666,2005,4.5,1.0,0.0,0.0
41.0,1.0,9.0,179.0,96.40000153,30.08645221122936,104.4000015,0.5832402318435754,145.0,88.5,0.0,0.0,0.0,0.0,1.0,0.5,0.8571428571428571,0.2857142857142857,13680.0,4.0,2005,5.599999905,0.0,0.0,0.0
32.0,0.0,7.0,,,,,,,,,0.0,0.0,0.0,1.0,2.0,0.0,0.8571428571428571,16920.0,2.5,2005,,,0.0,0.0
35.0,1.0,7.0,177.0,59.79999924,19.087745935076125,75.0,0.423728813559322,110.0,61.5,0.0,0.0,0.0,0.0,1.0,2.0,0.0,0.0,32200.0,2.0,2005,1.399999976,1.0,0.0,0.0
44.0,1.0,7.0,154.0,48.09999847,20.281665740428405,73.40000153,0.47662338655844155,121.5,69.0,0.0,0.0,0.0,0.0,0.0,0.0,0.8571428571428571,0.14285714285714285,26880.0,1.0,2005,2.5,1.0,0.0,0.0
35.0,0.0,3.0,170.0,61.09999847,21.141867982698965,73.0,0.4294117647058823,126.5,61.5,0.0,1.0,0.0,0.0,0.0,0.0,0.8571428571428571,0.14285714285714285,8400.0,1.0,2005,3.5,1.0,0.0,0.0
58.0,1.0,5.0,158.0,51.40000153,20.58964970757891,73.19999695,0.46329111993670885,219.5,115.0,0.0,1.0,0.0,0.0,0.0,0.0,0.8571428571428571,0.2857142857142857,17640.0,1.0,2005,2.0,1.0,0.0,0.0
34.0,1.0,6.0,156.3000031,45.20000076,18.502076353419863,68.0,0.43506077192137943,127.0,85.0,0.0,0.0,1.0,0.0,1.0,10.0,0.42857142857142855,0.2857142857142857,5640.0,0.5,2005,4.800000191,1.0,0.0,0.0
35.0,0.0,3.0,159.3999939,67.40000153,26.526704867451166,89.90000153,0.5639899935403949,234.0,148.0,0.0,1.0,0.0,0.0,1.0,0.5,0.2857142857142857,0.5714285714285714,9240.0,1.0,2005,3.099999905,1.0,0.0,0.0
44.0,1.0,4.0,168.5,68.40000153,24.091081731810615,76.59999847,0.4545993974480712,159.5,101.5,0.0,0.0,0.0,0.0,0.0,0.0,1.2857142857142858,0.5714285714285714,1680.0,4.0,2005,2.700000048,1.0,0.0,0.0
33.0,0.0,2.0,,,,,,,,,0.0,0.0,0.0,1.0,24.0,0.5714285714285714,0.2857142857142857,3120.0,0.5,2005,,,0.0,0.0
45.0,1.0,3.0,167.5,61.0,21.742036088215638,78.5,0.46865671641791046,126.5,80.5,0.0,0.0,0.0,0.0,0.0,0.0,0.5714285714285714,0.2857142857142857,30240.0,1.5,2005,,,0.0,0.0
45.0,1.0,9.0,164.0,57.09999847,21.22992209622249,78.19999695,0.47682924969512197,105.0,57.5,0.0,0.0,1.0,0.0,1.0,24.0,0.2857142857142857,0.2857142857142857,5040.0,2.0,2005,4.599999905,1.0,0.0,0.0
33.0,0.0,4.0,159.0,63.29999924,25.038566211779596,87.5,0.550314465408805,123.0,77.0,0.0,0.0,1.0,0.0,1.0,24.0,0.14285714285714285,0.14285714285714285,6880.0,0.016666666666666666,2005,3.900000095,1.0,0.0,0.0
53.0,1.0,5.0,168.8999939,69.0,24.187435428846523,93.59999847,0.5541740784515209,132.0,70.5,1.0,1.0,0.0,0.0,0.0,0.0,0.8571428571428571,1.1428571428571428,18720.0,0.08333333333333333,2005,5.5,0.0,0.0,0.0
31.0,0.0,3.0,156.0,57.59999847,23.668638424556214,75.0,0.4807692307692308,115.5,69.5,0.0,0.0,0.0,0.0,0.0,0.0,0.5714285714285714,0.14285714285714285,3780.0,1.0,2005,3.900000095,1.0,0.0,0.0
29.0,1.0,14.0,170.0,66.90000153,23.148789456747405,75.0,0.4411764705882353,106.5,58.0,0.0,0.0,0.0,0.0,1.0,2.0,0.8571428571428571,1.1428571428571428,31680.0,1.0,2005,4.0,1.0,0.0,0.0
30.0,0.0,14.0,155.8999939,55.20000076,22.711555893542233,74.59999847,0.4785118754902017,105.5,67.5,0.0,0.0,0.0,0.0,0.0,0.0,0.8571428571428571,1.1428571428571428,2880.0,1.0833333333333333,2005,3.799999952,1.0,0.0,0.0
52.0,1.0,0.0,161.8999939,84.40000153,32.199474923507466,108.5,0.6701667948611331,151.5,85.5,0.0,0.0,0.0,0.0,1.0,2.0,1.1428571428571428,0.2857142857142857,8880.0,1.0,2005,2.5,1.0,0.0,0.0
58.0,0.0,0.0,153.3999939,49.70000076,21.120573694507733,73.0,0.47588007107476166,119.0,73.0,0.0,0.0,1.0,0.0,1.0,2.0,0.5714285714285714,0.8571428571428571,13440.0,1.0,2005,4.900000095,1.0,0.0,0.0
27.0,1.0,10.0,167.3000031,62.59999847,22.365696361035155,76.19999695,0.4554691903051136,119.0,66.0,0.0,0.0,0.0,0.0,0.0,0.0,0.0,0.0,1800.0,9.0,2005,3.799999952,1.0,0.0,0.0
36.0,1.0,5.0,167.1000061,58.79999924,21.058352394009717,70.0,0.4189108165448475,109.5,62.0,0.0,0.0,1.0,0.0,1.0,24.0,0.5714285714285714,0.8571428571428571,9600.0,3.0,2005,4.5,1.0,0.0,0.0
32.0,0.0,5.0,153.0,52.70000076,22.512709111880046,75.0,0.49019607843137253,112.5,74.5,0.0,0.0,0.0,0.0,0.0,0.0,0.2857142857142857,0.5714285714285714,6000.0,4.0,2005,2.599999905,1.0,0.0,0.0
39.0,1.0,10.0,173.1999969,55.90000153,18.63442773010662,77.59999847,0.4480369506865736,106.0,67.5,0.0,0.0,1.0,0.0,1.0,10.0,0.5714285714285714,0.8571428571428571,8040.0,2.0,2005,3.400000095,1.0,0.0,0.0
39.0,0.0,4.0,155.6000061,67.09999847,27.714260251777038,78.09999847,0.5019279910555222,189.0,110.5,0.0,0.0,0.0,0.0,0.0,0.0,0.2857142857142857,0.5714285714285714,9528.0,1.0,2005,4.300000191,1.0,0.0,0.0
35.0,0.0,4.0,143.6000061,54.20000076,26.283934479900473,75.0,0.5222841003765111,125.5,77.5,0.0,0.0,1.0,0.0,1.0,10.0,1.2857142857142858,1.7142857142857142,16200.0,0.6666666666666666,2005,3.700000048,1.0,0.0,0.0
57.0,1.0,4.0,170.3999939,56.09999847,19.320737482693787,74.19999695,0.43544600707875963,179.5,79.0,0.0,0.0,1.0,0.0,1.0,10.0,1.7142857142857142,1.4285714285714286,7560.0,1.0,2005,3.200000048,1.0,0.0,0.0
42.0,0.0,0.0,159.3999939,55.20000076,21.725134949616375,73.0,0.4579673951919769,172.5,83.0,0.0,0.0,0.0,0.0,1.0,2.0,1.7142857142857142,1.4285714285714286,16920.0,1.0,2005,3.900000095,1.0,0.0,0.0
62.0,0.0,0.0,140.8000031,52.09999847,26.280424853023312,85.0,0.6036931685266419,177.5,76.5,0.0,0.0,1.0,1.0,1.0,0.5,0.8571428571428571,1.7142857142857142,6480.0,1.5,2005,2.0,1.0,0.0,0.0
41.0,0.0,7.0,152.0,42.70000076,18.481648528393354,161.3999939,1.061842065131579,164.5,82.5,0.0,0.0,0.0,1.0,1.0,10.0,0.5714285714285714,1.7142857142857142,24240.0,1.3333333333333333,2005,4.199999809,1.0,0.0,0.0
52.0,0.0,0.0,142.8999939,49.40000153,24.191485747590356,79.19999695,0.5542337321961215,205.5,99.5,0.0,0.0,0.0,0.0,0.0,0.0,0.8571428571428571,1.0,10560.0,2.0,2005,,,0.0,0.0
55.0,0.0,0.0,141.3000031,51.70000076,25.89442112518692,84.30000305,0.596602980895476,176.0,92.5,0.0,1.0,0.0,1.0,1.0,24.0,0.14285714285714285,0.42857142857142855,14400.0,2.0,2005,4.300000191,1.0,0.0,0.0
59.0,0.0,0.0,157.3000031,49.09999847,19.843762302716097,74.40000153,0.47298156429597676,157.5,76.0,0.0,0.0,0.0,1.0,1.0,24.0,0.2857142857142857,2.0,12960.0,2.0,2005,5.099999905,1.0,0.0,0.0
36.0,1.0,6.0,164.6000061,47.90000153,17.679738347131273,67.5,0.41008503948044506,102.5,60.0,0.0,0.0,1.0,0.0,1.0,10.0,0.8571428571428571,0.14285714285714285,7680.0,2.0,2005,3.099999905,0.0,0.0,0.0
38.0,1.0,5.0,161.6000061,44.20000076,16.925422991281085,84.19999695,0.5210395654186798,137.5,73.5,0.0,0.0,0.0,0.0,1.0,2.0,0.42857142857142855,1.1428571428571428,11760.0,4.0,2005,4.800000191,1.0,0.0,0.0
37.0,0.0,4.0,157.3000031,58.20000076,23.521527842918,73.19999695,0.4653528004285208,139.0,89.5,0.0,0.0,0.0,0.0,0.0,0.0,0.2857142857142857,1.1428571428571428,10320.0,0.5833333333333334,2005,5.800000191,1.0,0.0,0.0
64.0,0.0,0.0,154.0,48.40000153,20.40816391044021,82.0,0.5324675324675324,151.5,73.5,0.0,0.0,0.0,0.0,1.0,0.5,0.42857142857142855,0.8571428571428571,2360.0,2.0,2005,2.900000095,1.0,0.0,0.0
40.0,0.0,0.0,149.8999939,47.59999847,21.183792238654757,67.19999695,0.4482988638066916,141.5,73.0,0.0,0.0,0.0,0.0,1.0,2.0,0.8571428571428571,1.4285714285714286,12720.0,0.6666666666666666,2005,5.099999905,1.0,0.0,0.0
33.0,0.0,2.0,149.1000061,46.5,20.916914946046166,68.19999695,0.45741109429773524,150.5,80.5,0.0,0.0,0.0,0.0,1.0,10.0,0.42857142857142855,1.4285714285714286,13920.0,0.8,2005,4.300000191,1.0,0.0,0.0
60.0,0.0,2.0,158.1999969,58.5,23.374532026970442,81.0,0.5120101238130934,205.5,88.0,0.0,0.0,1.0,1.0,1.0,10.0,1.4285714285714286,1.1428571428571428,11040.0,1.5,2005,3.599999905,1.0,0.0,0.0
55.0,1.0,1.0,149.8000031,52.5,23.395679253291384,78.40000153,0.5233644853642864,165.5,82.5,0.0,0.0,0.0,1.0,0.0,0.0,1.1428571428571428,0.5714285714285714,12880.0,0.6666666666666666,2005,3.900000095,1.0,0.0,0.0
25.0,0.0,9.0,143.5,38.0,18.45354441598174,67.0,0.46689895470383275,97.0,62.5,0.0,0.0,0.0,0.0,0.0,0.0,0.2857142857142857,1.1428571428571428,14160.0,0.5,2005,5.0,1.0,0.0,0.0
63.0,1.0,3.0,150.8999939,46.5,20.42088259462161,74.69999695,0.4950298208726435,171.0,64.5,0.0,0.0,0.0,1.0,1.0,2.0,0.5714285714285714,0.2857142857142857,20400.0,1.0,2005,2.799999952,1.0,0.0,0.0
49.0,0.0,0.0,140.8999939,38.0,19.140868869584207,64.0,0.45422287275201934,149.5,53.0,0.0,0.0,0.0,1.0,1.0,10.0,0.5714285714285714,0.5714285714285714,21840.0,1.0,2005,4.0,1.0,0.0,0.0
25.0,1.0,4.0,,,,,,,,,0.0,1.0,0.0,1.0,0.5,0.5714285714285714,0.2857142857142857,24480.0,1.0,2005,,,0.0,0.0
25.0,0.0,4.0,150.1000061,43.29999924,19.218808922238914,74.5,0.4963357559783603,108.0,58.0,0.0,0.0,0.0,0.0,0.0,0.0,0.8571428571428571,0.2857142857142857,15480.0,0.5,2005,2.099999905,1.0,0.0,0.0
34.0,0.0,5.0,153.3000031,49.59999847,21.105582156249753,70.19999695,0.4579256068521241,129.0,72.5,0.0,0.0,0.0,1.0,0.0,0.0,0.8571428571428571,1.1428571428571428,13080.0,1.0,2005,4.0,1.0,0.0,0.0
52.0,1.0,6.0,150.5,51.59999847,22.781204829968768,73.80000305,0.49036546877076415,200.0,111.0,0.0,0.0,0.0,1.0,0.0,0.0,0.2857142857142857,0.2857142857142857,19680.0,1.0,2005,5.800000191,1.0,0.0,0.0
62.0,1.0,5.0,167.1999969,63.59999847,22.75016627236857,87.0,0.5203349378770233,123.5,73.0,0.0,0.0,1.0,1.0,0.0,0.0,0.8571428571428571,0.7142857142857143,18000.0,4.0,2005,2.5,1.0,0.0,0.0
62.0,0.0,0.0,154.0,45.09999847,19.016696942992073,68.80000305,0.44675326655844155,170.5,88.5,0.0,0.0,0.0,1.0,1.0,10.0,1.4285714285714286,0.8571428571428571,10560.0,3.0,2005,3.799999952,1.0,0.0,0.0
41.0,0.0,0.0,154.3000031,68.40000153,28.729246912167813,85.0,0.5508749079215022,180.0,96.5,0.0,0.0,0.0,0.0,0.0,0.0,0.0,0.8571428571428571,8160.0,2.0,2005,1.600000024,1.0,0.0,0.0
60.0,1.0,0.0,168.3999939,52.40000153,18.477667880950175,75.0,0.4453681871540733,195.0,94.5,0.0,0.0,0.0,0.0,0.0,0.0,0.0,0.2857142857142857,480.0,1.5,2005,4.900000095,1.0,0.0,0.0
58.0,0.0,0.0,148.3000031,44.79999924,20.370218451072084,70.0,0.4720161735451778,173.5,60.0,0.0,0.0,0.0,1.0,1.0,2.0,0.2857142857142857,0.42857142857142855,12960.0,3.0,2005,3.599999905,1.0,0.0,0.0
35.0,1.0,6.0,162.1999969,56.40000153,21.437662658580567,70.0,0.4315659761889921,127.5,68.0,0.0,1.0,1.0,0.0,1.0,10.0,0.2857142857142857,0.14285714285714285,18600.0,1.0,2005,3.299999952,1.0,0.0,0.0
30.0,1.0,7.0,159.3999939,58.29999924,22.945205319079275,71.0,0.445420343268909,158.0,88.0,0.0,0.0,0.0,0.0,0.0,0.0,2.857142857142857,0.0,8280.0,4.0,2005,8.899999619,1.0,0.0,1.0
28.0,1.0,3.0,147.8000031,45.79999924,20.966048420933813,68.5,0.4634641310098863,139.0,86.0,0.0,0.0,0.0,0.0,0.0,0.0,0.0,0.42857142857142855,14880.0,5.0,2005,4.699999809,1.0,0.0,0.0
28.0,0.0,0.0,151.8999939,49.90000153,21.626440569017433,69.0,0.45424623285649784,143.5,92.5,0.0,0.0,0.0,0.0,0.0,0.0,0.8571428571428571,0.14285714285714285,8400.0,4.0,2005,4.900000095,1.0,0.0,0.0
30.0,1.0,5.0,165.8999939,54.20000076,19.692758386870686,69.0,0.41591321601609776,127.0,76.0,0.0,0.0,1.0,0.0,1.0,10.0,0.0,0.14285714285714285,23280.0,3.0,2005,5.099999905,1.0,0.0,0.0
25.0,0.0,0.0,151.6000061,43.40000153,18.8838832738337,69.5,0.4584432533212147,116.5,75.0,0.0,0.0,0.0,0.0,0.0,0.0,0.14285714285714285,0.2857142857142857,5040.0,5.0,2005,2.200000048,1.0,0.0,0.0
43.0,1.0,4.0,159.3000031,53.20000076,20.964285718569172,70.09999847,0.44005020154327923,133.5,73.5,0.0,0.0,0.0,0.0,0.0,0.0,0.7142857142857143,0.42857142857142855,13920.0,2.0,2005,5.599999905,1.0,0.0,0.0
27.0,1.0,5.0,163.3000031,59.79999924,22.424811055798994,73.5,0.4500918469364071,123.5,66.0,0.0,0.0,1.0,0.0,0.0,0.0,1.2857142857142858,0.2857142857142857,14400.0,0.6666666666666666,2005,2.599999905,0.0,0.0,0.0
45.0,0.0,2.0,153.3000031,63.40000153,26.977701255517292,79.30000305,0.5172863760366095,146.5,79.0,0.0,0.0,0.0,0.0,0.0,0.0,0.5714285714285714,0.5714285714285714,19200.0,2.0,2005,5.199999809,0.0,0.0,0.0
33.0,1.0,6.0,161.5,47.09999847,18.058257424110266,68.90000153,0.4266253964705882,119.0,53.5,0.0,0.0,0.0,0.0,0.0,0.0,1.7142857142857142,1.1428571428571428,22920.0,0.5,2005,5.300000191,0.0,0.0,0.0
31.0,1.0,8.0,176.0,56.0,18.078512396694215,83.5,0.4744318181818182,164.0,106.5,0.0,0.0,0.0,0.0,1.0,2.0,0.8571428571428571,0.8571428571428571,26880.0,1.5,2005,8.199999809,0.0,0.0,0.0
49.0,1.0,8.0,166.1999969,56.79999924,20.562992030715943,75.0,0.4512635463232069,148.0,84.0,0.0,0.0,0.0,0.0,0.0,0.0,2.2857142857142856,2.142857142857143,14800.0,2.0,2005,4.300000191,0.0,0.0,0.0
50.0,0.0,2.0,154.0,55.20000076,23.275426193287235,82.0,0.5324675324675324,135.5,82.0,0.0,0.0,0.0,0.0,0.0,0.0,4.0,1.7142857142857142,6480.0,2.0,2005,5.300000191,0.0,0.0,0.0
30.0,0.0,3.0,146.8999939,38.20000076,17.701897268995392,62.5,0.4254595139230976,126.0,74.5,0.0,0.0,1.0,1.0,1.0,2.0,0.2857142857142857,0.8571428571428571,23760.0,1.0,2005,3.599999905,1.0,0.0,0.0
46.0,1.0,5.0,162.1999969,61.29999924,23.30015370619025,81.5,0.5024661008486123,152.5,86.5,0.0,0.0,0.0,0.0,0.0,0.0,0.5714285714285714,2.0,16920.0,3.0,2005,4.0,1.0,0.0,0.0
43.0,0.0,4.0,152.1999969,41.79999924,18.04458867091659,68.19999695,0.44809460143950897,131.5,84.0,0.0,0.0,0.0,0.0,0.0,0.0,0.5714285714285714,1.4285714285714286,18120.0,1.0,2005,6.099999905,1.0,0.0,0.0
33.0,1.0,5.0,156.5,48.5,19.80218232297972,67.30000305,0.43003196837060703,130.0,82.5,0.0,0.0,0.0,0.0,0.0,0.0,0.8571428571428571,0.8571428571428571,8640.0,2.0,2005,4.0,1.0,0.0,0.0
32.0,0.0,7.0,144.0,43.59999847,21.026233830054014,66.19999695,0.45972220104166667,135.5,71.5,0.0,0.0,1.0,1.0,0.0,0.0,0.2857142857142857,1.1428571428571428,14400.0,2.0,2005,3.799999952,1.0,0.0,0.0
28.0,0.0,5.0,144.8999939,42.20000076,20.099058970285963,68.5,0.47273984046730866,134.0,74.0,0.0,0.0,0.0,0.0,0.0,0.0,0.42857142857142855,0.5714285714285714,23640.0,1.0,2005,4.800000191,1.0,0.0,0.0
45.0,1.0,5.0,152.3000031,48.20000076,20.78008026535565,71.5,0.46946814540150195,132.0,72.0,0.0,0.0,1.0,0.0,1.0,24.0,0.8571428571428571,1.4285714285714286,18240.0,2.0,2005,3.599999905,1.0,0.0,0.0
25.0,0.0,3.0,159.5,60.09999847,23.62398108116076,81.30000305,0.509717887460815,126.5,72.5,0.0,0.0,0.0,0.0,1.0,2.0,0.8571428571428571,1.1428571428571428,13040.0,2.0,2005,4.199999809,1.0,0.0,0.0
36.0,1.0,6.0,168.3000031,55.20000076,19.488159963370887,71.0,0.4218657082128123,144.5,82.5,0.0,0.0,0.0,0.0,0.0,0.0,0.2857142857142857,0.5714285714285714,18120.0,2.0,2005,9.0,1.0,0.0,1.0
33.0,0.0,2.0,,,,,,,,,0.0,0.0,0.0,0.0,0.0,1.1428571428571428,0.8571428571428571,13280.0,2.0,2005,,,0.0,0.0
39.0,1.0,4.0,162.3999939,48.59999847,18.42740743867591,67.40000153,0.41502465555203444,124.0,63.0,0.0,0.0,0.0,0.0,0.0,0.0,0.42857142857142855,1.7142857142857142,6960.0,3.0,2005,6.599999905,1.0,0.0,1.0
38.0,1.0,5.0,166.3999939,51.70000076,18.671703289146677,68.40000153,0.41105771657122636,122.0,66.0,0.0,0.0,1.0,0.0,0.0,0.0,0.5714285714285714,0.5714285714285714,12480.0,2.0,2005,5.300000191,1.0,0.0,0.0
29.0,0.0,1.0,153.8999939,47.40000153,20.0124910387137,72.09999847,0.4684860385169905,105.0,67.0,0.0,0.0,0.0,0.0,0.0,0.0,0.42857142857142855,0.7142857142857143,12480.0,3.0,2005,3.200000048,1.0,0.0,0.0
43.0,1.0,4.0,156.6000061,52.09999847,21.24487407665292,80.0,0.5108556633702456,123.5,72.0,0.0,0.0,1.0,0.0,0.0,0.0,0.8571428571428571,1.4285714285714286,10680.0,4.0,2005,4.599999905,1.0,0.0,0.0
34.0,0.0,2.0,154.3999939,43.09999847,18.07934519868404,68.5,0.443652867268669,123.5,64.0,0.0,0.0,0.0,1.0,1.0,2.0,1.2857142857142858,1.1428571428571428,13760.0,1.5,2005,6.199999809,1.0,0.0,1.0
50.0,0.0,0.0,158.6000061,58.59999847,23.2965282453769,69.0,0.43505672979920523,131.5,75.5,0.0,1.0,0.0,1.0,1.0,2.0,0.8571428571428571,0.8571428571428571,16800.0,3.0,2005,4.699999809,1.0,0.0,0.0
47.0,0.0,0.0,144.6999969,42.70000076,20.39345641822083,66.5,0.45957153714355053,104.0,60.5,0.0,0.0,0.0,1.0,1.0,0.5,0.2857142857142857,0.8571428571428571,16080.0,4.0,2005,3.0,1.0,0.0,0.0
36.0,1.0,6.0,165.3000031,59.29999924,21.702459996216405,74.0,0.4476708929958877,125.5,65.5,0.0,0.0,1.0,0.0,0.0,0.0,1.1428571428571428,1.4285714285714286,28320.0,2.0,2005,4.300000191,1.0,0.0,0.0
27.0,0.0,0.0,155.0,49.40000153,20.561915309053067,72.5,0.46774193548387094,128.0,74.5,0.0,0.0,0.0,0.0,0.0,0.0,0.5714285714285714,1.4285714285714286,22080.0,1.8333333333333333,2005,4.599999905,1.0,0.0,0.0
25.0,1.0,7.0,172.0,60.09999847,20.31503463696593,70.0,0.4069767441860465,147.0,65.5,0.0,0.0,0.0,0.0,1.0,0.5,0.8571428571428571,0.42857142857142855,26160.0,2.0,2005,3.299999952,1.0,0.0,0.0
34.0,1.0,2.0,155.1999969,47.59999847,19.761664518158476,74.5,0.48002578278402014,138.0,65.5,0.0,0.0,0.0,0.0,0.0,0.0,0.5714285714285714,1.1428571428571428,14640.0,1.0,2005,5.099999905,1.0,0.0,0.0
47.0,1.0,0.0,155.5,41.20000076,17.03869925248912,67.90000153,0.43665595839228294,119.0,82.0,0.0,0.0,1.0,0.0,1.0,0.5,0.5714285714285714,1.4285714285714286,28320.0,2.0,2005,4.699999809,1.0,0.0,0.0
35.0,0.0,0.0,147.8000031,37.70000076,17.258079793003105,64.0,0.433017582257412,124.5,82.0,0.0,0.0,1.0,0.0,0.0,0.0,0.0,1.4285714285714286,7200.0,3.0,2005,5.5,1.0,0.0,0.0
35.0,1.0,2.0,167.5,53.29999924,18.997549294720425,69.5,0.41492537313432837,122.0,69.5,0.0,0.0,0.0,0.0,1.0,0.5,0.8571428571428571,0.5714285714285714,21840.0,2.0,2005,5.599999905,1.0,0.0,0.0
34.0,0.0,0.0,160.6000061,64.90000153,25.162488659379434,74.19999695,0.46201739808028564,137.0,81.0,0.0,0.0,0.0,0.0,0.0,0.0,0.14285714285714285,0.5714285714285714,6480.0,3.0,2005,5.199999809,1.0,0.0,0.0
31.0,0.0,5.0,155.3000031,56.90000153,23.59224932753657,75.90000153,0.48873148753980933,125.5,85.0,0.0,0.0,0.0,0.0,0.0,0.0,0.8571428571428571,0.7142857142857143,5880.0,4.0,2005,4.5,1.0,0.0,0.0
26.0,1.0,5.0,163.6000061,54.29999924,20.287717669196507,71.19999695,0.4352077890906631,110.0,63.0,0.0,0.0,0.0,0.0,0.0,0.0,0.5714285714285714,0.5714285714285714,18960.0,1.5,2005,3.5,1.0,0.0,0.0
32.0,1.0,4.0,162.3000031,55.20000076,20.955693001866052,76.19999695,0.4695008964543883,108.5,60.0,0.0,0.0,0.0,0.0,0.0,0.0,2.142857142857143,0.7142857142857143,23280.0,3.0,2005,4.699999809,1.0,0.0,0.0
30.0,0.0,0.0,148.8000031,42.70000076,19.2851047541774,66.5,0.44690859283994194,129.5,85.5,0.0,0.0,0.0,0.0,0.0,0.0,0.2857142857142857,0.5714285714285714,3600.0,3.0,2005,4.0,1.0,0.0,0.0
42.0,1.0,5.0,166.1999969,59.09999847,21.39564813053921,72.59999847,0.436823103635088,134.5,80.5,0.0,0.0,1.0,0.0,1.0,2.0,0.8571428571428571,0.2857142857142857,15960.0,3.0,2005,4.400000095,1.0,0.0,0.0
39.0,0.0,0.0,144.8999939,44.20000076,21.05162098963726,67.80000305,0.4679089434385408,154.5,88.5,0.0,0.0,0.0,0.0,0.0,0.0,0.5714285714285714,0.42857142857142855,14640.0,3.0,2005,6.5,1.0,0.0,1.0
41.0,0.0,0.0,154.6000061,44.29999924,18.534663482500424,67.0,0.4333764382691056,134.5,82.5,0.0,0.0,0.0,0.0,1.0,2.0,1.7142857142857142,0.2857142857142857,14720.0,3.0,2005,4.699999809,1.0,0.0,0.0
45.0,0.0,1.0,,,,,,,,,0.0,0.0,0.0,1.0,2.0,1.7142857142857142,1.1428571428571428,14220.0,2.5,2005,,,0.0,0.0
31.0,1.0,6.0,174.1999969,65.80000305,21.683512159211674,79.0,0.4535017302287908,122.5,67.0,0.0,0.0,0.0,0.0,1.0,2.0,1.1428571428571428,1.1428571428571428,12180.0,1.0,2005,3.700000048,1.0,0.0,0.0
29.0,0.0,6.0,148.1999969,45.70000076,20.807495921310306,68.69999695,0.4635627421527969,140.5,74.0,0.0,0.0,0.0,0.0,1.0,0.5,1.4285714285714286,0.8571428571428571,22080.0,2.0,2005,4.599999905,1.0,0.0,0.0
34.0,1.0,6.0,156.3000031,46.59999847,19.075148567789288,69.30000305,0.4433781297218669,118.5,75.5,0.0,0.0,1.0,0.0,1.0,2.0,2.142857142857143,1.1428571428571428,15120.0,2.5,2005,3.599999905,1.0,0.0,0.0
27.0,0.0,0.0,147.8999939,47.79999924,21.852019406664954,75.5,0.5104800751448848,123.0,71.0,0.0,0.0,0.0,0.0,1.0,10.0,2.5714285714285716,1.4285714285714286,15600.0,2.5,2005,4.099999905,1.0,0.0,0.0
25.0,0.0,0.0,157.1000061,49.09999847,19.894318877609805,73.09999847,0.4653086927537681,102.5,65.5,0.0,0.0,0.0,0.0,1.0,0.5,1.2857142857142858,1.1428571428571428,35520.0,0.5,2005,3.599999905,1.0,0.0,0.0
33.0,1.0,3.0,152.8999939,47.90000153,20.488991916890626,71.0,0.4643558066224357,90.5,55.0,0.0,0.0,0.0,0.0,1.0,2.0,0.8571428571428571,0.5714285714285714,23040.0,2.5,2005,1.899999976,1.0,0.0,0.0
27.0,1.0,5.0,158.3999939,54.90000153,21.880741505334857,74.19999695,0.46843434221874675,133.5,65.0,0.0,0.0,0.0,0.0,0.0,0.0,0.8571428571428571,1.4285714285714286,22800.0,2.0,2005,4.5,1.0,0.0,0.0
37.0,1.0,7.0,165.0,57.29999924,21.046831676767678,73.0,0.44242424242424244,122.5,72.5,0.0,0.0,1.0,0.0,1.0,0.5,0.5714285714285714,1.1428571428571428,17400.0,9.0,2005,4.300000191,1.0,0.0,0.0
27.0,0.0,0.0,153.8999939,53.5,22.587937468599975,78.30000305,0.5087719698083757,114.0,67.0,0.0,0.0,0.0,0.0,0.0,0.0,0.5714285714285714,1.1428571428571428,25320.0,2.0,2005,3.799999952,1.0,0.0,0.0
30.0,0.0,1.0,149.3000031,44.70000076,20.05339447618131,72.5,0.4855994540833335,130.0,88.0,0.0,0.0,0.0,0.0,0.0,0.0,0.8571428571428571,1.1428571428571428,21360.0,2.0,2005,3.599999905,1.0,0.0,0.0
46.0,1.0,3.0,170.1999969,59.0,20.367274468426668,69.5,0.4083431331719372,126.0,78.5,0.0,1.0,0.0,0.0,0.0,0.0,0.5714285714285714,0.2857142857142857,13680.0,1.0,2005,3.700000048,1.0,0.0,0.0
31.0,0.0,0.0,153.6999969,59.5,25.186582790465927,81.40000153,0.5296031436029262,153.0,82.0,0.0,0.0,0.0,0.0,0.0,0.0,1.1428571428571428,0.8571428571428571,22800.0,2.0,2005,4.300000191,1.0,0.0,0.0
53.0,1.0,1.0,160.3999939,52.29999924,20.327922097005906,74.40000153,0.4638404261809638,138.0,88.5,0.0,0.0,1.0,0.0,1.0,2.0,0.8571428571428571,0.5714285714285714,5100.0,1.5,2005,3.400000095,1.0,0.0,0.0
46.0,0.0,0.0,145.8000031,40.59999847,19.09901416315522,67.30000305,0.4615912319551933,123.5,75.0,0.0,0.0,1.0,1.0,1.0,2.0,0.8571428571428571,1.1428571428571428,10980.0,3.0,2005,5.400000095,1.0,0.0,0.0
40.0,0.0,0.0,153.3000031,45.0,19.148210208225812,62.40000153,0.40704501153398864,109.0,70.5,0.0,0.0,0.0,0.0,1.0,0.5,3.0,1.7142857142857142,16800.0,0.5,2005,4.300000191,0.0,0.0,0.0
36.0,0.0,0.0,153.1000061,45.40000153,19.36892205639681,72.30000305,0.4722403668800376,128.0,78.5,0.0,0.0,0.0,0.0,0.0,0.0,1.7142857142857142,2.0,15600.0,1.0,2005,4.0,0.0,0.0,0.0
54.0,1.0,5.0,160.8999939,45.40000153,17.53653604487301,70.0,0.4350528443369941,141.0,91.0,0.0,0.0,1.0,0.0,0.0,0.0,2.142857142857143,0.8571428571428571,11280.0,2.0,2005,3.900000095,1.0,0.0,0.0
39.0,1.0,9.0,163.6999969,56.90000153,21.2331748315022,75.5,0.46120953836132905,144.5,58.5,0.0,0.0,1.0,0.0,0.0,0.0,0.5714285714285714,1.1428571428571428,17760.0,0.75,2005,4.0,0.0,0.0,0.0
36.0,0.0,5.0,153.5,72.30000305,30.684676993920363,88.40000153,0.5758957754397394,133.0,97.5,0.0,0.0,0.0,0.0,0.0,0.0,0.2857142857142857,0.5714285714285714,12000.0,1.0,2005,5.099999905,0.0,0.0,0.0
63.0,0.0,4.0,150.1000061,58.5,25.965365858768003,82.40000153,0.548967342980008,120.5,71.5,0.0,0.0,0.0,0.0,1.0,2.0,0.42857142857142855,2.0,24240.0,2.0,2005,4.099999905,0.0,0.0,0.0
44.0,0.0,3.0,159.0,51.0,20.17325264032277,70.0,0.44025157232704404,144.0,76.0,0.0,0.0,0.0,0.0,1.0,0.5,0.8571428571428571,2.0,15840.0,1.0,2005,4.300000191,0.0,0.0,0.0
50.0,1.0,9.0,172.1000061,52.20000076,17.624172620877825,73.5,0.42707726551324043,130.0,78.0,0.0,0.0,0.0,1.0,1.0,24.0,0.8571428571428571,2.0,14400.0,2.0,2005,7.800000191,0.0,0.0,0.0
42.0,0.0,2.0,142.5,47.0,23.14558325638658,69.40000153,0.4870175545964912,153.0,90.5,0.0,0.0,0.0,0.0,1.0,2.0,0.8571428571428571,1.4285714285714286,15480.0,1.0,2005,3.200000048,1.0,0.0,0.0
49.0,1.0,3.0,158.5,50.59999847,20.141507416732182,74.0,0.4668769716088328,112.0,69.5,0.0,0.0,1.0,0.0,1.0,2.0,0.14285714285714285,1.4285714285714286,23280.0,3.0,2005,4.599999905,1.0,0.0,0.0
56.0,1.0,1.0,156.1000061,49.90000153,20.47833856648511,71.30000305,0.4567584898383934,115.5,71.0,0.0,0.0,1.0,0.0,0.0,0.0,0.8571428571428571,2.0,29976.0,0.4166666666666667,2005,3.200000048,1.0,0.0,0.0
58.0,0.0,1.0,151.8000031,40.5,17.575652705891123,62.0,0.40843213922174154,98.5,54.0,0.0,0.0,1.0,0.0,0.0,0.0,0.8571428571428571,2.0,27240.0,0.3,2005,3.799999952,1.0,0.0,0.0
41.0,0.0,5.0,159.3999939,61.29999924,24.125919158780484,80.30000305,0.5037641538454287,143.0,84.5,0.0,0.0,0.0,0.0,1.0,2.0,0.42857142857142855,0.5714285714285714,25200.0,0.25,2005,6.0,1.0,0.0,0.0
37.0,1.0,4.0,162.3000031,59.09999847,22.436257378560107,84.0,0.517560064051533,132.0,86.0,0.0,0.0,0.0,0.0,1.0,10.0,0.5714285714285714,0.8571428571428571,5760.0,0.5,2005,5.199999809,1.0,0.0,0.0
32.0,0.0,2.0,154.3000031,47.90000153,20.11887339571213,76.19999695,0.4938431329817647,103.0,69.5,0.0,0.0,0.0,0.0,1.0,2.0,0.42857142857142855,1.1428571428571428,20900.0,0.5,2005,5.5,1.0,0.0,0.0
27.0,1.0,14.0,167.8999939,72.5,25.71796765922063,79.40000153,0.4729005623269412,152.5,82.0,0.0,0.0,0.0,0.0,0.0,0.0,0.5714285714285714,1.1428571428571428,14880.0,2.0,2005,5.699999809,1.0,0.0,0.0
25.0,0.0,5.0,154.1000061,53.0,22.318785472248106,74.0,0.48020763835647895,118.0,74.5,0.0,0.0,0.0,0.0,1.0,10.0,0.5714285714285714,1.1428571428571428,18000.0,2.0,2005,6.300000191,1.0,0.0,1.0
61.0,1.0,6.0,160.0,68.0,26.562499999999996,97.0,0.60625,142.5,86.5,1.0,1.0,0.0,0.0,0.0,0.0,3.0,0.2857142857142857,29040.0,4.0,2005,6.099999905,0.0,0.0,0.0
48.0,0.0,3.0,146.0,63.09999847,29.602176050853824,86.90000153,0.5952054899315068,151.0,74.5,0.0,0.0,0.0,0.0,0.0,0.0,0.2857142857142857,0.5714285714285714,7920.0,2.0,2005,4.699999809,1.0,0.0,0.0
57.0,1.0,8.0,167.8000031,56.70000076,20.13720242221996,78.0,0.46483908557210274,194.5,94.0,0.0,1.0,0.0,0.0,1.0,24.0,0.42857142857142855,0.42857142857142855,35520.0,1.0,2005,4.199999809,1.0,0.0,0.0
43.0,1.0,6.0,155.0,46.59999847,19.39646138189386,67.80000305,0.43741937451612906,129.5,74.5,0.0,0.0,0.0,0.0,1.0,2.0,0.2857142857142857,0.2857142857142857,6240.0,2.0,2005,4.5,0.0,0.0,0.0
26.0,1.0,16.0,157.6000061,56.09999847,22.58657549120125,76.0,0.48223348387294257,129.5,85.0,0.0,0.0,0.0,0.0,1.0,0.5,3.0,0.8571428571428571,17280.0,8.0,2005,2.099999905,1.0,0.0,0.0
49.0,0.0,1.0,154.8000031,66.69999695,27.83452945809596,90.0,0.5813953371942794,161.5,90.5,0.0,1.0,0.0,0.0,0.0,0.0,3.0,0.2857142857142857,1440.0,2.0166666666666666,2005,18.79999924,0.0,1.0,1.0
30.0,1.0,5.0,143.1999969,53.29999924,25.99208901665132,74.0,0.5167597877231518,160.0,79.5,0.0,0.0,0.0,0.0,1.0,2.0,1.7142857142857142,0.5714285714285714,6240.0,0.5,2005,3.400000095,0.0,0.0,0.0
31.0,0.0,11.0,154.3000031,76.40000153,32.089392674687105,89.0,0.5767984330001611,129.0,87.0,0.0,0.0,0.0,0.0,1.0,2.0,1.1428571428571428,0.42857142857142855,400.0,0.75,2005,5.199999809,1.0,0.0,0.0
37.0,0.0,0.0,148.8000031,54.29999924,24.524148825686183,81.0,0.5443548273689519,136.0,80.5,0.0,1.0,1.0,0.0,1.0,0.5,0.14285714285714285,0.0,4320.0,2.0,2005,5.5,1.0,0.0,0.0
36.0,0.0,0.0,141.6000061,38.90000153,19.400953478828722,68.0,0.4802259680128644,122.5,61.5,0.0,0.0,0.0,0.0,0.0,0.0,0.42857142857142855,0.14285714285714285,9240.0,3.0,2005,3.700000048,1.0,0.0,0.0
32.0,0.0,5.0,146.6000061,51.90000153,24.149013478268007,77.0,0.525238723028948,110.0,64.0,0.0,1.0,0.0,0.0,0.0,0.0,0.14285714285714285,0.7142857142857143,600.0,2.0,2005,4.5,1.0,0.0,0.0
26.0,1.0,12.0,167.1999969,65.30000305,23.358269853959552,76.0,0.4545454629730319,136.0,60.0,0.0,0.0,0.0,0.0,0.0,0.0,4.0,0.0,25200.0,2.0,2005,6.5,1.0,0.0,1.0
30.0,0.0,3.0,160.0,48.59999847,18.984374402343747,64.19999695,0.4012499809375,101.0,62.0,0.0,0.0,0.0,0.0,0.0,0.0,0.2857142857142857,0.14285714285714285,360.0,4.0,2005,4.099999905,1.0,0.0,0.0
33.0,1.0,2.0,156.8999939,53.5,21.732411944122415,68.0,0.4333970850460307,152.0,83.0,0.0,0.0,0.0,0.0,1.0,0.5,1.7142857142857142,0.14285714285714285,600.0,5.0,2005,4.800000191,1.0,0.0,0.0
36.0,1.0,13.0,167.6999969,61.70000076,21.939112757112447,76.0,0.4531902290094795,131.0,71.5,0.0,0.0,0.0,0.0,1.0,10.0,2.2857142857142856,0.2857142857142857,9600.0,2.0,2005,4.800000191,1.0,0.0,0.0
29.0,0.0,8.0,147.0,44.40000153,20.54699501596557,69.0,0.46938775510204084,120.0,66.0,0.0,0.0,0.0,0.0,1.0,2.0,1.1428571428571428,0.42857142857142855,3080.0,0.16666666666666666,2005,5.300000191,1.0,0.0,0.0
30.0,0.0,10.0,162.5,59.90000153,22.684024248047336,74.0,0.4553846153846154,132.5,62.5,0.0,0.0,0.0,0.0,1.0,2.0,2.5714285714285716,0.42857142857142855,8400.0,0.5,2005,2.900000095,1.0,0.0,0.0
28.0,0.0,8.0,162.1999969,58.40000153,22.197863441453865,75.0,0.46239211734534874,129.0,76.0,0.0,1.0,0.0,0.0,0.0,0.0,0.5714285714285714,1.1428571428571428,360.0,1.0,2005,3.700000048,1.0,0.0,0.0
38.0,0.0,3.0,156.6000061,53.20000076,21.69342322869438,82.5,0.5268199028505657,141.5,71.0,0.0,0.0,0.0,0.0,1.0,0.5,2.5714285714285716,0.2857142857142857,5200.0,0.5,2005,4.0,1.0,0.0,0.0
56.0,1.0,4.0,165.1999969,61.20000076,22.42494351877114,83.90000153,0.5078692681864088,120.5,71.5,0.0,0.0,1.0,0.0,1.0,2.0,0.2857142857142857,0.8571428571428571,20460.0,0.6666666666666666,2005,4.800000191,1.0,0.0,0.0
25.0,0.0,2.0,155.3999939,48.29999924,20.00069693185687,61.0,0.3925354079437966,115.0,53.0,0.0,0.0,0.0,0.0,1.0,0.5,0.8571428571428571,1.1428571428571428,10260.0,0.4166666666666667,2005,5.300000191,1.0,0.0,0.0
64.0,1.0,4.0,164.5,72.59999847,26.82901986123558,97.19999695,0.5908814404255319,181.5,92.0,0.0,0.0,0.0,0.0,0.0,0.0,0.8571428571428571,0.8571428571428571,8400.0,1.0,2005,2.900000095,1.0,0.0,0.0
56.0,0.0,0.0,150.1999969,47.59999847,21.099253562869066,69.0,0.45938749283689234,221.0,94.0,1.0,1.0,0.0,0.0,0.0,0.0,0.5714285714285714,0.8571428571428571,16440.0,0.6666666666666666,2005,1.899999976,1.0,0.0,0.0
35.0,0.0,10.0,150.8999939,54.20000076,23.802405422545423,71.59999847,0.4744864238857998,123.0,76.0,0.0,0.0,0.0,0.0,0.0,0.0,0.5714285714285714,0.8571428571428571,1120.0,0.5,2005,2.0,1.0,0.0,0.0
29.0,1.0,12.0,170.0,70.90000153,24.532872501730104,80.59999847,0.47411763805882357,117.0,66.5,0.0,0.0,0.0,0.0,0.0,0.0,0.8571428571428571,0.2857142857142857,17460.0,2.0,2005,1.200000048,1.0,0.0,0.0
40.0,0.0,1.0,155.6999969,48.59999847,20.047445788473095,69.0,0.4431599317520603,140.0,62.5,0.0,0.0,0.0,0.0,1.0,2.0,0.2857142857142857,0.5714285714285714,22320.0,0.6666666666666666,2005,5.900000095,1.0,0.0,0.0
27.0,0.0,0.0,153.1999969,45.20000076,19.258432205739226,70.90000153,0.46279375303303283,119.5,66.5,0.0,0.0,0.0,0.0,0.0,0.0,0.5714285714285714,0.8571428571428571,19080.0,0.5,2005,4.900000095,1.0,0.0,0.0
32.0,1.0,1.0,162.0,52.79999924,20.118884026825175,69.0,0.42592592592592593,120.0,69.0,0.0,0.0,0.0,0.0,0.0,0.0,0.5714285714285714,1.1428571428571428,21000.0,0.6666666666666666,2005,3.400000095,1.0,0.0,0.0
30.0,1.0,14.0,175.1999969,80.69999695,26.29089253697727,88.0,0.5022831139102606,156.0,95.5,0.0,0.0,0.0,0.0,1.0,2.0,0.8571428571428571,1.1428571428571428,680.0,1.0,2005,4.699999809,1.0,0.0,0.0
37.0,1.0,9.0,169.8000031,54.40000153,18.867898193698096,74.0,0.4358068236101228,107.0,67.5,0.0,0.0,0.0,0.0,1.0,2.0,0.8571428571428571,0.8571428571428571,0.0,2.5,2005,4.800000191,1.0,0.0,0.0
35.0,0.0,10.0,165.8999939,57.90000153,21.037098242463806,70.0,0.421940943784447,109.0,68.5,0.0,0.0,0.0,0.0,0.0,0.0,1.2857142857142858,0.5714285714285714,600.0,0.4166666666666667,2005,5.0,1.0,0.0,0.0
37.0,0.0,7.0,162.0,56.40000153,21.490627011888428,71.0,0.4382716049382716,146.5,93.0,0.0,0.0,0.0,0.0,0.0,0.0,0.8571428571428571,1.1428571428571428,15840.0,1.0,2005,3.799999952,1.0,0.0,0.0
34.0,0.0,0.0,149.0,43.29999924,19.503625620467545,64.59999847,0.43355703671140944,129.0,71.0,0.0,0.0,0.0,0.0,1.0,2.0,1.1428571428571428,0.8571428571428571,19440.0,2.0,2005,4.5,1.0,0.0,0.0
50.0,1.0,6.0,151.8999939,69.80000305,30.251013454789778,96.80000305,0.6372614018255073,203.5,99.5,0.0,0.0,0.0,0.0,1.0,0.5,1.1428571428571428,0.8571428571428571,13440.0,0.3333333333333333,2005,5.5,1.0,0.0,0.0
26.0,0.0,9.0,142.0,48.29999924,23.953580261852807,68.0,0.4788732394366197,134.5,90.5,0.0,0.0,0.0,0.0,0.0,0.0,0.8571428571428571,0.8571428571428571,0.0,2.0,2005,4.199999809,1.0,0.0,0.0
62.0,0.0,5.0,157.3000031,53.20000076,21.50077805462212,80.0,0.5085823167412258,185.0,103.0,0.0,0.0,0.0,0.0,0.0,0.0,1.7142857142857142,1.1428571428571428,10080.0,2.0,2005,5.0,1.0,0.0,0.0
43.0,1.0,4.0,153.1999969,68.0,28.972862123249826,95.5,0.6233681588279457,128.0,74.5,0.0,0.0,0.0,0.0,1.0,2.0,0.2857142857142857,1.1428571428571428,12840.0,1.0,2005,7.800000191,1.0,0.0,1.0
36.0,1.0,0.0,165.5,54.59999847,19.934100079407816,78.30000305,0.4731118009063444,117.0,63.5,0.0,0.0,0.0,0.0,1.0,10.0,0.2857142857142857,0.5714285714285714,18240.0,6.0,2005,4.599999905,1.0,0.0,0.0
28.0,0.0,0.0,156.8999939,55.59999847,22.585459268086282,76.5,0.48757172067678456,138.0,84.5,0.0,0.0,0.0,0.0,0.0,0.0,0.8571428571428571,1.1428571428571428,9480.0,4.0,2005,3.299999952,1.0,0.0,0.0
63.0,1.0,6.0,166.1000061,52.29999924,18.956684659901256,72.5,0.43648402972575207,139.5,85.5,0.0,0.0,0.0,1.0,0.0,0.0,0.8571428571428571,1.4285714285714286,12000.0,3.0,2005,4.5,1.0,0.0,0.0
40.0,0.0,0.0,153.3000031,47.09999847,20.041792700237206,69.0,0.4500978382563386,133.0,81.0,0.0,0.0,1.0,0.0,0.0,0.0,0.42857142857142855,1.1428571428571428,14640.0,4.0,2005,4.400000095,1.0,0.0,0.0
51.0,0.0,0.0,152.3999939,53.59999847,23.077825122111733,75.5,0.49540684397625817,116.0,63.5,0.0,0.0,0.0,0.0,0.0,0.0,0.8571428571428571,0.5714285714285714,12720.0,5.0,2005,6.199999809,1.0,0.0,1.0
62.0,1.0,0.0,165.3999939,46.29999924,16.92427234958417,68.0,0.4111245617162021,111.5,54.5,0.0,0.0,1.0,0.0,0.0,0.0,0.5714285714285714,0.7142857142857143,19680.0,4.0,2005,5.099999905,1.0,0.0,0.0
36.0,0.0,0.0,149.0,47.09999847,21.215259884689882,72.0,0.48322147651006714,123.5,74.0,0.0,0.0,1.0,0.0,0.0,0.0,0.5714285714285714,0.7142857142857143,6720.0,5.0,2005,4.300000191,1.0,0.0,0.0
43.0,1.0,6.0,160.0,46.70000076,18.242187796874997,73.0,0.45625,118.5,61.0,0.0,0.0,1.0,0.0,0.0,0.0,0.8571428571428571,0.7142857142857143,14160.0,3.0,2005,3.799999952,1.0,0.0,0.0
36.0,0.0,0.0,149.5,48.29999924,21.610496186843545,70.30000305,0.4702341341137124,129.0,69.5,0.0,0.0,0.0,0.0,0.0,0.0,0.2857142857142857,0.7142857142857143,13200.0,5.0,2005,3.799999952,1.0,0.0,0.0
29.0,1.0,0.0,150.3000031,45.70000076,20.23010925358731,71.0,0.47238854647768136,121.0,71.0,0.0,0.0,0.0,0.0,0.0,0.0,0.5714285714285714,0.2857142857142857,25440.0,2.0,2005,3.200000048,1.0,0.0,0.0
28.0,0.0,0.0,152.0,43.0,18.611495844875346,78.0,0.5131578947368421,121.0,63.0,0.0,0.0,0.0,0.0,0.0,0.0,0.5714285714285714,0.42857142857142855,26160.0,2.0,2005,3.700000048,1.0,0.0,0.0
31.0,1.0,4.0,165.8999939,63.79999924,23.180774031336995,72.5,0.4370102632053201,121.5,72.0,0.0,0.0,0.0,0.0,1.0,0.5,0.2857142857142857,0.2857142857142857,24480.0,4.0,2005,4.400000095,1.0,0.0,0.0
25.0,0.0,0.0,163.8000031,48.40000153,18.039212065851235,70.0,0.4273504192625989,135.5,64.0,0.0,0.0,0.0,0.0,0.0,0.0,0.2857142857142857,0.5714285714285714,26160.0,3.0,2005,4.800000191,1.0,0.0,0.0
45.0,1.0,0.0,172.8000031,45.40000153,15.20436810815624,84.0,0.486111102390368,117.5,67.5,0.0,0.0,1.0,0.0,0.0,0.0,0.2857142857142857,1.1428571428571428,27000.0,3.0,2005,4.5,1.0,0.0,0.0
33.0,0.0,0.0,158.8000031,38.0,15.068935830271766,79.0,0.4974810986008098,104.5,63.0,0.0,0.0,1.0,0.0,0.0,0.0,0.2857142857142857,0.2857142857142857,26160.0,3.0,2005,4.699999809,1.0,0.0,0.0
36.0,0.0,0.0,159.6999969,61.20000076,23.996152435140797,78.0,0.48841578906755756,127.5,76.0,0.0,0.0,0.0,0.0,0.0,0.0,0.8571428571428571,1.1428571428571428,25440.0,3.0,2005,2.599999905,1.0,0.0,0.0
40.0,0.0,0.0,156.0,54.70000076,22.47698913543721,73.0,0.46794871794871795,131.5,72.5,0.0,0.0,1.0,0.0,0.0,0.0,0.5714285714285714,0.8571428571428571,26160.0,4.0,2005,4.199999809,1.0,0.0,0.0
60.0,1.0,0.0,162.5,56.0,21.207100591715978,76.0,0.4676923076923077,142.5,77.5,0.0,0.0,1.0,0.0,0.0,0.0,0.5714285714285714,0.42857142857142855,26160.0,4.0,2005,5.099999905,1.0,0.0,0.0
40.0,1.0,0.0,162.1999969,52.79999924,20.06930037897874,73.0,0.4500616608828061,123.5,61.5,0.0,0.0,1.0,0.0,1.0,0.5,0.2857142857142857,1.4285714285714286,27840.0,3.5,2005,4.199999809,1.0,0.0,0.0
38.0,0.0,0.0,150.5,51.29999924,22.648756300703084,73.0,0.4850498338870432,142.0,84.5,0.0,0.0,0.0,0.0,0.0,0.0,0.5714285714285714,1.1428571428571428,27120.0,3.0,2005,4.5,1.0,0.0,0.0
64.0,1.0,2.0,154.5,38.5,16.128863334066462,61.0,0.3948220064724919,141.5,65.0,0.0,0.0,1.0,0.0,0.0,0.0,1.1428571428571428,0.5714285714285714,3360.0,3.0,2005,5.099999905,1.0,0.0,0.0
60.0,0.0,0.0,148.0,40.09999847,18.307157811358657,67.0,0.4527027027027027,125.0,79.0,0.0,0.0,0.0,0.0,0.0,0.0,1.1428571428571428,0.42857142857142855,15660.0,2.0,2005,4.699999809,1.0,0.0,0.0
30.0,1.0,10.0,168.5,55.09999847,19.406703755426214,71.5,0.42433234421364985,141.5,80.5,0.0,0.0,0.0,0.0,0.0,0.0,3.0,0.14285714285714285,9720.0,5.0,2005,3.700000048,1.0,0.0,0.0
25.0,0.0,0.0,160.8999939,52.29999924,20.20177953547067,75.0,0.4661280475039222,126.5,75.5,0.0,0.0,1.0,0.0,0.0,0.0,2.0,0.14285714285714285,18720.0,3.5,2005,3.400000095,1.0,0.0,0.0
27.0,1.0,3.0,158.1000061,48.09999847,19.243377040327832,68.80000305,0.43516761793470926,119.0,69.5,0.0,0.0,1.0,0.0,0.0,0.0,0.8571428571428571,1.0,11120.0,1.5,2005,3.799999952,1.0,0.0,0.0
25.0,0.0,0.0,161.5,46.40000153,17.78987684344717,64.5,0.3993808049535604,103.5,62.5,0.0,0.0,0.0,0.0,0.0,0.0,0.8571428571428571,1.0,17680.0,3.0,2005,4.0,1.0,0.0,0.0
47.0,1.0,4.0,178.5,60.59999847,19.019371974672225,74.5,0.4173669467787115,138.5,74.5,0.0,0.0,1.0,0.0,0.0,0.0,1.1428571428571428,0.8571428571428571,16920.0,3.0,2005,3.900000095,1.0,0.0,0.0
30.0,0.0,0.0,156.0,46.29999924,19.025311982248517,67.5,0.4326923076923077,136.0,76.5,0.0,0.0,1.0,0.0,0.0,0.0,1.1428571428571428,1.7142857142857142,11700.0,1.0,2005,3.900000095,1.0,0.0,0.0
60.0,0.0,0.0,147.8000031,46.29999924,21.194935416226848,76.0,0.5142083789306767,148.0,85.0,0.0,0.0,1.0,0.0,0.0,0.0,1.1428571428571428,1.7142857142857142,11520.0,5.0,2005,4.0,1.0,0.0,0.0
36.0,1.0,4.0,158.3999939,50.70000076,20.206804736492344,72.5,0.4577020378281719,132.5,71.0,0.0,0.0,1.0,0.0,1.0,2.0,1.1428571428571428,1.7142857142857142,19360.0,3.5,2005,3.299999952,1.0,0.0,0.0
37.0,1.0,7.0,170.6000061,59.09999847,20.30623392633366,83.0,0.48651815376459123,118.0,71.5,0.0,0.0,0.0,0.0,0.0,0.0,0.14285714285714285,0.14285714285714285,11520.0,4.0,2005,5.800000191,0.0,0.0,0.0
31.0,1.0,5.0,176.5,73.19999695,23.4974992015023,80.0,0.45325779036827196,132.0,66.0,0.0,0.0,1.0,0.0,0.0,0.0,0.14285714285714285,1.4285714285714286,18720.0,3.0,2005,3.900000095,0.0,0.0,0.0
25.0,0.0,4.0,160.8000031,51.79999924,20.033537707426955,68.5,0.4259950166630314,121.0,67.0,0.0,0.0,0.0,0.0,0.0,0.0,2.0,1.4285714285714286,17000.0,3.0,2005,4.300000191,0.0,0.0,0.0
32.0,1.0,5.0,178.1000061,64.90000153,20.460528072159605,71.5,0.40145984026442993,113.0,59.0,0.0,0.0,0.0,0.0,0.0,0.0,1.2857142857142858,1.1428571428571428,18120.0,2.0,2005,4.5,0.0,0.0,0.0
31.0,1.0,3.0,160.8000031,63.09999847,24.403787977494346,80.0,0.49751242821959873,141.0,85.5,0.0,0.0,0.0,0.0,1.0,10.0,0.8571428571428571,1.1428571428571428,8880.0,2.0,2005,5.5,0.0,0.0,0.0
29.0,0.0,0.0,148.0,46.29999924,21.137691398831265,68.0,0.4594594594594595,120.0,71.5,0.0,0.0,0.0,0.0,0.0,0.0,0.8571428571428571,1.4285714285714286,8160.0,2.0,2005,3.700000048,0.0,0.0,0.0
55.0,1.0,0.0,164.0,50.70000076,18.850386957168357,76.0,0.4634146341463415,111.5,63.0,0.0,0.0,1.0,1.0,0.0,0.0,3.0,1.1428571428571428,12920.0,2.0,2005,4.300000191,0.0,0.0,0.0
49.0,0.0,0.0,149.1000061,44.20000076,19.882315193808516,72.5,0.4862508184699531,118.0,59.5,0.0,0.0,1.0,0.0,0.0,0.0,3.0,1.7142857142857142,15600.0,2.0,2005,3.200000048,0.0,0.0,0.0
47.0,1.0,6.0,155.8999939,53.90000153,22.17668261877406,72.80000305,0.4669660416837258,111.0,66.0,0.0,0.0,0.0,0.0,0.0,0.0,0.8571428571428571,0.2857142857142857,10800.0,4.0,2005,3.299999952,1.0,0.0,0.0
42.0,1.0,5.0,154.8999939,42.90000153,17.879464461682463,69.5,0.4486765831951398,93.5,47.0,0.0,0.0,1.0,0.0,0.0,0.0,0.42857142857142855,1.4285714285714286,6480.0,6.0,2005,4.599999905,1.0,0.0,0.0
39.0,0.0,2.0,158.0,32.59999847,13.05880406585483,69.0,0.43670886075949367,141.0,94.0,0.0,0.0,0.0,0.0,0.0,0.0,0.8571428571428571,1.1428571428571428,0.0,4.0,2005,2.099999905,1.0,0.0,0.0
26.0,1.0,6.0,159.8999939,43.5,17.013448961788395,71.5,0.44715448860314183,114.5,52.5,0.0,0.0,0.0,0.0,1.0,10.0,1.7142857142857142,0.8571428571428571,24480.0,2.0,2005,3.900000095,1.0,0.0,0.0
25.0,0.0,0.0,161.0,41.70000076,16.087342602523048,76.0,0.4720496894409938,144.5,80.0,0.0,0.0,0.0,0.0,0.0,0.0,2.0,1.1428571428571428,14520.0,1.0,2005,3.5,1.0,0.0,0.0
40.0,1.0,0.0,158.1999969,45.79999924,18.300060667873538,67.0,0.423514546857744,128.0,71.0,0.0,0.0,1.0,0.0,1.0,10.0,2.0,1.4285714285714286,18240.0,4.0,2005,3.700000048,1.0,0.0,0.0
39.0,0.0,0.0,161.3000031,49.90000153,19.179258270799245,71.0,0.44017358112499627,145.0,73.5,0.0,0.0,0.0,0.0,1.0,2.0,1.7142857142857142,1.7142857142857142,240.0,4.0,2005,4.699999809,1.0,0.0,0.0
25.0,1.0,4.0,173.1999969,66.40000153,22.13463320078292,75.09999847,0.433602770289657,152.5,87.0,0.0,0.0,0.0,0.0,0.0,0.0,0.42857142857142855,1.1428571428571428,15360.0,1.0,2005,2.700000048,1.0,0.0,0.0
25.0,0.0,3.0,163.0,58.0,21.829952199932254,72.80000305,0.44662578558282207,121.0,75.5,0.0,0.0,0.0,0.0,0.0,0.0,0.8571428571428571,1.1428571428571428,19920.0,2.8333333333333335,2005,3.200000048,1.0,0.0,0.0
59.0,1.0,0.0,171.3999939,49.70000076,16.917445696560677,70.19999695,0.40956825815849696,125.0,80.0,0.0,0.0,0.0,0.0,1.0,2.0,0.8571428571428571,1.1428571428571428,11520.0,3.0,2005,4.400000095,1.0,0.0,0.0
47.0,0.0,0.0,148.3999939,48.09999847,21.841240266487084,87.0,0.5862533933702541,130.0,82.0,0.0,0.0,0.0,0.0,1.0,2.0,0.8571428571428571,1.1428571428571428,18960.0,2.0,2005,5.099999905,1.0,0.0,0.0
44.0,0.0,6.0,160.8000031,72.59999847,28.077892437202365,92.80000305,0.5771144357023958,141.5,90.5,0.0,0.0,0.0,0.0,1.0,10.0,0.5714285714285714,0.8571428571428571,12640.0,3.0,2005,4.599999905,1.0,0.0,0.0
46.0,0.0,5.0,165.8999939,70.69999695,25.687784840703465,93.0,0.5605786824564796,159.0,90.5,0.0,0.0,1.0,0.0,1.0,10.0,0.8571428571428571,0.8571428571428571,20400.0,1.0,2005,6.300000191,1.0,0.0,1.0
56.0,1.0,6.0,155.5,56.09999847,23.20075204764219,81.5,0.5241157556270096,129.5,79.5,0.0,0.0,0.0,0.0,0.0,0.0,0.8571428571428571,2.0,1680.0,3.0,2005,5.0,1.0,0.0,0.0
27.0,0.0,11.0,162.8000031,57.59999847,21.7326984604451,78.5,0.482186723005044,113.5,67.0,0.0,0.0,0.0,0.0,0.0,0.0,0.5714285714285714,0.8571428571428571,6880.0,0.25,2005,3.200000048,1.0,0.0,0.0
41.0,0.0,3.0,147.3000031,68.0,31.340318140106014,98.5,0.6687033124712812,164.5,93.0,0.0,0.0,0.0,0.0,0.0,0.0,2.0,1.4285714285714286,18000.0,2.5,2005,3.799999952,1.0,0.0,0.0
45.0,1.0,8.0,168.8999939,64.59999847,22.645047705749413,84.0,0.49733571956037825,123.0,78.0,0.0,0.0,0.0,0.0,0.0,0.0,2.0,1.4285714285714286,19680.0,2.0,2005,5.5,1.0,0.0,0.0
46.0,1.0,8.0,162.5,70.59999847,26.73609409514793,93.5,0.5753846153846154,152.5,88.5,0.0,0.0,0.0,0.0,0.0,0.0,3.0,1.4285714285714286,1440.0,4.5,2005,5.199999809,1.0,0.0,0.0
41.0,0.0,9.0,149.1000061,50.09999847,22.53628831815125,77.0,0.516431903754295,213.5,107.5,0.0,0.0,0.0,0.0,0.0,0.0,4.0,1.4285714285714286,19920.0,2.0,2005,4.800000191,1.0,0.0,0.0
35.0,0.0,9.0,150.5,66.09999847,29.18290017549476,96.19999695,0.6392026375415283,139.0,83.5,0.0,0.0,0.0,0.0,1.0,2.0,1.7142857142857142,0.8571428571428571,4800.0,1.5,2005,4.0,1.0,0.0,0.0
57.0,1.0,5.0,157.6000061,68.59999847,27.619235051628785,97.40000153,0.6180202903558136,226.5,136.0,0.0,0.0,0.0,0.0,1.0,24.0,0.2857142857142857,1.1428571428571428,22320.0,2.0,2005,2.599999905,0.0,0.0,0.0
53.0,0.0,3.0,161.1999969,100.5,38.67550592384995,108.9000015,0.6755583349518042,178.0,108.5,0.0,0.0,0.0,0.0,0.0,0.0,0.2857142857142857,1.1428571428571428,11320.0,1.0,2005,5.0,0.0,0.0,0.0
25.0,1.0,8.0,180.1999969,75.0,23.096794220648356,60.0,0.3329633797568617,132.0,82.5,0.0,0.0,1.0,0.0,1.0,24.0,0.8571428571428571,1.1428571428571428,39120.0,0.08333333333333333,2005,3.900000095,0.0,0.0,0.0
39.0,1.0,8.0,165.1000061,69.0,25.313658224232892,85.59999847,0.5184736239086063,127.5,73.5,0.0,0.0,0.0,0.0,1.0,24.0,1.2857142857142858,1.1428571428571428,11520.0,2.0,2005,2.700000048,0.0,0.0,0.0
37.0,0.0,10.0,159.6999969,54.59999847,21.408331208729454,67.19999695,0.42078896840604757,157.0,105.0,1.0,1.0,0.0,0.0,1.0,24.0,0.8571428571428571,0.42857142857142855,16800.0,2.0,2005,5.199999809,0.0,0.0,0.0
50.0,1.0,12.0,158.6000061,61.59999847,24.48918330614299,86.5,0.545397204748279,141.0,88.5,0.0,0.0,0.0,0.0,1.0,24.0,1.1428571428571428,0.5714285714285714,6960.0,3.0,2005,5.400000095,0.0,0.0,0.0
46.0,0.0,7.0,146.5,59.09999847,27.53672073990378,85.59999847,0.5843003308532423,140.0,87.5,0.0,0.0,1.0,0.0,1.0,2.0,0.5714285714285714,1.1428571428571428,10320.0,0.5,2005,5.699999809,0.0,0.0,0.0
32.0,1.0,9.0,166.8999939,54.29999924,19.493381480141085,74.19999695,0.44457758934645475,126.5,72.5,0.0,0.0,1.0,0.0,1.0,24.0,0.2857142857142857,1.1428571428571428,4320.0,3.0,2005,6.900000095,0.0,0.0,0.0
51.0,1.0,3.0,160.0,50.70000076,19.804687796874997,71.0,0.44375,110.0,63.5,0.0,0.0,1.0,0.0,1.0,0.5,0.42857142857142855,0.42857142857142855,8080.0,0.75,2005,5.800000191,1.0,0.0,0.0
54.0,0.0,0.0,158.5,81.90000153,32.600583757426186,102.5,0.6466876971608833,133.0,85.0,0.0,0.0,0.0,0.0,1.0,2.0,0.14285714285714285,1.1428571428571428,8200.0,4.0,2005,2.799999952,0.0,0.0,0.0
58.0,1.0,5.0,162.1999969,52.5,19.955270550424043,71.5,0.4408138185358991,137.0,76.0,0.0,0.0,0.0,0.0,0.0,0.0,0.5714285714285714,0.8571428571428571,16320.0,6.0,2005,6.900000095,1.0,0.0,1.0
44.0,1.0,7.0,166.3000031,60.09999847,21.731512115355176,77.0,0.4630186323790874,130.0,70.5,0.0,0.0,0.0,0.0,0.0,0.0,0.42857142857142855,0.42857142857142855,12960.0,4.0,2005,6.0,1.0,0.0,0.0
35.0,0.0,0.0,161.1000061,72.0,27.74223094079166,85.19999695,0.5288640206327093,146.0,93.0,0.0,0.0,0.0,0.0,0.0,0.0,0.5714285714285714,0.42857142857142855,26400.0,3.0,2005,4.400000095,1.0,0.0,0.0
53.0,1.0,4.0,161.0,78.69999695,30.361481790825966,97.0,0.6024844720496895,183.0,94.0,0.0,0.0,0.0,0.0,1.0,2.0,0.5714285714285714,0.42857142857142855,16560.0,5.0,2005,5.5,1.0,0.0,0.0
41.0,1.0,7.0,173.5,57.40000153,19.068342575721083,85.5,0.49279538904899134,144.0,95.0,0.0,0.0,0.0,0.0,1.0,2.0,0.2857142857142857,0.8571428571428571,14880.0,2.0,2005,9.600000381,1.0,0.0,1.0
40.0,1.0,8.0,168.6000061,61.20000076,21.529614595788647,79.0,0.46856463310649904,135.5,84.5,0.0,0.0,0.0,0.0,1.0,10.0,0.2857142857142857,0.5714285714285714,10920.0,2.0,2005,5.800000191,1.0,0.0,0.0
26.0,0.0,10.0,150.6000061,44.59999847,19.664588594266466,66.5,0.4415670471875233,119.5,62.5,0.0,0.0,0.0,0.0,0.0,0.0,1.1428571428571428,0.8571428571428571,11760.0,3.0,2005,4.900000095,1.0,0.0,0.0
37.0,1.0,9.0,165.1000061,82.5,30.26633048549585,94.30000305,0.5711689858623209,156.5,87.5,0.0,0.0,0.0,0.0,0.0,0.0,0.5714285714285714,0.14285714285714285,2520.0,2.0,2005,5.199999809,1.0,0.0,0.0
29.0,0.0,7.0,158.8000031,78.80000305,31.248215510149194,85.19999695,0.5365238997907803,131.5,94.0,0.0,0.0,0.0,0.0,0.0,0.0,0.8571428571428571,0.14285714285714285,7020.0,1.5,2005,4.199999809,1.0,0.0,0.0
54.0,1.0,4.0,161.3000031,58.59999847,22.523135688660783,62.0,0.3843769299964756,119.5,76.5,0.0,0.0,0.0,0.0,1.0,2.0,0.8571428571428571,0.5714285714285714,14520.0,2.0,2005,4.699999809,1.0,0.0,0.0
43.0,1.0,5.0,174.1000061,67.80000305,22.368256836071826,83.5,0.4796094030694006,120.5,74.0,0.0,0.0,1.0,0.0,1.0,10.0,2.5714285714285716,0.7142857142857143,16440.0,3.0,2005,5.699999809,1.0,0.0,0.0
40.0,0.0,0.0,151.0,68.80000305,30.17411650804789,88.09999847,0.5834436984768212,126.0,74.0,0.0,0.0,0.0,0.0,0.0,0.0,1.7142857142857142,0.42857142857142855,7440.0,1.5,2005,5.099999905,1.0,0.0,0.0
31.0,1.0,7.0,158.8999939,49.0,19.40654925921039,69.0,0.4342353848259021,118.5,67.0,0.0,0.0,1.0,0.0,1.0,24.0,0.8571428571428571,0.5714285714285714,9740.0,4.0,2005,4.300000191,1.0,0.0,0.0
25.0,0.0,6.0,153.3000031,44.09999847,18.765245353022152,65.0,0.4240052099516233,131.0,77.0,0.0,0.0,0.0,0.0,1.0,2.0,2.5714285714285716,0.2857142857142857,5940.0,1.0,2005,5.199999809,1.0,0.0,0.0
45.0,1.0,8.0,173.8000031,68.40000153,22.644177562782634,82.40000153,0.4741081706574492,126.0,71.0,0.0,0.0,0.0,0.0,1.0,2.0,0.5714285714285714,0.2857142857142857,15060.0,2.0,2005,4.300000191,1.0,0.0,0.0
41.0,0.0,4.0,157.8999939,54.5,21.859099946973924,74.5,0.4718176243070773,118.0,72.0,0.0,0.0,0.0,0.0,0.0,0.0,1.1428571428571428,0.5714285714285714,14480.0,1.0,2005,2.200000048,1.0,0.0,0.0
42.0,1.0,12.0,168.0,109.3000031,38.72590812783447,122.5,0.7291666666666666,130.0,87.0,0.0,0.0,0.0,0.0,1.0,2.0,3.0,0.7142857142857143,8400.0,2.0,2005,4.800000191,1.0,0.0,0.0
29.0,1.0,10.0,167.8000031,53.29999924,18.9296800602027,72.0,0.4290822328357871,124.5,88.0,0.0,0.0,0.0,0.0,1.0,24.0,2.142857142857143,0.2857142857142857,1800.0,3.0,2005,4.699999809,1.0,0.0,0.0
33.0,1.0,10.0,149.8999939,65.19999695,29.01645449043906,85.40000153,0.569713175485326,161.0,80.0,0.0,0.0,0.0,0.0,0.0,0.0,0.8571428571428571,0.8571428571428571,5400.0,3.0,2005,4.0,1.0,0.0,0.0
46.0,0.0,0.0,159.6999969,55.5,21.761216398885452,75.0,0.46963056641111306,146.5,92.0,0.0,0.0,0.0,0.0,0.0,0.0,0.2857142857142857,0.2857142857142857,720.0,4.0,2005,3.700000048,1.0,0.0,0.0
55.0,1.0,7.0,164.3999939,74.5,27.564662448936602,96.0,0.5839416275063499,131.5,86.5,0.0,0.0,0.0,0.0,0.0,0.0,0.8571428571428571,0.7142857142857143,6960.0,3.0,2005,4.300000191,1.0,0.0,0.0
61.0,1.0,8.0,171.3000031,70.19999695,23.923369695220533,91.5,0.5341506032932465,204.0,107.5,0.0,0.0,0.0,0.0,0.0,0.0,0.5714285714285714,0.14285714285714285,10100.0,2.0,2005,5.5,0.0,0.0,0.0
36.0,1.0,0.0,170.0,66.5,23.010380622837374,79.90000153,0.470000009,157.0,94.0,0.0,0.0,0.0,0.0,0.0,0.0,0.42857142857142855,0.7142857142857143,2400.0,3.0,2005,4.800000191,1.0,0.0,0.0
34.0,0.0,0.0,166.6999969,81.09999847,29.184325637446033,66.0,0.3959208231994874,173.5,110.5,0.0,0.0,0.0,0.0,0.0,0.0,0.8571428571428571,0.7142857142857143,8160.0,5.0,2005,5.900000095,1.0,0.0,0.0
36.0,0.0,7.0,149.3999939,65.19999695,29.210999407818836,82.5,0.5522088578880457,126.5,72.5,0.0,0.0,0.0,0.0,0.0,0.0,4.0,0.5714285714285714,5280.0,2.0,2005,5.5,1.0,0.0,0.0
25.0,0.0,6.0,156.8000031,55.90000153,22.736294496298893,63.79999924,0.4068877422107653,128.0,81.5,0.0,0.0,0.0,0.0,0.0,0.0,1.2857142857142858,0.14285714285714285,2880.0,3.0,2005,3.599999905,1.0,0.0,0.0
33.0,1.0,9.0,156.6000061,55.20000076,22.50896544368642,77.0,0.49169857599386135,123.5,76.0,0.0,0.0,0.0,0.0,1.0,2.0,0.42857142857142855,0.0,0.0,4.0,2005,5.5,1.0,0.0,0.0
39.0,0.0,3.0,156.6000061,77.80000305,31.72459340689234,91.19999695,0.5823754367657078,140.5,79.5,0.0,0.0,0.0,0.0,0.0,0.0,0.14285714285714285,0.42857142857142855,19320.0,1.0,2005,1.899999976,1.0,0.0,0.0
31.0,0.0,11.0,,,,,,,,,0.0,0.0,0.0,0.0,0.0,2.0,0.7142857142857143,3360.0,0.5,2005,,,0.0,0.0
42.0,0.0,6.0,156.0,94.69999695,38.913542467948716,104.0,0.6666666666666666,111.0,69.5,0.0,1.0,0.0,0.0,0.0,0.0,0.42857142857142855,1.0,240.0,5.0,2005,2.0,1.0,0.0,0.0
26.0,0.0,7.0,,,,,,,,,0.0,0.0,0.0,0.0,0.0,0.8571428571428571,0.7142857142857143,2800.0,0.4166666666666667,2005,,,0.0,0.0
47.0,0.0,6.0,158.8999939,74.59999847,29.545480511123973,83.69999695,0.5267463823986969,140.5,83.0,0.0,0.0,0.0,0.0,1.0,10.0,2.142857142857143,0.42857142857142855,6080.0,0.16666666666666666,2005,2.700000048,1.0,0.0,0.0
50.0,0.0,4.0,150.5,56.20000076,24.812088502334415,83.0,0.5514950166112956,121.5,80.0,0.0,0.0,1.0,0.0,1.0,2.0,0.8571428571428571,0.2857142857142857,14760.0,0.25,2005,3.700000048,1.0,0.0,0.0
33.0,0.0,7.0,,,,,,,,,0.0,0.0,0.0,0.0,0.0,1.2857142857142858,0.5714285714285714,2400.0,0.3333333333333333,2005,,,0.0,0.0
42.0,1.0,12.0,170.8000031,60.0,20.567215658923605,74.90000153,0.4385245911626099,128.0,81.5,0.0,0.0,1.0,0.0,1.0,10.0,0.8571428571428571,0.7142857142857143,12280.0,0.25,2005,4.199999809,1.0,0.0,0.0
42.0,1.0,7.0,175.3999939,92.0,29.903958373396442,100.9000015,0.5752565850003716,160.0,87.5,0.0,1.0,0.0,0.0,1.0,10.0,1.2857142857142858,0.2857142857142857,1120.0,0.5,2005,,,0.0,0.0
41.0,0.0,8.0,155.6000061,60.20000076,24.864359556814986,82.19999695,0.5282775946497859,128.5,86.5,0.0,0.0,0.0,0.0,0.0,0.0,1.7142857142857142,0.2857142857142857,1680.0,0.5,2005,6.199999809,1.0,0.0,1.0
42.0,0.0,5.0,148.5,51.90000153,23.535014127810083,72.0,0.48484848484848486,111.0,73.5,0.0,0.0,0.0,0.0,0.0,0.0,0.14285714285714285,0.8571428571428571,22560.0,0.5,2005,4.300000191,1.0,0.0,0.0
27.0,0.0,14.0,152.1999969,61.90000153,26.721533173357003,81.19999695,0.5335085322199504,120.5,80.0,0.0,0.0,0.0,0.0,0.0,0.0,0.8571428571428571,0.5714285714285714,560.0,0.5,2005,4.099999905,1.0,0.0,0.0
43.0,1.0,11.0,166.3000031,90.90000153,32.86846147793253,105.0,0.6313890441533011,119.0,79.5,0.0,0.0,0.0,0.0,0.0,0.0,0.5714285714285714,0.2857142857142857,7320.0,0.5,2005,3.200000048,1.0,0.0,0.0
30.0,0.0,8.0,150.5,72.40000153,31.96432778004658,70.0,0.46511627906976744,112.5,65.5,0.0,0.0,0.0,0.0,0.0,0.0,0.5714285714285714,1.0,17760.0,2.0,2005,5.800000191,1.0,0.0,0.0
49.0,1.0,15.0,176.0,52.09999847,16.819472646565085,70.90000153,0.40284091778409087,106.5,59.0,0.0,0.0,0.0,0.0,0.0,0.0,1.4285714285714286,1.4285714285714286,240.0,2.0,2005,3.700000048,1.0,0.0,0.0
36.0,0.0,6.0,156.8000031,66.90000153,27.21034159136143,84.19999695,0.5369897658503299,137.0,90.5,0.0,0.0,0.0,0.0,1.0,10.0,0.2857142857142857,0.5714285714285714,2400.0,1.0,2005,4.400000095,1.0,0.0,0.0
43.0,1.0,15.0,167.0,76.0,27.250887446663558,,,111.5,64.5,0.0,0.0,0.0,0.0,1.0,0.5,2.0,0.2857142857142857,16320.0,6.0,2005,4.099999905,1.0,0.0,0.0
64.0,1.0,9.0,151.5,52.09999847,22.69929896633228,72.0,0.4752475247524752,205.5,94.5,0.0,0.0,0.0,0.0,1.0,24.0,0.2857142857142857,0.14285714285714285,6720.0,0.3333333333333333,2005,2.299999952,1.0,0.0,0.0
55.0,0.0,8.0,162.5,85.90000153,32.53017809420118,104.1999969,0.6412307501538461,177.5,111.0,0.0,1.0,0.0,0.0,0.0,0.0,2.142857142857143,1.1428571428571428,7680.0,0.5,2005,6.599999905,0.0,0.0,0.0
49.0,1.0,12.0,163.0,65.90000153,24.803342816816592,89.0,0.5460122699386503,145.5,87.5,0.0,0.0,0.0,0.0,1.0,2.0,1.0,1.1428571428571428,3600.0,1.0,2005,,,0.0,0.0
26.0,0.0,12.0,145.8000031,47.29999924,22.25082240014161,71.0,0.4869684395774886,102.5,67.5,0.0,0.0,0.0,0.0,1.0,0.5,0.5714285714285714,1.2857142857142858,13400.0,1.3333333333333333,2005,3.799999952,1.0,0.0,0.0
35.0,0.0,6.0,167.5,45.90000153,16.359991634662506,67.5,0.40298507462686567,97.0,50.5,0.0,0.0,0.0,0.0,0.0,0.0,2.142857142857143,0.8571428571428571,6000.0,1.0,2005,2.200000048,1.0,0.0,0.0
25.0,0.0,14.0,149.3999939,50.09999847,22.4458756763622,86.5,0.5789826206947388,108.0,67.5,0.0,1.0,0.0,0.0,0.0,0.0,4.0,0.2857142857142857,7320.0,1.5,2005,2.700000048,1.0,0.0,0.0
41.0,0.0,11.0,159.8999939,74.19999695,29.020640484452407,95.0,0.5941213484936849,133.5,79.5,0.0,0.0,0.0,0.0,1.0,2.0,2.0,0.5714285714285714,140.0,2.0,2005,4.5,0.0,0.0,0.0
36.0,0.0,13.0,159.8000031,65.30000305,25.57170200095944,87.0,0.5444305276111725,103.5,68.5,0.0,0.0,0.0,0.0,0.0,0.0,3.0,0.5714285714285714,400.0,1.0,2005,4.5,1.0,0.0,0.0
49.0,0.0,2.0,157.3999939,53.29999924,21.513832372647858,70.30000305,0.4466328194057192,136.0,76.0,0.0,0.0,0.0,0.0,1.0,10.0,0.8571428571428571,0.5714285714285714,15360.0,2.0,2005,6.300000191,1.0,0.0,1.0
47.0,0.0,0.0,155.8000031,48.70000076,20.062915500931297,69.40000153,0.44544287643855635,129.0,77.0,0.0,0.0,0.0,1.0,0.0,0.0,0.8571428571428571,0.7142857142857143,18480.0,4.0,2005,5.0,1.0,0.0,0.0
64.0,0.0,0.0,158.5,49.90000153,19.862871171969072,72.0,0.45425867507886436,138.0,78.5,0.0,0.0,0.0,0.0,1.0,0.5,2.0,1.1428571428571428,22800.0,2.0,2005,1.5,1.0,0.0,0.0
63.0,1.0,0.0,162.8999939,47.59999847,17.937619306788868,77.5,0.47575201290415764,107.0,70.0,0.0,0.0,0.0,0.0,1.0,10.0,1.1428571428571428,0.8571428571428571,19200.0,4.0,2005,4.5,1.0,0.0,0.0
30.0,0.0,1.0,160.1000061,49.79999924,19.428829594371287,64.0,0.39975014092144995,119.0,71.0,0.0,0.0,0.0,0.0,0.0,0.0,0.42857142857142855,0.8571428571428571,6240.0,5.0,2005,3.599999905,1.0,0.0,0.0
53.0,0.0,0.0,165.5,49.59999847,18.108632988015806,68.0,0.4108761329305136,97.5,62.0,0.0,0.0,0.0,1.0,0.0,0.0,0.8571428571428571,0.8571428571428571,13440.0,5.0,2005,4.099999905,1.0,0.0,0.0
45.0,0.0,0.0,149.3999939,44.79999924,20.071362154717466,71.0,0.475234289818803,101.5,60.5,0.0,0.0,0.0,1.0,0.0,0.0,0.42857142857142855,0.8571428571428571,10200.0,4.0,2005,3.799999952,1.0,0.0,0.0
46.0,0.0,0.0,151.3000031,38.70000076,16.905697733170467,66.5,0.439524115250993,133.5,78.0,0.0,0.0,0.0,0.0,0.0,0.0,2.142857142857143,1.4285714285714286,22300.0,1.5,2005,4.300000191,1.0,0.0,0.0
45.0,1.0,0.0,171.3999939,48.79999924,16.611093048500432,68.0,0.39673280291756186,111.5,69.0,0.0,0.0,1.0,0.0,1.0,2.0,2.5714285714285716,1.4285714285714286,17560.0,3.0,2005,4.0,1.0,0.0,0.0
60.0,1.0,0.0,161.5,51.0,19.55352778230406,82.0,0.5077399380804953,121.5,73.0,0.0,0.0,1.0,0.0,1.0,2.0,1.7142857142857142,1.7142857142857142,23760.0,3.0,2005,,,0.0,0.0
32.0,0.0,0.0,167.0,50.09999847,17.964071307684033,71.0,0.4251497005988024,103.5,57.5,0.0,0.0,0.0,0.0,0.0,0.0,1.7142857142857142,1.7142857142857142,25320.0,2.5,2005,,,0.0,0.0
36.0,0.0,1.0,152.8000031,57.90000153,24.798867552910444,84.0,0.5497382087422222,114.5,64.5,0.0,0.0,0.0,1.0,0.0,0.0,2.0,1.4285714285714286,21120.0,2.0,2005,3.5,1.0,0.0,0.0
43.0,0.0,5.0,165.3000031,55.09999847,20.165354602233215,69.80000305,0.42226256346634033,106.5,74.5,0.0,0.0,0.0,0.0,0.0,0.0,3.0,1.1428571428571428,24720.0,2.0,2005,6.099999905,1.0,0.0,0.0
50.0,1.0,1.0,164.3999939,49.29999924,18.24077634608632,69.90000153,0.4251825068346307,159.5,86.0,0.0,1.0,0.0,0.0,1.0,2.0,4.0,0.8571428571428571,15600.0,3.0,2005,2.099999905,1.0,0.0,0.0
36.0,0.0,0.0,156.5,51.90000153,21.19037717237085,66.0,0.4217252396166134,115.5,64.5,0.0,0.0,1.0,0.0,0.0,0.0,1.2857142857142858,1.7142857142857142,13680.0,1.0,2005,3.799999952,1.0,0.0,0.0
57.0,0.0,0.0,156.6000061,46.0,18.757470944816983,73.0,0.4661557928253491,120.5,76.5,0.0,0.0,0.0,1.0,1.0,2.0,0.8571428571428571,0.7142857142857143,14880.0,3.0,2005,3.700000048,1.0,0.0,0.0
29.0,1.0,3.0,154.3000031,60.59999847,25.45310350845575,81.0,0.5249513828428433,143.0,87.5,0.0,0.0,0.0,0.0,0.0,0.0,1.4285714285714286,1.4285714285714286,21600.0,2.5,2005,4.599999905,1.0,0.0,0.0
33.0,1.0,6.0,162.8000031,60.0,22.63822816429158,74.0,0.45454544589010515,140.5,78.5,0.0,0.0,0.0,0.0,0.0,0.0,0.42857142857142855,0.8571428571428571,18960.0,2.0,2005,4.599999905,1.0,0.0,0.0
48.0,1.0,0.0,154.8999939,51.90000153,21.63040092826077,71.5,0.4615881395460791,121.5,72.0,0.0,0.0,1.0,0.0,1.0,10.0,0.42857142857142855,1.1428571428571428,17424.0,3.0,2005,4.0,1.0,0.0,0.0
30.0,0.0,2.0,157.6000061,57.70000076,23.230756836919205,83.0,0.5266497258086084,111.0,65.5,0.0,0.0,0.0,0.0,0.0,0.0,4.0,0.8571428571428571,22560.0,1.5,2005,4.099999905,1.0,0.0,0.0
63.0,1.0,0.0,156.8000031,53.59999847,21.80081067727817,77.5,0.49426019430990686,145.5,66.0,0.0,0.0,0.0,0.0,1.0,2.0,3.0,1.1428571428571428,13920.0,4.0,2005,2.200000048,1.0,0.0,0.0
61.0,1.0,0.0,154.1000061,40.70000076,17.139143126090094,65.5,0.4250486528695861,132.0,70.0,0.0,0.0,1.0,0.0,1.0,10.0,2.0,1.4285714285714286,9360.0,2.0,2005,3.299999952,1.0,0.0,0.0
25.0,1.0,6.0,177.0,66.0,21.06674327300584,76.09999847,0.429943494180791,121.5,74.5,0.0,0.0,0.0,0.0,1.0,2.0,1.2857142857142858,0.8571428571428571,18000.0,2.0,2005,4.599999905,1.0,0.0,0.0
36.0,1.0,10.0,163.0,53.79999924,20.249162271820545,72.0,0.44171779141104295,131.0,66.0,0.0,0.0,1.0,0.0,1.0,24.0,4.0,0.8571428571428571,12000.0,1.0,2005,4.0,1.0,0.0,0.0
28.0,0.0,1.0,152.1999969,54.20000076,23.397529604298782,80.0,0.5256241894181011,131.0,71.5,0.0,0.0,0.0,0.0,0.0,0.0,4.0,0.8571428571428571,17280.0,2.0,2005,5.199999809,0.0,0.0,0.0
33.0,1.0,7.0,170.1999969,56.29999924,19.435212493106658,69.19999695,0.4065804830223237,148.5,88.5,0.0,1.0,0.0,0.0,1.0,24.0,0.2857142857142857,0.5714285714285714,0.0,0.5,2005,3.200000048,1.0,0.0,0.0
47.0,0.0,0.0,157.1999969,41.40000153,16.75310424590987,64.5,0.4103053516027137,131.0,78.0,0.0,0.0,0.0,1.0,0.0,0.0,3.0,1.7142857142857142,22320.0,2.0,2005,3.599999905,1.0,0.0,0.0
42.0,1.0,0.0,170.0,52.5,18.166089965397926,71.30000305,0.4194117826470588,137.5,64.5,0.0,0.0,0.0,0.0,0.0,0.0,1.7142857142857142,1.4285714285714286,10080.0,2.0,2005,1.799999952,0.0,0.0,0.0
42.0,1.0,5.0,159.8000031,48.59999847,19.031923737742076,67.0,0.41927408448216735,136.5,77.5,0.0,0.0,0.0,0.0,0.0,0.0,0.8571428571428571,1.4285714285714286,12960.0,1.5,2005,3.900000095,0.0,0.0,0.0
39.0,0.0,2.0,153.8000031,43.40000153,18.347506760022696,70.0,0.45513653178853547,103.5,65.0,0.0,0.0,0.0,0.0,0.0,0.0,1.7142857142857142,0.8571428571428571,15360.0,2.0,2005,4.5,0.0,0.0,0.0
35.0,1.0,1.0,160.8999939,44.40000153,17.150268744126667,67.80000305,0.42137977389941966,129.0,70.5,0.0,0.0,0.0,0.0,0.0,0.0,0.8571428571428571,1.4285714285714286,22080.0,4.0,2005,5.400000095,1.0,0.0,0.0
26.0,0.0,0.0,154.8999939,49.09999847,20.463441641118013,71.5,0.4615881395460791,97.5,57.0,0.0,0.0,0.0,0.0,0.0,0.0,0.8571428571428571,1.4285714285714286,22080.0,4.0,2005,4.0,1.0,0.0,0.0
38.0,1.0,0.0,166.8999939,48.20000076,17.303517777319406,68.0,0.40742961345308953,95.0,66.0,0.0,0.0,0.0,0.0,0.0,0.0,1.7142857142857142,1.4285714285714286,21360.0,3.0,2005,5.099999905,1.0,0.0,0.0
33.0,0.0,0.0,148.0,41.5,18.946311176040908,69.40000153,0.4689189292567567,105.5,60.0,0.0,0.0,0.0,1.0,0.0,0.0,0.5714285714285714,1.4285714285714286,22080.0,4.0,2005,4.599999905,1.0,0.0,0.0
25.0,0.0,5.0,158.8000031,56.70000076,22.4844387639158,75.0,0.47229218221595864,116.5,74.0,0.0,0.0,0.0,0.0,0.0,0.0,1.1428571428571428,1.4285714285714286,27840.0,3.0,2005,4.5,1.0,0.0,0.0
45.0,1.0,2.0,168.1000061,60.5,21.410160168946152,75.0,0.4461629820250197,129.0,77.5,0.0,0.0,1.0,0.0,1.0,0.5,0.42857142857142855,1.7142857142857142,27960.0,4.0,2005,4.199999809,1.0,0.0,0.0
27.0,1.0,5.0,161.3999939,54.79999924,21.036501930235378,73.0,0.4522924582341016,131.0,72.0,0.0,0.0,0.0,0.0,0.0,0.0,0.8571428571428571,1.4285714285714286,23640.0,2.5,2005,1.700000048,1.0,0.0,0.0
41.0,1.0,0.0,158.1000061,44.59999847,17.843131265202604,66.5,0.42061984461871565,115.5,70.5,0.0,0.0,0.0,0.0,0.0,0.0,1.2857142857142858,1.4285714285714286,26120.0,3.0,2005,5.0,1.0,0.0,0.0
49.0,1.0,4.0,165.3000031,68.09999847,24.923060901839794,87.0,0.5263157796032734,150.5,92.0,1.0,1.0,0.0,0.0,1.0,2.0,0.5714285714285714,0.8571428571428571,12320.0,4.0,2005,7.099999905,1.0,0.0,1.0
41.0,1.0,3.0,174.1999969,54.79999924,18.05860782320025,70.0,0.40183697615209313,127.0,77.0,0.0,0.0,1.0,0.0,1.0,2.0,1.1428571428571428,0.7142857142857143,18360.0,3.5,2005,4.199999809,1.0,0.0,0.0
41.0,0.0,1.0,150.0,43.20000076,19.20000033777778,68.5,0.45666666666666667,97.5,59.5,0.0,0.0,0.0,0.0,0.0,0.0,1.1428571428571428,0.7142857142857143,21820.0,4.0,2005,4.0,1.0,0.0,0.0
41.0,0.0,1.0,158.6000061,44.20000076,17.571784864093026,60.40000153,0.3808322774711419,138.5,91.0,0.0,0.0,0.0,0.0,1.0,0.5,1.7142857142857142,0.7142857142857143,16260.0,2.0,2005,1.100000024,1.0,0.0,0.0
45.0,1.0,3.0,168.3000031,55.29999924,19.523464063869127,77.0,0.457516331442064,126.5,75.5,0.0,0.0,1.0,0.0,1.0,0.5,2.5714285714285716,1.4285714285714286,18240.0,4.0,2005,3.299999952,1.0,0.0,0.0
45.0,0.0,3.0,145.3000031,45.70000076,21.646364149624986,71.59999847,0.49277355087682034,107.5,68.0,0.0,0.0,0.0,0.0,0.0,0.0,2.142857142857143,1.4285714285714286,21680.0,3.0,2005,3.700000048,1.0,0.0,0.0
51.0,1.0,0.0,154.3999939,44.79999924,18.792451970143713,72.5,0.4695596040434818,119.0,64.0,0.0,0.0,1.0,0.0,0.0,0.0,0.7142857142857143,1.7142857142857142,19200.0,3.0,2005,5.900000095,1.0,0.0,0.0
36.0,1.0,4.0,169.8000031,57.09999847,19.80435528844878,73.5,0.4328621829100544,128.5,71.5,0.0,0.0,0.0,0.0,0.0,0.0,0.8571428571428571,0.7142857142857143,15120.0,3.0,2005,4.0,1.0,0.0,0.0
30.0,0.0,0.0,164.0,54.40000153,20.226056487953603,74.19999695,0.4524390057926829,100.0,56.5,0.0,0.0,1.0,0.0,1.0,0.5,0.0,0.5714285714285714,16800.0,2.0,2005,3.200000048,1.0,0.0,0.0
38.0,1.0,9.0,171.0,49.79999924,17.030881036900244,70.19999695,0.4105262979532164,103.0,62.0,0.0,1.0,0.0,0.0,0.0,0.0,0.42857142857142855,0.0,1800.0,1.0,2005,4.199999809,1.0,0.0,0.0
26.0,0.0,0.0,153.5,42.90000153,18.207090379738776,65.40000153,0.4260586418892508,112.5,73.0,0.0,0.0,0.0,0.0,0.0,0.0,2.5714285714285716,0.7142857142857143,27840.0,4.0,2005,3.400000095,1.0,0.0,0.0
27.0,0.0,3.0,153.1999969,45.20000076,19.258432205739226,69.30000305,0.45234989851360763,129.0,63.0,0.0,0.0,0.0,0.0,0.0,0.0,0.14285714285714285,0.5714285714285714,480.0,5.0,2005,3.700000048,1.0,0.0,0.0
30.0,0.0,2.0,161.0,79.19999695,30.55437558350372,97.90000153,0.6080745436645962,103.0,61.0,0.0,0.0,0.0,0.0,0.0,0.0,1.1428571428571428,0.7142857142857143,5040.0,2.0,2005,4.0,1.0,0.0,0.0
34.0,0.0,2.0,158.8999939,62.70000076,24.832462312274874,76.80000305,0.483322882305032,115.0,76.0,0.0,0.0,0.0,0.0,0.0,0.0,0.0,0.14285714285714285,6060.0,3.0,2005,3.599999905,1.0,0.0,0.0
39.0,1.0,5.0,155.0,54.40000153,22.643080761706553,72.30000305,0.46645163258064515,120.0,63.5,0.0,0.0,0.0,0.0,1.0,0.5,2.2857142857142856,0.5714285714285714,4320.0,2.0,2005,4.699999809,1.0,0.0,0.0
25.0,0.0,2.0,159.0,48.09999847,19.026145512440173,67.5,0.42452830188679247,124.5,83.0,0.0,1.0,0.0,0.0,1.0,24.0,0.7142857142857143,1.2857142857142858,7680.0,1.0,2005,3.700000048,1.0,0.0,0.0
31.0,1.0,3.0,159.3000031,57.09999847,22.501140326204435,75.0,0.47080978368166776,128.5,72.5,0.0,0.0,0.0,0.0,1.0,0.5,0.5714285714285714,0.8571428571428571,26640.0,1.0,2005,2.400000095,1.0,0.0,0.0
29.0,0.0,1.0,158.3999939,48.09999847,19.170557442588695,71.09999847,0.44886364399032974,128.5,83.5,0.0,0.0,0.0,0.0,0.0,0.0,0.2857142857142857,0.5714285714285714,16320.0,2.0,2005,3.700000048,1.0,0.0,0.0
57.0,1.0,0.0,171.3000031,66.0,22.49205795563151,85.90000153,0.5014594277610962,137.5,78.0,0.0,0.0,0.0,0.0,1.0,2.0,2.857142857142857,1.2857142857142858,1440.0,1.0,2005,2.799999952,0.0,0.0,0.0
38.0,0.0,5.0,155.6000061,51.0,21.064490388514145,74.19999695,0.4768637149172965,126.5,72.0,0.0,0.0,0.0,0.0,0.0,0.0,0.2857142857142857,0.8571428571428571,5280.0,2.0,2005,4.199999809,0.0,0.0,0.0
28.0,0.0,0.0,164.3999939,51.29999924,18.980767284312808,67.90000153,0.41301705626158175,105.0,54.5,0.0,0.0,0.0,0.0,0.0,0.0,0.5714285714285714,0.2857142857142857,14280.0,0.5,2005,1.200000048,1.0,0.0,0.0
43.0,1.0,6.0,,,,,,,,,0.0,1.0,0.0,0.0,0.0,0.8571428571428571,0.5714285714285714,13260.0,0.5,2005,,,0.0,0.0
34.0,1.0,11.0,163.8000031,78.40000153,29.22054150527485,98.19999695,0.5995115695452633,150.0,81.0,0.0,0.0,0.0,0.0,1.0,2.0,2.857142857142857,0.5714285714285714,4200.0,0.5,2005,4.5,1.0,0.0,0.0
32.0,0.0,3.0,161.0,48.90000153,18.86501351413911,70.80000305,0.43975157173913043,111.0,66.0,0.0,0.0,0.0,0.0,0.0,0.0,1.7142857142857142,0.5714285714285714,12240.0,0.6666666666666666,2005,4.800000191,1.0,0.0,0.0
60.0,1.0,3.0,157.8999939,51.5,20.655846738883618,76.19999695,0.4825839131967186,119.5,69.5,0.0,0.0,0.0,0.0,1.0,0.5,0.8571428571428571,0.2857142857142857,15120.0,0.3333333333333333,2005,1.5,1.0,0.0,0.0
40.0,0.0,0.0,152.3000031,50.79999924,21.900996785113037,81.0,0.5318450318534498,101.5,60.0,0.0,0.0,0.0,0.0,0.0,0.0,0.8571428571428571,0.42857142857142855,4320.0,0.16666666666666666,2005,3.299999952,1.0,0.0,0.0
55.0,0.0,1.0,150.3999939,48.5,21.441052554082624,73.09999847,0.48603724358262756,,,0.0,0.0,1.0,0.0,1.0,24.0,0.2857142857142857,1.1428571428571428,1440.0,0.25,2005,6.0,1.0,0.0,0.0
30.0,0.0,2.0,158.0,59.5,23.834321422848898,78.0,0.4936708860759494,112.5,62.0,0.0,0.0,0.0,0.0,1.0,0.5,1.4285714285714286,1.4285714285714286,5400.0,0.25,2005,4.0,1.0,0.0,0.0
30.0,1.0,6.0,159.8999939,50.79999924,19.86857917996849,77.0,0.48155098772646043,122.5,73.5,0.0,0.0,0.0,0.0,1.0,2.0,1.4285714285714286,0.5714285714285714,3500.0,0.5,2005,3.599999905,1.0,0.0,0.0
51.0,1.0,0.0,161.8000031,49.20000076,18.793516876238403,73.0,0.45117428060172887,133.0,63.5,0.0,0.0,1.0,0.0,0.0,0.0,0.8571428571428571,0.8571428571428571,8400.0,0.25,2005,3.099999905,1.0,0.0,0.0
35.0,0.0,6.0,148.8000031,43.5,19.646417842516144,65.59999847,0.44086019558691797,115.5,65.0,0.0,1.0,0.0,0.0,0.0,0.0,0.8571428571428571,1.1428571428571428,13800.0,0.5,2005,4.0,1.0,0.0,0.0
32.0,0.0,5.0,161.8000031,56.59999847,21.62018313027792,72.0,0.4449938110044449,133.0,67.0,0.0,0.0,0.0,0.0,0.0,0.0,3.0,0.8571428571428571,8880.0,1.1666666666666667,2005,2.900000095,1.0,0.0,0.0
51.0,1.0,5.0,174.6000061,56.40000153,18.500804190992152,74.90000153,0.42898052069426584,107.5,58.5,0.0,0.0,0.0,0.0,1.0,2.0,0.2857142857142857,0.5714285714285714,28320.0,5.5,2005,4.300000191,1.0,0.0,0.0
40.0,0.0,0.0,142.6000061,31.70000076,15.589069183967942,61.79999924,0.43338006028318116,129.5,72.0,0.0,0.0,0.0,0.0,0.0,0.0,1.4285714285714286,0.8571428571428571,5200.0,1.0,2005,3.099999905,1.0,0.0,0.0
49.0,1.0,5.0,173.3999939,55.09999847,18.325398651138094,75.0,0.4325259667728281,114.0,59.0,0.0,0.0,0.0,0.0,0.0,0.0,0.8571428571428571,0.5714285714285714,16800.0,1.5,2005,6.099999905,1.0,0.0,0.0
40.0,0.0,0.0,156.6999969,52.90000153,21.543571819317517,74.59999847,0.47606892116026583,101.0,65.5,0.0,0.0,0.0,0.0,0.0,0.0,3.0,0.8571428571428571,10800.0,2.0,2005,3.599999905,1.0,0.0,0.0
34.0,1.0,6.0,162.3000031,66.5,25.24553560575155,82.09999847,0.5058533388900471,138.0,69.0,0.0,0.0,1.0,0.0,1.0,2.0,1.0,0.8571428571428571,8280.0,3.0,2005,4.5,1.0,0.0,0.0
25.0,0.0,1.0,166.1000061,57.70000076,20.9139719919312,64.59999847,0.38892231244776576,132.0,79.0,0.0,0.0,0.0,0.0,0.0,0.0,0.14285714285714285,1.1428571428571428,28080.0,2.0,2005,,,0.0,0.0
35.0,0.0,8.0,161.3999939,76.30000305,29.28987561493788,86.69999695,0.5371747225945837,140.5,87.5,0.0,0.0,0.0,0.0,0.0,0.0,0.2857142857142857,1.1428571428571428,18480.0,5.0,2005,,,0.0,0.0
26.0,0.0,13.0,159.1000061,52.40000153,20.700980061833633,65.0,0.4085480673026825,139.5,86.5,0.0,1.0,0.0,0.0,1.0,0.5,0.5714285714285714,2.0,19560.0,4.0,2005,,,0.0,0.0
37.0,1.0,14.0,167.5,66.19999695,23.595454470928935,76.40000153,0.456119412119403,150.5,88.0,0.0,0.0,0.0,0.0,1.0,10.0,0.8571428571428571,2.0,28800.0,1.0,2005,,,0.0,0.0
30.0,0.0,0.0,166.8999939,54.59999847,19.601079445444753,68.5,0.4104254194343622,145.5,75.5,0.0,0.0,0.0,0.0,0.0,0.0,0.14285714285714285,1.7142857142857142,20160.0,3.0,2005,,,0.0,0.0
27.0,0.0,8.0,158.3999939,66.69999695,26.583704025437275,74.90000153,0.47285356322226474,109.5,66.5,0.0,0.0,0.0,0.0,1.0,2.0,0.42857142857142855,1.1428571428571428,19440.0,3.0,2005,,,0.0,0.0
32.0,1.0,14.0,168.1000061,49.0,17.340460302121677,62.20000076,0.37001783761386786,121.0,78.5,0.0,0.0,1.0,0.0,0.0,0.0,0.8571428571428571,1.1428571428571428,23760.0,3.0,2005,,,0.0,0.0
38.0,1.0,0.0,,,,,,164.5,100.0,0.0,0.0,1.0,0.0,1.0,10.0,0.8571428571428571,2.0,30960.0,2.0,2005,,,0.0,0.0
30.0,0.0,0.0,143.0,39.40000153,19.267446589075263,61.20000076,0.4279720332867133,134.5,94.5,0.0,0.0,0.0,0.0,1.0,10.0,0.8571428571428571,1.0,33600.0,1.0,2005,,,0.0,0.0
31.0,0.0,0.0,148.0,38.90000153,17.75931406592403,55.29999924,0.3736486435135135,133.5,91.5,0.0,0.0,0.0,0.0,0.0,0.0,0.8571428571428571,1.1428571428571428,19320.0,3.0,2005,,,0.0,0.0
25.0,0.0,9.0,145.3000031,56.20000076,26.619817536741788,72.80000305,0.5010323571699911,118.5,69.0,0.0,0.0,0.0,0.0,1.0,2.0,0.8571428571428571,1.1428571428571428,18720.0,1.0,2005,,,0.0,0.0
31.0,1.0,11.0,167.5,60.59999847,21.599464814435287,73.09999847,0.43641790131343283,153.0,98.5,0.0,0.0,1.0,0.0,1.0,10.0,0.8571428571428571,1.1428571428571428,24960.0,0.6666666666666666,2005,,,0.0,0.0
55.0,1.0,10.0,166.6000061,68.40000153,24.64370977242635,89.80000305,0.5390156048139545,150.0,76.0,0.0,0.0,0.0,0.0,0.0,0.0,0.7142857142857143,1.7142857142857142,19200.0,2.0,2005,,,0.0,0.0
41.0,1.0,0.0,173.5,72.5,24.084578395302675,87.5,0.5043227665706052,138.5,75.0,0.0,0.0,0.0,0.0,0.0,0.0,1.7142857142857142,1.4285714285714286,35280.0,2.0,2005,,,0.0,0.0
30.0,0.0,0.0,164.3000031,86.90000153,32.19175403971506,92.5,0.5629945115929216,122.0,91.0,0.0,0.0,0.0,0.0,0.0,0.0,1.7142857142857142,1.4285714285714286,30960.0,1.0,2005,,,0.0,0.0
35.0,0.0,0.0,149.0,34.40000153,15.494798220800863,58.5,0.3926174496644295,137.5,91.0,0.0,0.0,0.0,0.0,0.0,0.0,0.0,2.0,17520.0,6.0,2005,,,0.0,0.0
33.0,0.0,10.0,168.8999939,51.29999924,17.982832161121387,67.09999847,0.3972765002568778,120.5,82.0,0.0,0.0,0.0,0.0,0.0,0.0,0.8571428571428571,1.1428571428571428,14040.0,1.5,2005,,,0.0,0.0
60.0,1.0,0.0,160.1999969,46.59999847,18.157702479226042,64.5,0.4026217306374992,119.0,88.0,0.0,0.0,1.0,0.0,0.0,0.0,0.42857142857142855,0.8571428571428571,23520.0,3.0,2005,,,0.0,0.0
40.0,0.0,0.0,168.0,70.0,24.801587301587304,72.0,0.42857142857142855,139.0,87.0,0.0,0.0,0.0,1.0,0.0,0.0,0.42857142857142855,0.8571428571428571,28920.0,2.0,2005,,,0.0,0.0
30.0,1.0,4.0,170.1999969,62.70000076,21.64454448558442,58.0,0.340775564373703,136.0,79.0,0.0,0.0,0.0,0.0,1.0,10.0,0.8571428571428571,1.7142857142857142,32160.0,2.0,2005,,,0.0,0.0
31.0,0.0,13.0,157.3000031,70.19999695,28.37132579501677,81.5,0.5181182351801238,153.0,110.0,0.0,0.0,0.0,0.0,1.0,2.0,0.5714285714285714,0.8571428571428571,600.0,1.5,2005,,,0.0,0.0
54.0,0.0,4.0,148.6000061,53.40000153,24.18263466915152,73.40000153,0.4939434624289695,131.0,72.0,0.0,0.0,0.0,0.0,0.0,0.0,0.5714285714285714,0.7142857142857143,20160.0,2.0,2005,,,0.0,0.0
34.0,0.0,6.0,180.0,75.09999847,23.17901187345679,63.20000076,0.35111111533333333,135.0,70.0,,0.0,0.0,0.0,1.0,10.0,1.2857142857142858,0.8571428571428571,15240.0,0.75,2005,,,0.0,0.0
29.0,0.0,5.0,160.1999969,70.0,27.275519641145234,55.90000153,0.3489388427697279,132.5,75.0,0.0,0.0,0.0,0.0,0.0,0.0,0.5714285714285714,0.5714285714285714,18480.0,2.0,2005,,,0.0,0.0
28.0,1.0,9.0,168.8999939,58.79999924,20.61190122947427,72.5,0.42924809128723124,167.5,91.5,0.0,0.0,0.0,0.0,0.0,0.0,0.8571428571428571,1.7142857142857142,20160.0,0.6666666666666666,2005,,,0.0,0.0
26.0,0.0,3.0,163.0,61.20000076,23.034363641838233,55.0,0.3374233128834356,135.0,77.5,0.0,0.0,0.0,0.0,0.0,0.0,0.8571428571428571,0.8571428571428571,18480.0,2.0,2005,,,0.0,0.0
28.0,1.0,8.0,163.5,55.5,20.761439833908483,73.0,0.44648318042813456,130.5,68.0,0.0,0.0,0.0,0.0,0.0,0.0,4.285714285714286,0.5714285714285714,12000.0,1.0,2005,,,0.0,0.0
31.0,0.0,6.0,150.1000061,55.0,24.411882431320343,70.80000305,0.47168554412203983,127.5,81.0,0.0,0.0,0.0,0.0,1.0,2.0,0.5714285714285714,0.5714285714285714,26160.0,1.0,2005,,,0.0,0.0
61.0,0.0,3.0,152.1999969,79.0,34.10340983064598,91.69999695,0.6024967070810762,208.5,119.5,0.0,1.0,0.0,0.0,0.0,0.0,0.5714285714285714,1.1428571428571428,6240.0,6.0,2005,,,0.0,0.0
52.0,0.0,11.0,153.1999969,63.79999924,27.183361491822993,79.19999695,0.5169712699256589,126.0,81.0,0.0,0.0,0.0,0.0,1.0,2.0,0.14285714285714285,1.7142857142857142,11040.0,3.0,2005,,,0.0,0.0
37.0,0.0,6.0,137.8000031,33.40000153,17.589278769657525,62.20000076,0.4513788052302301,134.5,88.0,0.0,0.0,0.0,0.0,0.0,0.0,0.2857142857142857,2.0,21840.0,0.3333333333333333,2005,,,0.0,0.0
60.0,1.0,11.0,166.6999969,71.80000305,25.837665959462974,88.80000305,0.5326934895101969,156.0,96.0,0.0,0.0,0.0,0.0,1.0,24.0,0.14285714285714285,2.0,18120.0,3.0,2005,,,0.0,0.0
32.0,0.0,0.0,154.0,62.70000076,26.437848186878057,80.80000305,0.5246753444805194,126.0,88.0,0.0,0.0,0.0,0.0,0.0,0.0,0.2857142857142857,1.7142857142857142,15120.0,2.0,2005,,,0.0,0.0
28.0,1.0,7.0,162.1999969,52.40000153,19.917261092833975,71.30000305,0.439580791693591,124.0,64.0,0.0,0.0,0.0,0.0,0.0,0.0,0.5714285714285714,0.42857142857142855,28960.0,1.0,2005,,,0.0,0.0
25.0,0.0,8.0,157.8000031,59.70000076,23.97509417930185,71.80000305,0.45500634752522384,118.5,67.0,0.0,0.0,0.0,0.0,0.0,0.0,0.5714285714285714,0.42857142857142855,13440.0,3.0,2005,,,0.0,0.0
25.0,0.0,6.0,138.8000031,70.09999847,36.38639726823377,80.19999695,0.5778097633918569,122.5,70.0,0.0,0.0,0.0,0.0,0.0,0.0,0.8571428571428571,1.7142857142857142,29760.0,2.0,2005,,,0.0,0.0
50.0,0.0,0.0,149.5,48.20000076,21.565754638091295,64.09999847,0.42876253157190636,178.5,90.0,0.0,0.0,1.0,0.0,1.0,2.0,0.2857142857142857,2.0,29040.0,1.0,2005,4.699999809,1.0,0.0,0.0
46.0,0.0,0.0,148.1000061,51.5,23.479945051269024,71.90000153,0.48548277223872444,109.5,58.0,0.0,0.0,0.0,0.0,1.0,0.5,0.14285714285714285,1.1428571428571428,31920.0,0.5,2005,4.5,1.0,0.0,0.0
44.0,1.0,5.0,171.1999969,59.59999847,20.334745607016448,69.69999695,0.4071261577809059,120.0,80.0,0.0,0.0,1.0,0.0,1.0,2.0,0.2857142857142857,1.1428571428571428,27360.0,2.0,2005,4.400000095,1.0,0.0,0.0
52.0,0.0,0.0,154.1000061,46.59999847,19.62368620488717,84.19999695,0.5463984011484085,132.5,87.0,0.0,0.0,0.0,1.0,1.0,10.0,0.14285714285714285,1.1428571428571428,27840.0,2.0,2005,4.5,1.0,0.0,0.0
33.0,1.0,0.0,156.8999939,50.5,20.513772022022092,60.79999924,0.38750797707966006,134.5,74.0,0.0,0.0,1.0,0.0,1.0,2.0,0.14285714285714285,1.1428571428571428,28320.0,2.0,2005,4.599999905,,0.0,0.0
25.0,0.0,0.0,154.6999969,47.90000153,20.014968792828245,72.59999847,0.4692954099858809,113.5,65.0,0.0,0.0,0.0,0.0,0.0,0.0,0.2857142857142857,1.1428571428571428,28320.0,2.0,2005,4.400000095,,0.0,0.0
45.0,0.0,0.0,157.3999939,55.40000153,22.36147023181186,69.59999847,0.4421855220287909,105.0,57.5,0.0,0.0,0.0,0.0,1.0,2.0,0.0,1.7142857142857142,26640.0,2.0,2005,3.200000048,1.0,0.0,0.0
49.0,0.0,0.0,151.3000031,42.5,18.56568836046051,66.40000153,0.4388631868441779,111.0,54.0,0.0,0.0,0.0,1.0,1.0,10.0,1.1428571428571428,2.0,17400.0,5.5,2005,5.300000191,,0.0,0.0
48.0,0.0,0.0,168.3999939,74.80000305,26.37651857816578,84.30000305,0.500593860472818,115.5,62.0,0.0,0.0,0.0,0.0,1.0,10.0,0.7142857142857143,2.0,22800.0,2.0,2005,3.099999905,1.0,0.0,0.0
52.0,1.0,0.0,160.8999939,51.79999924,20.008645885097497,68.90000153,0.42821630914928205,115.5,56.0,0.0,0.0,0.0,0.0,1.0,10.0,1.2857142857142858,1.1428571428571428,33240.0,3.5,2005,4.400000095,1.0,0.0,0.0
48.0,0.0,0.0,155.8000031,50.20000076,20.680869767497043,69.59999847,0.44672655381994664,194.5,74.0,0.0,0.0,0.0,0.0,0.0,0.0,0.0,2.0,31080.0,3.0,2005,3.0,1.0,0.0,0.0
30.0,0.0,0.0,158.6999969,60.29999924,23.942167792808387,65.19999695,0.4108380480377942,115.5,72.0,0.0,0.0,0.0,0.0,0.0,0.0,0.5714285714285714,0.2857142857142857,38160.0,2.0,2005,3.700000048,,0.0,0.0
33.0,1.0,9.0,172.0,70.19999695,23.729041694835047,78.0,0.45348837209302323,141.0,75.5,0.0,0.0,0.0,0.0,0.0,0.0,0.8571428571428571,0.5714285714285714,34860.0,1.0,2005,3.799999952,,0.0,0.0
37.0,0.0,2.0,185.1999969,43.40000153,12.653416242237641,63.20000076,0.34125270959980236,119.5,70.0,0.0,0.0,0.0,0.0,0.0,0.0,0.8571428571428571,0.5714285714285714,32520.0,2.0,2005,3.0,1.0,0.0,0.0
37.0,1.0,7.0,163.8000031,58.70000076,21.87813488639922,71.09999847,0.43406591651035203,126.5,67.0,0.0,0.0,1.0,0.0,1.0,10.0,0.8571428571428571,0.5714285714285714,23280.0,1.0,2005,4.300000191,1.0,0.0,0.0
37.0,0.0,0.0,160.6999969,50.90000153,19.709974328160424,74.80000305,0.4654636247226959,98.0,53.5,0.0,0.0,0.0,0.0,1.0,10.0,0.42857142857142855,2.0,31440.0,2.0,2005,2.299999952,1.0,0.0,0.0
30.0,1.0,9.0,177.1999969,59.59999847,18.98098861501438,70.5,0.3978555374342673,127.5,82.5,0.0,0.0,1.0,0.0,1.0,10.0,0.8571428571428571,0.8571428571428571,35520.0,1.0,2005,3.799999952,1.0,0.0,0.0
37.0,0.0,0.0,171.3000031,60.20000076,20.51548342459062,80.0,0.4670169209121281,123.5,62.5,0.0,0.0,0.0,0.0,0.0,0.0,0.8571428571428571,2.0,37080.0,2.0,2005,3.099999905,1.0,0.0,0.0
26.0,1.0,4.0,167.6000061,52.90000153,18.832484748635835,69.80000305,0.416467783469848,132.0,72.5,0.0,0.0,1.0,0.0,0.0,0.0,0.2857142857142857,1.0,41040.0,1.0,2005,4.300000191,1.0,0.0,0.0
25.0,1.0,7.0,162.6000061,59.90000153,22.65612949913619,70.30000305,0.4323493260311754,128.5,70.0,0.0,0.0,0.0,0.0,1.0,0.5,1.7142857142857142,1.7142857142857142,37320.0,1.0,2005,4.099999905,1.0,0.0,0.0
31.0,1.0,7.0,168.6000061,61.40000153,21.599973083427347,75.69999695,0.4489916619878461,114.5,60.0,0.0,0.0,0.0,0.0,0.0,0.0,0.0,2.0,12720.0,1.0,2005,3.799999952,1.0,0.0,0.0
27.0,0.0,0.0,157.8999939,60.79999924,24.385931379139425,80.5,0.5098163591506003,115.0,67.0,0.0,0.0,0.0,0.0,1.0,10.0,0.0,2.0,13080.0,2.0,2005,4.0,1.0,0.0,0.0
35.0,0.0,,145.6999969,47.40000153,22.328485703420924,72.0,0.4941661052293406,106.5,62.5,0.0,0.0,0.0,0.0,0.0,0.0,3.0,2.0,16440.0,3.0,2005,4.699999809,1.0,0.0,0.0
34.0,1.0,0.0,156.3999939,59.70000076,24.406239745662358,76.30000305,0.4878517009328349,138.5,59.0,0.0,0.0,0.0,0.0,0.0,0.0,3.0,2.0,26040.0,4.5,2005,5.199999809,1.0,0.0,0.0
37.0,0.0,0.0,154.3000031,51.40000153,21.58893716681432,73.19999695,0.47440048917277045,106.5,64.0,0.0,0.0,0.0,0.0,1.0,2.0,0.8571428571428571,2.0,29520.0,2.75,2005,3.700000048,1.0,0.0,0.0
46.0,1.0,0.0,166.1999969,56.59999847,20.49058684947167,69.59999847,0.4187725617821597,131.5,74.5,0.0,0.0,0.0,0.0,1.0,2.0,0.2857142857142857,1.1428571428571428,28320.0,2.0,2005,4.900000095,,0.0,0.0
26.0,0.0,0.0,151.1999969,51.29999924,22.439531955804817,69.80000305,0.46164024127701553,107.0,56.5,0.0,1.0,0.0,0.0,1.0,0.5,0.2857142857142857,1.1428571428571428,27120.0,2.0,2005,4.599999905,,0.0,0.0
49.0,0.0,0.0,153.8999939,48.59999847,20.519135073166627,71.5,0.4645874128264017,121.0,67.0,0.0,0.0,0.0,0.0,0.0,0.0,1.7142857142857142,1.1428571428571428,27120.0,2.0,2005,2.599999905,1.0,0.0,0.0
60.0,1.0,1.0,164.0,54.0,20.077334919690664,67.80000305,0.41341465274390243,95.0,48.5,0.0,0.0,1.0,0.0,1.0,10.0,0.8571428571428571,0.5714285714285714,20880.0,3.0,2005,3.5,1.0,0.0,0.0
28.0,0.0,2.0,156.6000061,57.70000076,23.528393212426476,76.90000153,0.4910600161847631,125.0,63.5,0.0,0.0,0.0,0.0,1.0,2.0,0.5714285714285714,1.4285714285714286,25680.0,2.0,2005,3.5,1.0,0.0,0.0
30.0,0.0,4.0,164.8999939,59.29999924,21.807877985947044,71.90000153,0.4360218568206994,124.5,67.5,0.0,0.0,0.0,0.0,0.0,0.0,4.285714285714286,0.8571428571428571,25920.0,4.0,2005,3.799999952,1.0,0.0,0.0
26.0,1.0,7.0,164.6999969,51.79999924,19.096007271954658,68.5,0.4159077188179352,116.0,57.0,0.0,0.0,0.0,0.0,1.0,2.0,0.2857142857142857,1.1428571428571428,22800.0,2.0,2005,4.0,1.0,0.0,0.0
25.0,0.0,3.0,145.5,44.29999924,20.925590977905312,66.40000153,0.4563573988316151,106.5,52.0,0.0,0.0,0.0,0.0,0.0,0.0,1.7142857142857142,1.4285714285714286,22320.0,2.0,2005,3.5,1.0,0.0,0.0
43.0,0.0,0.0,145.5,41.20000076,19.461272663289282,63.40000153,0.43573884213058417,132.5,62.0,0.0,0.0,0.0,1.0,0.0,0.0,0.2857142857142857,0.8571428571428571,26880.0,2.0,2005,4.099999905,1.0,0.0,0.0
55.0,0.0,0.0,154.1999969,54.0,22.710412880002515,79.5,0.5155642126994102,151.5,85.0,0.0,0.0,0.0,0.0,1.0,10.0,0.8571428571428571,1.4285714285714286,22800.0,3.0,2005,4.900000095,1.0,0.0,0.0
62.0,1.0,0.0,168.6999969,60.0,21.082451075573157,79.80000305,0.47302907241487924,89.5,43.5,,0.0,1.0,0.0,1.0,24.0,0.2857142857142857,1.4285714285714286,26880.0,3.0,2005,3.5,1.0,0.0,0.0
45.0,0.0,0.0,150.8000031,54.70000076,24.053851831373724,81.69999695,0.5417771569661195,136.5,73.0,0.0,0.0,0.0,0.0,1.0,10.0,0.42857142857142855,1.4285714285714286,29040.0,0.5,2005,3.5,1.0,0.0,0.0
44.0,1.0,7.0,171.3999939,63.09999847,21.478687751418192,71.69999695,0.4183197170463843,125.5,82.5,0.0,0.0,0.0,0.0,0.0,0.0,0.8571428571428571,0.5714285714285714,23040.0,2.0,2005,4.300000191,1.0,0.0,0.0
42.0,0.0,2.0,159.5,74.59999847,29.323610605241694,90.90000153,0.5699059657053291,132.5,72.5,0.0,0.0,0.0,0.0,0.0,0.0,1.7142857142857142,0.8571428571428571,25920.0,2.0,2005,6.0,1.0,0.0,0.0
30.0,0.0,0.0,157.3999939,54.0,21.79637832435707,76.40000153,0.48538757618084,127.0,80.5,0.0,0.0,0.0,0.0,1.0,2.0,0.42857142857142855,2.0,27840.0,3.0,2005,3.299999952,1.0,0.0,0.0
49.0,0.0,0.0,156.8999939,55.59999847,22.585459268086282,68.09999847,0.43403442394907576,163.0,91.0,0.0,0.0,0.0,0.0,1.0,2.0,0.2857142857142857,1.7142857142857142,28680.0,2.0,2005,3.799999952,1.0,0.0,0.0
47.0,0.0,0.0,154.3999939,53.70000076,22.525774602646646,74.09999847,0.4799222888440801,138.5,87.0,0.0,0.0,0.0,0.0,0.0,0.0,0.2857142857142857,1.7142857142857142,27840.0,2.0,2005,4.800000191,1.0,0.0,0.0
53.0,1.0,0.0,164.3000031,58.40000153,21.634044327648503,80.80000305,0.4917833324739603,118.0,74.5,0.0,0.0,1.0,0.0,1.0,10.0,0.5714285714285714,2.0,28320.0,3.0,2005,3.599999905,1.0,0.0,0.0
28.0,0.0,0.0,155.6999969,51.5,21.24369322241183,72.69999695,0.4669235606773477,140.5,87.5,0.0,0.0,0.0,0.0,1.0,10.0,0.0,2.0,28080.0,3.0,2005,4.300000191,1.0,0.0,0.0
30.0,1.0,4.0,164.6000061,51.59999847,19.045395459760314,65.5,0.39793437164398743,140.0,86.5,0.0,0.0,1.0,0.0,1.0,10.0,0.0,2.0,19320.0,1.5,2005,3.099999905,1.0,0.0,0.0
34.0,0.0,0.0,154.5,48.5,20.318178485772037,70.09999847,0.45372167294498383,115.0,74.0,0.0,0.0,0.0,0.0,1.0,10.0,0.0,2.0,25680.0,2.0,2005,3.5,1.0,0.0,0.0
39.0,1.0,0.0,163.1999969,55.09999847,20.68765640140654,70.19999695,0.4301470483054893,136.0,74.5,0.0,0.0,0.0,0.0,1.0,2.0,0.0,2.0,24060.0,3.0,2005,3.200000048,1.0,0.0,0.0
53.0,0.0,0.0,153.5,59.09999847,25.082493594627003,78.30000305,0.5100977397394136,121.5,80.5,0.0,0.0,0.0,0.0,1.0,10.0,0.0,2.0,26760.0,2.75,2005,3.799999952,1.0,0.0,0.0
46.0,1.0,0.0,164.0,60.59999847,22.531230841017255,73.30000305,0.4469512381097561,131.0,77.0,0.0,0.0,1.0,0.0,1.0,2.0,0.0,2.0,26400.0,3.0,2005,5.0,1.0,0.0,0.0
30.0,0.0,0.0,154.6000061,43.90000153,18.367308559795894,63.70000076,0.4120310365240018,119.5,76.0,0.0,0.0,0.0,0.0,1.0,10.0,0.0,2.0,25920.0,2.5,2005,2.799999952,1.0,0.0,0.0
42.0,1.0,4.0,161.3999939,48.59999847,18.656459412454392,67.5,0.4182156291890665,136.0,63.0,0.0,0.0,0.0,0.0,1.0,2.0,0.0,2.0,18840.0,3.0,2005,2.299999952,1.0,0.0,0.0
45.0,0.0,0.0,172.5,55.0,18.483511867254776,74.5,0.4318840579710145,105.0,56.0,0.0,0.0,0.0,0.0,1.0,10.0,0.0,2.0,19320.0,1.0,2005,3.5,1.0,0.0,0.0
42.0,1.0,0.0,165.3000031,58.90000153,21.55606987123985,69.69999695,0.421657565897529,148.0,86.0,0.0,0.0,1.0,0.0,1.0,10.0,0.0,2.0,20880.0,2.0,2005,3.299999952,1.0,0.0,0.0
45.0,0.0,4.0,165.1999969,50.40000153,18.467600876157718,69.90000153,0.42312350388427883,110.5,76.0,,0.0,0.0,0.0,1.0,10.0,0.0,2.0,20640.0,2.0,2005,4.0,1.0,0.0,0.0
26.0,1.0,3.0,162.6000061,53.70000076,20.311087483243874,66.59999847,0.40959407116529006,118.5,73.0,0.0,0.0,1.0,0.0,1.0,10.0,0.0,2.0,30720.0,1.0,2005,5.199999809,1.0,0.0,0.0
34.0,1.0,0.0,162.0,52.90000153,20.156988846974542,70.5,0.4351851851851852,146.5,89.5,0.0,0.0,1.0,0.0,1.0,10.0,0.8571428571428571,0.8571428571428571,29400.0,1.0,2005,5.400000095,1.0,0.0,0.0
30.0,0.0,0.0,160.0,52.29999924,20.429687203124995,61.0,0.38125,130.0,97.5,0.0,0.0,0.0,0.0,0.0,0.0,0.42857142857142855,2.0,25920.0,1.0,2005,3.099999905,1.0,0.0,0.0
35.0,0.0,2.0,157.8000031,54.59999847,21.926969662370016,70.19999695,0.444866892084364,129.0,80.5,0.0,0.0,0.0,0.0,1.0,10.0,0.8571428571428571,0.2857142857142857,37200.0,0.5,2005,4.099999905,1.0,0.0,0.0
34.0,1.0,3.0,164.0,50.09999847,18.62730460663296,68.90000153,0.4201219605487805,102.5,69.5,0.0,0.0,1.0,0.0,1.0,10.0,0.8571428571428571,0.8571428571428571,26400.0,2.0,2005,4.5,1.0,0.0,0.0
34.0,0.0,3.0,151.0,46.40000153,20.34998532081926,73.19999695,0.4847681917218543,122.5,69.0,0.0,0.0,0.0,0.0,1.0,10.0,2.5714285714285716,2.0,35280.0,1.0,2005,4.0,1.0,0.0,0.0
37.0,1.0,0.0,170.0,60.09999847,20.79584722145329,70.0,0.4117647058823529,128.5,75.0,0.0,0.0,1.0,0.0,,10.0,0.8571428571428571,2.0,28320.0,1.0,2005,4.0,1.0,0.0,0.0
45.0,1.0,0.0,161.5,57.90000153,22.199005657103967,69.80000305,0.4321981613003096,138.5,71.5,0.0,0.0,1.0,0.0,1.0,10.0,0.8571428571428571,2.0,33120.0,1.0,2005,4.5,1.0,0.0,0.0
37.0,0.0,0.0,162.1999969,56.40000153,21.437662658580567,68.40000153,0.4217016204517572,122.0,78.0,0.0,0.0,0.0,0.0,1.0,10.0,0.8571428571428571,2.0,33840.0,1.0,2005,2.900000095,1.0,0.0,0.0
25.0,1.0,5.0,167.1999969,58.40000153,20.890090834527008,72.30000305,0.4324162942014983,126.0,77.0,0.0,0.0,1.0,0.0,1.0,10.0,0.0,1.4285714285714286,23760.0,2.0,2005,3.700000048,1.0,0.0,0.0
25.0,0.0,0.0,163.8999939,57.09999847,21.25583752659294,72.90000153,0.4447834304037762,117.5,72.5,0.0,0.0,0.0,0.0,1.0,10.0,0.0,1.4285714285714286,23040.0,2.0,2005,3.0,1.0,0.0,0.0
45.0,0.0,0.0,153.1999969,41.59999847,17.724573823510497,65.80000305,0.4295039450487091,101.0,61.5,0.0,0.0,0.0,0.0,1.0,2.0,0.0,1.4285714285714286,18960.0,1.0,2005,2.599999905,1.0,0.0,0.0
35.0,0.0,0.0,155.8000031,55.70000076,22.9467020782381,78.30000305,0.502567403671637,157.0,95.0,0.0,0.0,0.0,0.0,0.0,0.0,0.0,1.4285714285714286,21600.0,2.0,2005,4.400000095,1.0,0.0,0.0
35.0,0.0,2.0,156.3999939,52.0,21.25836600700309,70.90000153,0.4533248356475799,124.0,87.5,0.0,0.0,0.0,0.0,1.0,10.0,0.0,1.7142857142857142,25680.0,2.0,2005,3.200000048,1.0,0.0,0.0
36.0,1.0,0.0,169.3000031,63.90000153,22.29394556784623,71.59999847,0.42291788044273226,122.0,67.0,0.0,0.0,0.0,0.0,1.0,24.0,0.0,1.4285714285714286,23280.0,1.0,2005,3.5,1.0,0.0,0.0
25.0,1.0,5.0,165.1999969,53.20000076,19.49357838932128,66.59999847,0.4031476980614883,138.0,79.0,0.0,0.0,0.0,0.0,1.0,0.5,0.0,1.4285714285714286,22320.0,3.0,2005,2.900000095,1.0,0.0,0.0
26.0,0.0,0.0,155.6000061,55.0,22.71660728173094,,,130.5,84.5,0.0,0.0,0.0,0.0,1.0,10.0,0.0,1.7142857142857142,23520.0,1.0,2005,3.799999952,1.0,0.0,0.0
55.0,0.0,0.0,143.5,39.5,19.181973800823126,55.59999847,0.3874564353310105,142.0,77.0,0.0,0.0,0.0,0.0,1.0,24.0,0.0,1.7142857142857142,25920.0,2.0,2005,3.400000095,1.0,0.0,0.0
30.0,0.0,0.0,156.1000061,52.59999847,21.58638365206597,70.0,0.44843047574999423,148.0,83.5,0.0,0.0,0.0,0.0,1.0,2.0,0.14285714285714285,1.7142857142857142,28320.0,2.0,2005,3.799999952,1.0,0.0,0.0
28.0,1.0,6.0,166.0,56.79999924,20.61257048918566,69.90000153,0.42108434656626503,122.5,71.5,0.0,0.0,0.0,0.0,0.0,0.0,0.2857142857142857,0.8571428571428571,29760.0,1.0,2005,3.5,1.0,0.0,0.0
27.0,0.0,0.0,158.1999969,51.79999924,20.697448568075632,66.90000153,0.4228824452650795,105.0,63.5,0.0,0.0,0.0,0.0,0.0,0.0,0.8571428571428571,0.2857142857142857,17520.0,2.0,2005,3.799999952,1.0,0.0,0.0
37.0,1.0,0.0,164.0,55.70000076,20.709399449732306,74.69999695,0.4554877862804878,132.5,78.5,0.0,0.0,0.0,0.0,0.0,0.0,0.8571428571428571,1.1428571428571428,12300.0,2.0,2005,4.5,1.0,0.0,0.0
43.0,0.0,0.0,159.1000061,48.0,18.96272927395112,63.59999847,0.39974856085187793,106.5,61.5,,0.0,1.0,0.0,1.0,10.0,0.0,2.0,12720.0,2.5,2005,3.099999905,1.0,0.0,0.0
33.0,0.0,1.0,165.6999969,54.20000076,19.74032470574443,73.0,0.44055522851974177,114.0,67.0,0.0,0.0,0.0,0.0,1.0,0.5,0.2857142857142857,2.0,22800.0,1.0,2005,3.400000095,1.0,0.0,0.0
48.0,0.0,0.0,154.6000061,42.70000076,17.865240595184993,56.79999924,0.367399721855509,135.5,68.5,0.0,0.0,1.0,0.0,1.0,2.0,0.14285714285714285,1.4285714285714286,27120.0,1.0,2005,5.0,1.0,0.0,0.0
57.0,0.0,0.0,151.3999939,39.09999847,17.05787882917805,62.29999924,0.4114927460376866,134.0,65.5,0.0,0.0,1.0,0.0,1.0,2.0,0.5714285714285714,1.4285714285714286,20240.0,3.0,2005,2.900000095,1.0,0.0,0.0
39.0,1.0,0.0,166.3000031,52.29999924,18.91111640684084,67.80000305,0.40769694399362283,144.0,71.0,0.0,0.0,0.0,0.0,1.0,10.0,0.5714285714285714,1.4285714285714286,9600.0,2.75,2005,,1.0,0.0,0.0
32.0,0.0,2.0,168.6000061,54.0,18.996718525083022,67.90000153,0.40272834563082494,114.0,67.5,0.0,0.0,0.0,0.0,0.0,0.0,0.5714285714285714,1.4285714285714286,22800.0,2.0,2005,4.099999905,1.0,0.0,0.0
30.0,1.0,4.0,164.6999969,51.70000076,19.059142952856565,66.80000305,0.40558593993513303,120.5,70.5,0.0,0.0,0.0,0.0,0.0,0.0,0.0,1.7142857142857142,40320.0,4.0,2005,4.599999905,1.0,0.0,0.0
26.0,0.0,0.0,165.6000061,60.20000076,21.952086223196584,70.40000153,0.42512076652634856,116.0,70.0,,0.0,0.0,0.0,0.0,0.0,0.0,1.7142857142857142,36240.0,1.0,2005,3.799999952,1.0,0.0,0.0
36.0,1.0,4.0,172.6999969,57.70000076,19.345998926231218,72.59999847,0.420382164291747,124.0,58.5,0.0,0.0,0.0,0.0,0.0,0.0,0.0,2.0,28320.0,2.0,2005,4.699999809,1.0,0.0,0.0
36.0,1.0,0.0,170.8999939,58.59999847,20.06381479294219,70.5,0.41252195738083053,94.5,59.5,,0.0,0.0,0.0,1.0,10.0,0.0,2.0,23400.0,2.5,2005,3.799999952,1.0,0.0,0.0
36.0,0.0,3.0,159.8000031,53.40000153,20.91162116685289,102.3000031,0.6401752260041101,102.5,55.5,0.0,0.0,0.0,0.0,1.0,10.0,0.0,2.0,13800.0,3.5,2005,3.099999905,1.0,0.0,0.0
51.0,1.0,6.0,176.1999969,56.20000076,18.101915304146182,72.40000153,0.4108967241985235,113.0,85.0,0.0,0.0,0.0,0.0,1.0,10.0,0.0,1.1428571428571428,18000.0,3.0,2005,3.200000048,1.0,0.0,0.0
56.0,0.0,0.0,157.8999939,62.20000076,24.947450152563196,73.59999847,0.4661178043908715,112.0,71.5,0.0,0.0,0.0,0.0,1.0,10.0,0.0,2.0,23580.0,2.0,2005,4.199999809,1.0,0.0,0.0
60.0,0.0,0.0,143.0,60.09999847,29.390189481148226,103.3000031,0.7223776440559441,134.5,65.5,0.0,0.0,0.0,0.0,1.0,2.0,0.8571428571428571,0.5714285714285714,19260.0,4.0,2005,5.800000191,1.0,0.0,0.0
35.0,1.0,2.0,176.0,61.0,19.692665289256198,72.40000153,0.41136364505681816,138.0,69.5,0.0,0.0,1.0,0.0,1.0,10.0,0.0,2.0,33360.0,1.5,2005,5.300000191,1.0,0.0,0.0
36.0,0.0,2.0,151.1999969,39.90000153,17.452970226771022,66.0,0.43650794545750415,110.5,70.5,,0.0,0.0,0.0,0.0,0.0,0.14285714285714285,2.0,22320.0,2.6666666666666665,2005,4.400000095,1.0,0.0,0.0
30.0,1.0,6.0,167.3999939,57.5,20.519036736767454,65.69999695,0.39247311436132615,119.0,66.5,0.0,0.0,0.0,0.0,0.0,0.0,0.0,2.0,22500.0,2.5,2005,3.599999905,1.0,0.0,0.0
29.0,0.0,0.0,159.6999969,59.40000153,23.290383556548775,,,117.5,63.0,,0.0,0.0,0.0,0.0,0.0,0.0,2.0,25920.0,1.5,2005,3.700000048,1.0,0.0,0.0
37.0,1.0,0.0,162.0,50.5,19.24249352232891,70.0,0.43209876543209874,146.5,78.0,0.0,0.0,0.0,0.0,1.0,10.0,1.7142857142857142,0.8571428571428571,19440.0,3.0,2005,4.300000191,1.0,0.0,0.0
49.0,0.0,0.0,142.1999969,38.09999847,18.841947283684267,64.30000305,0.45218005943571155,108.5,65.5,,0.0,1.0,0.0,1.0,10.0,0.42857142857142855,0.8571428571428571,22560.0,1.0,2005,4.699999809,1.0,0.0,0.0
53.0,0.0,0.0,154.6999969,55.59999847,23.232404983565107,71.5,0.4621848832112032,119.0,72.0,,0.0,0.0,0.0,1.0,10.0,0.2857142857142857,2.0,22320.0,3.0,2005,3.799999952,1.0,0.0,0.0
34.0,0.0,3.0,106.0,47.20000076,42.00783264506941,52.79999924,0.49811320037735846,88.5,53.5,0.0,0.0,1.0,0.0,0.0,0.0,2.142857142857143,2.0,26640.0,2.0,2005,3.400000095,1.0,0.0,0.0
26.0,1.0,2.0,169.6000061,50.79999924,17.660865321898836,64.90000153,0.382665089597541,112.5,57.5,0.0,0.0,0.0,0.0,1.0,10.0,2.5714285714285716,2.0,19200.0,3.0,2005,3.900000095,1.0,0.0,0.0
63.0,0.0,0.0,159.6000061,50.20000076,19.70778957208843,77.5,0.4855889538716001,128.0,70.5,,0.0,1.0,0.0,1.0,10.0,0.0,2.0,19440.0,2.0,2005,4.800000191,1.0,0.0,0.0
64.0,1.0,0.0,160.3999939,51.0,19.822639426625376,76.0,0.47381547936580065,149.0,75.0,,0.0,0.0,0.0,1.0,10.0,0.0,2.0,23280.0,3.0,2005,4.0,1.0,0.0,0.0
49.0,1.0,0.0,170.8999939,59.09999847,20.235007756396055,70.09999847,0.4101813983154273,128.5,75.0,0.0,0.0,0.0,0.0,1.0,10.0,0.0,2.0,15360.0,3.0,2005,3.799999952,1.0,0.0,0.0
45.0,0.0,0.0,152.0,51.70000076,22.37707789127424,72.0,0.47368421052631576,122.0,52.0,,0.0,0.0,0.0,0.0,0.0,0.0,2.0,31920.0,1.0,2005,3.200000048,1.0,0.0,0.0
59.0,0.0,0.0,144.0,35.70000076,17.216435551697533,59.20000076,0.4111111163888889,78.5,42.0,0.0,0.0,1.0,0.0,1.0,10.0,0.0,2.0,21840.0,1.0,2005,3.299999952,1.0,0.0,0.0
57.0,0.0,0.0,156.3999939,39.40000153,16.107301023100415,63.79999924,0.4079283997977189,95.0,57.5,,0.0,1.0,0.0,1.0,10.0,0.0,2.0,25680.0,1.0,2005,3.099999905,1.0,0.0,0.0
28.0,1.0,0.0,165.3000031,52.20000076,19.10402095810155,68.19999695,0.4125831559043691,119.5,58.0,,0.0,0.0,0.0,1.0,10.0,0.0,2.0,9600.0,0.5,2005,1.899999976,1.0,0.0,0.0
56.0,0.0,0.0,151.3999939,41.59999847,18.148536085997765,61.20000076,0.40422723398801935,153.0,72.0,0.0,0.0,0.0,0.0,0.0,0.0,0.0,2.0,22560.0,1.0,2005,3.099999905,1.0,0.0,0.0
56.0,1.0,0.0,158.5,46.90000153,18.668710617082468,63.79999924,0.402523654511041,102.5,61.5,0.0,0.0,1.0,0.0,1.0,10.0,0.0,2.0,15840.0,4.0,2005,4.199999809,1.0,0.0,0.0
50.0,1.0,0.0,176.0,56.0,18.078512396694215,70.59999847,0.40113635494318184,151.0,76.5,,0.0,1.0,0.0,1.0,10.0,0.0,2.0,18420.0,2.0,2005,2.799999952,1.0,0.0,0.0
50.0,1.0,4.0,169.3999939,63.09999847,21.988852598166496,61.79999924,0.36481700983107296,116.5,70.0,0.0,0.0,0.0,0.0,0.0,0.0,0.8571428571428571,0.5714285714285714,21360.0,0.3333333333333333,2005,3.200000048,1.0,0.0,0.0
44.0,0.0,0.0,149.5,64.40000153,28.813996053735412,67.0,0.44816053511705684,130.0,87.0,0.0,0.0,0.0,0.0,1.0,0.5,0.14285714285714285,0.2857142857142857,29760.0,0.5,2005,4.099999905,1.0,0.0,0.0
53.0,1.0,6.0,172.3999939,73.30000305,24.662068544098148,85.40000153,0.49535965517223834,148.5,88.5,0.0,1.0,0.0,0.0,0.0,0.0,0.2857142857142857,1.1428571428571428,1120.0,0.5,2005,3.700000048,1.0,1.0,1.0
45.0,1.0,12.0,176.0,67.0,21.62964876033058,78.0,0.4431818181818182,122.5,76.5,0.0,0.0,0.0,0.0,1.0,0.5,0.0,0.8571428571428571,9600.0,2.0,2005,3.200000048,1.0,0.0,0.0
37.0,0.0,7.0,161.3000031,69.0,26.52041643504831,78.5,0.4866707903987635,134.0,87.5,1.0,1.0,0.0,0.0,1.0,0.5,0.0,0.8571428571428571,15960.0,0.25,2005,3.700000048,1.0,0.0,0.0
43.0,1.0,11.0,176.6000061,75.59999847,24.240432161846044,79.69999695,0.45130234539669134,160.0,107.5,0.0,0.0,0.0,0.0,1.0,24.0,0.14285714285714285,0.2857142857142857,11520.0,0.5,2005,3.200000048,1.0,0.0,0.0
29.0,0.0,13.0,158.0,58.0,23.233456176894723,65.0,0.41139240506329117,119.0,72.5,0.0,0.0,0.0,0.0,0.0,0.0,0.0,2.0,12000.0,0.75,2005,3.900000095,1.0,0.0,0.0
26.0,0.0,14.0,169.1000061,93.09999847,32.55835298543566,95.0,0.5617977325430741,140.5,79.5,0.0,1.0,0.0,0.0,0.0,0.0,0.5714285714285714,0.8571428571428571,25440.0,1.5,2005,5.599999905,1.0,0.0,0.0
26.0,0.0,10.0,156.6000061,49.29999924,20.10311528964781,66.59999847,0.42528732998561486,111.5,64.0,0.0,0.0,0.0,0.0,1.0,0.5,0.14285714285714285,0.8571428571428571,7200.0,0.6666666666666666,2005,3.599999905,1.0,0.0,0.0
35.0,1.0,13.0,179.1999969,76.40000153,23.79125608274614,77.90000153,0.4347098374866099,119.0,69.5,0.0,0.0,0.0,0.0,0.0,0.0,0.5714285714285714,0.2857142857142857,10680.0,2.5,2005,3.099999905,1.0,0.0,0.0
31.0,0.0,10.0,163.1000061,59.59999847,22.40465671509225,68.69999695,0.4212139447001529,112.5,69.5,0.0,1.0,0.0,0.0,0.0,0.0,0.8571428571428571,0.5714285714285714,18720.0,2.0,2005,4.300000191,1.0,0.0,0.0
53.0,1.0,8.0,173.1999969,76.19999695,25.40149011332451,87.90000153,0.5075057915893069,133.0,81.0,0.0,0.0,0.0,0.0,0.0,0.0,0.0,0.8571428571428571,10320.0,3.0,2005,3.400000095,1.0,0.0,0.0
39.0,1.0,11.0,174.8000031,62.29999924,20.389433962539304,69.09999847,0.3953089087216384,131.0,69.0,0.0,0.0,0.0,0.0,1.0,24.0,2.857142857142857,0.14285714285714285,10560.0,3.0,2005,3.900000095,1.0,0.0,0.0
30.0,0.0,5.0,158.5,71.19999695,28.34140928857885,78.5,0.4952681388012618,123.5,81.5,,0.0,0.0,0.0,0.0,0.0,0.5714285714285714,1.4285714285714286,12840.0,0.75,2005,4.699999809,1.0,0.0,0.0
39.0,1.0,5.0,181.1999969,84.40000153,25.705501591626966,84.5,0.4663355488169989,136.5,82.5,0.0,0.0,0.0,0.0,1.0,10.0,0.7142857142857143,1.4285714285714286,23040.0,3.0,2005,3.599999905,1.0,0.0,0.0
50.0,1.0,10.0,183.5,77.59999847,23.045682563535255,84.19999695,0.45885556920980924,134.5,71.5,0.0,0.0,0.0,0.0,1.0,2.0,0.0,0.8571428571428571,12480.0,2.5,2005,4.0,1.0,0.0,0.0
45.0,1.0,9.0,167.3999939,58.5,20.8758895495808,72.80000305,0.434886533469581,132.0,68.5,,0.0,0.0,0.0,1.0,10.0,0.0,0.8571428571428571,1200.0,3.0,2005,3.900000095,1.0,0.0,0.0
45.0,0.0,9.0,163.8999939,55.09999847,20.511324808689434,72.59999847,0.442953027285012,160.5,91.0,0.0,1.0,0.0,0.0,0.0,0.0,0.5714285714285714,0.2857142857142857,14080.0,2.0,2005,4.0,1.0,0.0,0.0
25.0,1.0,12.0,184.1999969,71.0,20.925657445759448,73.5,0.39902280801829915,124.5,64.5,0.0,0.0,0.0,0.0,0.0,0.0,1.7142857142857142,0.2857142857142857,19440.0,0.5,2005,4.300000191,1.0,0.0,0.0
26.0,1.0,12.0,182.5,61.79999924,18.55507577106399,69.0,0.3780821917808219,119.0,70.0,0.0,0.0,0.0,0.0,1.0,2.0,1.7142857142857142,0.2857142857142857,1680.0,3.0,2005,3.900000095,1.0,0.0,0.0
37.0,0.0,7.0,158.1999969,47.0,18.77953855158309,64.80000305,0.4096081183298683,108.5,72.0,0.0,0.0,0.0,0.0,0.0,0.0,1.1428571428571428,0.8571428571428571,15720.0,2.0,2005,3.400000095,1.0,0.0,0.0
44.0,1.0,9.0,164.6000061,72.19999695,26.648789435637333,84.59999847,0.5139732401868969,104.0,82.0,0.0,1.0,0.0,0.0,1.0,10.0,0.8571428571428571,0.5714285714285714,22560.0,3.0,2005,4.099999905,1.0,0.0,0.0
30.0,0.0,10.0,163.5,67.69999695,25.325214656454282,73.90000153,0.451987776941896,108.5,72.0,0.0,0.0,0.0,0.0,1.0,0.5,0.8571428571428571,0.5714285714285714,15660.0,3.0,2005,3.799999952,1.0,0.0,0.0
49.0,1.0,14.0,166.5,63.0,22.725428130833535,71.80000305,0.43123124954954956,158.0,105.0,0.0,0.0,1.0,0.0,1.0,10.0,1.7142857142857142,0.2857142857142857,9600.0,2.0,2005,5.300000191,1.0,0.0,0.0
37.0,0.0,10.0,152.1999969,61.20000076,26.419350728533235,75.0,0.4927726775794698,126.0,82.0,0.0,1.0,0.0,0.0,1.0,10.0,1.1428571428571428,0.2857142857142857,1680.0,9.416666666666666,2005,4.800000191,1.0,0.0,0.0
51.0,0.0,2.0,161.0,86.19999695,33.254888680992245,94.19999695,0.585093148757764,205.0,101.5,0.0,0.0,0.0,0.0,0.0,0.0,0.8571428571428571,0.42857142857142855,360.0,4.0,2005,3.799999952,1.0,0.0,0.0
59.0,1.0,8.0,167.0,79.59999847,28.5417184086916,99.80000305,0.5976048086826348,208.5,92.0,0.0,1.0,0.0,0.0,0.0,0.0,1.4285714285714286,0.14285714285714285,21600.0,1.5,2005,5.199999809,1.0,0.0,0.0
45.0,0.0,6.0,160.1000061,102.4000015,39.95004437688551,110.0,0.6870705547087421,135.0,95.5,0.0,0.0,0.0,0.0,0.0,0.0,1.4285714285714286,0.14285714285714285,2880.0,0.5,2005,4.900000095,1.0,0.0,0.0
48.0,0.0,2.0,171.1000061,63.5,21.690705368890164,79.5,0.46464054451018516,129.0,77.0,0.0,0.0,0.0,0.0,0.0,0.0,0.0,0.8571428571428571,15360.0,0.08333333333333333,2005,2.599999905,1.0,0.0,0.0
53.0,1.0,9.0,160.3000031,74.59999847,29.03165251392728,95.80000305,0.5976294522604411,192.0,111.5,1.0,1.0,0.0,0.0,0.0,0.0,0.0,0.8571428571428571,0.0,3.0,2005,3.799999952,1.0,0.0,0.0
26.0,1.0,15.0,173.1999969,64.90000153,21.634603847829162,58.0,0.33487298520846565,119.0,81.0,0.0,0.0,0.0,0.0,1.0,2.0,1.1428571428571428,0.14285714285714285,0.0,3.0,2005,4.099999905,1.0,0.0,0.0
35.0,1.0,9.0,162.8000031,50.29999924,18.978380990980217,70.19999695,0.4312039042584023,126.0,76.0,0.0,0.0,1.0,0.0,1.0,10.0,0.0,0.2857142857142857,21760.0,3.0,2005,3.599999905,1.0,0.0,0.0
27.0,1.0,15.0,167.5,60.0,21.385609267097347,69.5,0.41492537313432837,139.0,70.0,0.0,1.0,0.0,0.0,1.0,2.0,0.5714285714285714,0.2857142857142857,1920.0,2.0,2005,4.400000095,1.0,0.0,0.0
26.0,1.0,12.0,165.3999939,52.40000153,19.154036966942016,63.20000076,0.38210400901350944,105.5,70.0,0.0,0.0,0.0,0.0,1.0,10.0,0.0,0.2857142857142857,23280.0,2.0,2005,3.200000048,1.0,0.0,0.0
41.0,0.0,1.0,164.1000061,70.19999695,26.068731492772134,78.5,0.47836683169995325,120.0,73.5,0.0,0.0,0.0,0.0,1.0,10.0,0.0,1.4285714285714286,16800.0,0.5,2005,3.5,1.0,0.0,0.0
28.0,0.0,10.0,160.6000061,68.0,26.364394275813225,81.69999695,0.5087172717735033,118.0,83.0,0.0,0.0,0.0,0.0,1.0,10.0,0.42857142857142855,1.0,14040.0,1.0,2005,3.599999905,1.0,0.0,0.0
47.0,0.0,0.0,155.5,64.09999847,26.509237278357343,71.0,0.4565916398713826,152.5,94.5,0.0,0.0,1.0,0.0,1.0,10.0,0.0,0.8571428571428571,17280.0,0.25,2005,3.099999905,1.0,0.0,0.0
42.0,0.0,7.0,149.8000031,75.69999695,33.734339964139735,95.5,0.6375166757256229,140.0,85.0,,1.0,0.0,0.0,1.0,24.0,,1.1428571428571428,80.0,10.166666666666666,2005,4.800000191,1.0,1.0,1.0
53.0,1.0,9.0,171.8000031,68.90000153,23.34387219738145,82.80000305,0.4819557715712288,109.0,68.0,0.0,1.0,0.0,0.0,0.0,0.0,0.5714285714285714,0.2857142857142857,10800.0,2.0,2005,4.699999809,1.0,0.0,0.0
47.0,0.0,13.0,166.3999939,94.5,34.12912833435635,108.4000015,0.6514423405877301,125.5,82.5,0.0,1.0,0.0,0.0,0.0,0.0,2.0,0.42857142857142855,720.0,1.0,2005,3.799999952,1.0,0.0,0.0
31.0,1.0,5.0,167.0,59.09999847,21.191150084262613,75.40000153,0.4514970151497006,151.0,85.5,0.0,0.0,1.0,0.0,1.0,10.0,0.14285714285714285,1.1428571428571428,17400.0,1.5,2005,4.5,1.0,0.0,0.0
41.0,1.0,5.0,174.8000031,66.19999695,21.665818340262444,76.80000305,0.43935927739122566,125.5,69.0,,0.0,0.0,0.0,0.0,0.0,0.2857142857142857,1.7142857142857142,13200.0,5.5,2005,3.5,1.0,0.0,0.0
37.0,0.0,0.0,159.8999939,69.09999847,27.025960855839113,95.69999695,0.5984990656713215,119.5,72.0,0.0,0.0,0.0,0.0,0.0,0.0,0.2857142857142857,1.7142857142857142,29280.0,0.6666666666666666,2005,4.099999905,1.0,0.0,0.0
33.0,1.0,5.0,166.1999969,61.20000076,22.15590043567208,71.80000305,0.432009653364801,143.5,79.0,0.0,0.0,0.0,0.0,0.0,0.0,0.0,2.0,19680.0,2.0,2005,4.5,,0.0,0.0
27.0,0.0,0.0,157.3000031,52.59999847,21.258287154523213,69.69999695,0.4431023240710922,119.0,67.5,,0.0,0.0,0.0,0.0,0.0,0.0,2.0,21760.0,1.0,2005,4.5,1.0,0.0,0.0
38.0,0.0,5.0,152.1999969,51.59999847,22.275137912444503,74.40000153,0.4888305062113966,110.5,58.5,0.0,0.0,0.0,0.0,0.0,0.0,0.14285714285714285,1.7142857142857142,28260.0,0.5,2005,3.599999905,1.0,0.0,0.0
42.0,0.0,0.0,144.5,46.09999847,22.078278981334037,68.5,0.4740484429065744,112.0,62.0,,0.0,0.0,0.0,1.0,0.5,0.14285714285714285,2.0,24060.0,1.0,2005,3.799999952,1.0,0.0,0.0
42.0,1.0,6.0,,55.09999847,,163.5,,120.5,78.0,0.0,0.0,0.0,0.0,1.0,10.0,0.8571428571428571,2.0,9000.0,6.0,2005,4.099999905,1.0,0.0,0.0
31.0,0.0,3.0,148.0,46.29999924,21.137691398831265,67.09999847,0.45337836804054055,114.5,71.5,0.0,0.0,0.0,0.0,1.0,2.0,0.2857142857142857,2.0,27840.0,1.8333333333333333,2005,3.799999952,1.0,0.0,0.0
41.0,1.0,7.0,180.0,85.30000305,26.327161435185182,82.90000153,0.46055556405555553,120.5,72.0,0.0,0.0,0.0,0.0,1.0,2.0,2.2857142857142856,2.0,10040.0,6.666666666666667,2005,9.0,1.0,0.0,1.0
36.0,0.0,3.0,158.8000031,67.90000153,26.925809629761176,80.69999695,0.5081863688578228,107.5,73.0,,0.0,0.0,0.0,1.0,2.0,2.2857142857142856,2.0,26880.0,2.0,2005,2.400000095,1.0,0.0,0.0
43.0,0.0,0.0,151.5,41.70000076,18.168153780130492,78.40000153,0.5174917592739273,117.0,69.5,,1.0,0.0,0.0,0.0,0.0,0.2857142857142857,0.8571428571428571,26880.0,2.0,2005,3.5,1.0,0.0,0.0
25.0,0.0,5.0,161.1999969,52.20000076,20.088173518590565,78.0,0.4838709770471466,113.5,77.5,,0.0,0.0,0.0,1.0,10.0,0.2857142857142857,0.8571428571428571,6720.0,2.75,2005,3.5,1.0,0.0,0.0
32.0,1.0,9.0,162.0,61.70000076,23.510135939643344,77.0,0.47530864197530864,127.5,76.5,,0.0,0.0,0.0,0.0,0.0,0.8571428571428571,0.8571428571428571,14640.0,1.0,2005,4.0,1.0,0.0,0.0
25.0,1.0,4.0,175.1999969,58.5,19.058454418109744,74.5,0.4252283180263001,155.0,87.0,0.0,0.0,0.0,0.0,1.0,10.0,0.0,0.5714285714285714,26520.0,2.0,2005,4.5,1.0,0.0,0.0
36.0,0.0,6.0,152.1999969,52.29999924,22.57732035726827,79.0,0.5190538870503748,163.5,92.0,,0.0,0.0,0.0,0.0,0.0,0.8571428571428571,0.8571428571428571,22320.0,3.0,2005,4.0,1.0,0.0,0.0
46.0,0.0,0.0,157.8000031,96.69999695,38.834028551098655,104.1999969,0.6603294984345917,124.5,87.5,0.0,0.0,0.0,0.0,0.0,0.0,0.0,2.0,13440.0,3.5,2005,4.300000191,1.0,0.0,0.0
34.0,1.0,4.0,171.1000061,58.0,19.811982856624088,72.0,0.4208065308771488,107.5,57.5,0.0,0.0,0.0,0.0,0.0,0.0,0.0,1.7142857142857142,22920.0,2.0,2005,4.199999809,1.0,0.0,0.0
25.0,0.0,8.0,142.8000031,80.0,39.2313771227171,72.40000153,0.5070028008283706,135.0,89.0,0.0,0.0,0.0,0.0,0.0,0.0,0.0,1.4285714285714286,10860.0,2.5,2005,3.0,1.0,0.0,0.0
36.0,1.0,5.0,167.0,61.20000076,21.944135953243215,76.5,0.45808383233532934,109.0,60.5,0.0,0.0,0.0,0.0,0.0,0.0,0.0,2.0,20400.0,2.0,2005,4.0,1.0,0.0,0.0
30.0,0.0,0.0,168.1999969,62.5,22.09164472953644,81.19999695,0.48275861145393395,138.0,88.0,0.0,0.0,0.0,0.0,0.0,0.0,0.0,1.4285714285714286,23760.0,2.75,2005,3.200000048,1.0,0.0,0.0
27.0,0.0,4.0,154.6999969,88.80000305,37.10499442751903,87.30000305,0.564318065930097,113.5,74.0,,0.0,0.0,0.0,0.0,0.0,2.857142857142857,2.0,22800.0,1.0,2005,4.099999905,1.0,0.0,0.0
53.0,0.0,0.0,164.5,38.59999847,14.264464840494822,63.29999924,0.38480242699088146,174.0,91.0,,0.0,1.0,0.0,1.0,10.0,0.8571428571428571,2.0,14880.0,3.0,2005,,,0.0,0.0
29.0,0.0,6.0,161.3000031,58.0,22.292523959895682,81.69999695,0.506509580780039,112.0,64.5,,0.0,0.0,0.0,0.0,0.0,0.2857142857142857,2.0,24720.0,1.0,2005,3.0,1.0,0.0,0.0
60.0,1.0,0.0,162.5,49.59999847,18.783431373254437,66.0,0.40615384615384614,132.0,79.5,0.0,0.0,0.0,0.0,0.0,0.0,0.8571428571428571,0.2857142857142857,23880.0,1.0,2005,2.5,1.0,0.0,0.0
25.0,1.0,9.0,161.1000061,50.70000076,19.535154580308788,62.20000076,0.3860955828976843,128.0,73.0,0.0,0.0,0.0,0.0,1.0,2.0,1.4285714285714286,2.0,25680.0,2.0,2005,4.099999905,1.0,0.0,0.0
35.0,0.0,0.0,161.3000031,41.40000153,15.912250449090394,65.0,0.4029758137059825,106.0,62.0,0.0,0.0,1.0,0.0,0.0,0.0,0.8571428571428571,2.0,30240.0,1.0,2005,3.299999952,1.0,0.0,0.0
33.0,1.0,4.0,171.6000061,51.0,17.319509095162925,66.69999695,0.3886946071035134,127.0,79.0,,0.0,1.0,0.0,1.0,10.0,0.0,2.0,240.0,13.0,2005,3.099999905,1.0,0.0,0.0
63.0,0.0,0.0,157.1999969,56.79999924,22.9849341369172,85.59999847,0.5445292630918621,121.5,72.0,0.0,0.0,0.0,0.0,1.0,10.0,0.5714285714285714,2.0,15840.0,7.0,2005,3.599999905,1.0,0.0,0.0
33.0,1.0,0.0,178.3999939,57.90000153,18.192354275651986,74.0,0.4147982204611499,121.5,60.0,,0.0,0.0,0.0,1.0,10.0,1.2857142857142858,2.0,24480.0,2.5,2005,3.799999952,1.0,0.0,0.0
55.0,1.0,4.0,179.0,64.0,19.97440779001904,75.0,0.41899441340782123,128.5,79.5,0.0,0.0,1.0,0.0,1.0,10.0,3.0,0.5714285714285714,26880.0,0.6666666666666666,2005,9.100000381,1.0,0.0,1.0
28.0,1.0,10.0,170.0,64.19999695,22.214531816609,82.0,0.4823529411764706,123.0,67.5,0.0,0.0,0.0,0.0,1.0,10.0,1.7142857142857142,0.5714285714285714,13200.0,7.5,2005,8.600000381,1.0,0.0,1.0
33.0,1.0,8.0,156.1000061,49.40000153,20.273144799565348,68.80000305,0.44074311570446506,117.0,54.0,0.0,0.0,1.0,0.0,1.0,0.5,0.0,0.8571428571428571,15000.0,3.0,2005,3.299999952,1.0,0.0,0.0
26.0,0.0,7.0,163.3999939,60.20000076,22.547190011647064,74.30000305,0.4547123979421397,117.5,68.0,0.0,0.0,0.0,0.0,0.0,0.0,0.0,0.8571428571428571,17280.0,2.75,2005,4.0,1.0,0.0,0.0
56.0,0.0,0.0,157.1999969,43.79999924,17.72429773237482,62.79999924,0.3994910971909822,137.5,64.5,0.0,0.0,1.0,0.0,0.0,0.0,0.0,2.0,11760.0,5.5,2005,3.5,1.0,0.0,0.0
36.0,1.0,6.0,163.8999939,55.0,20.474099742346485,73.19999695,0.44661378690874987,130.5,76.0,0.0,0.0,0.0,0.0,1.0,0.5,1.0,2.0,31800.0,2.5,2005,3.700000048,1.0,0.0,0.0
26.0,0.0,5.0,177.1999969,60.90000153,19.395004452510822,78.5,0.44300226508638274,141.5,73.0,0.0,0.0,0.0,0.0,0.0,0.0,0.0,1.7142857142857142,12720.0,3.0,2005,3.599999905,1.0,0.0,0.0
31.0,0.0,6.0,148.5,51.09999847,23.17223796664739,73.90000153,0.4976431079461279,134.5,83.5,0.0,0.0,0.0,0.0,1.0,0.5,1.0,1.7142857142857142,23280.0,1.0,2005,3.700000048,1.0,0.0,0.0
32.0,1.0,9.0,167.1999969,69.19999695,24.75332507126549,72.69999695,0.43480860226020734,106.0,66.0,0.0,0.0,1.0,0.0,1.0,2.0,1.0,2.0,34440.0,1.0,2005,3.400000095,1.0,0.0,0.0
37.0,1.0,3.0,165.3999939,51.29999924,18.751947579324,66.30000305,0.4008464661134428,116.0,59.5,0.0,0.0,1.0,0.0,1.0,10.0,0.14285714285714285,1.1428571428571428,18720.0,2.0,2005,4.699999809,1.0,0.0,0.0
44.0,1.0,4.0,172.6000061,55.79999924,18.73063839118302,68.30000305,0.3957126340449185,135.0,76.0,0.0,0.0,1.0,0.0,1.0,10.0,0.42857142857142855,1.7142857142857142,33840.0,1.0,2005,3.5,1.0,0.0,0.0
26.0,1.0,7.0,167.8999939,65.30000305,23.16390850464701,71.09999847,0.42346635528972465,115.5,49.5,0.0,0.0,0.0,0.0,1.0,2.0,0.14285714285714285,2.0,30960.0,4.0,2005,3.599999905,1.0,0.0,0.0
25.0,1.0,2.0,157.1000061,60.20000076,24.391813622632736,71.59999847,0.4557606345630817,134.0,58.0,0.0,0.0,0.0,0.0,1.0,10.0,0.0,0.8571428571428571,21600.0,3.0,2005,4.699999809,1.0,0.0,0.0
30.0,0.0,2.0,152.8999939,53.20000076,22.7560407251247,70.19999695,0.4591236085719687,117.5,58.0,0.0,0.0,0.0,0.0,0.0,0.0,0.0,0.8571428571428571,21600.0,2.5,2005,3.200000048,1.0,0.0,0.0
25.0,0.0,7.0,154.0,52.20000076,22.010457395850903,68.40000153,0.4441558540909091,96.5,54.5,0.0,0.0,0.0,0.0,0.0,0.0,0.0,1.7142857142857142,20400.0,2.5,2005,3.700000048,1.0,0.0,0.0
26.0,1.0,4.0,180.3000031,62.20000076,19.13369829513834,68.40000153,0.379367722429063,120.0,54.5,0.0,0.0,0.0,0.0,0.0,0.0,0.0,1.7142857142857142,22140.0,2.0,2005,2.799999952,1.0,0.0,0.0
34.0,1.0,2.0,157.0,55.79999924,22.637834897967462,68.59999847,0.4369426654140128,112.5,58.0,0.0,0.0,1.0,0.0,1.0,10.0,0.0,0.8571428571428571,25680.0,1.0,2005,3.700000048,1.0,0.0,0.0
26.0,0.0,1.0,159.1000061,46.70000076,18.449155656358155,63.0,0.39597735753952307,92.5,53.5,0.0,0.0,0.0,0.0,0.0,0.0,0.0,0.8571428571428571,22680.0,3.0,2005,3.299999952,1.0,0.0,0.0
31.0,0.0,2.0,142.6000061,40.90000153,20.113341898720023,69.5,0.487377258253848,113.5,68.0,0.0,0.0,0.0,0.0,0.0,0.0,0.0,1.1428571428571428,18120.0,2.0,2005,4.099999905,1.0,0.0,0.0
51.0,0.0,0.0,155.3999939,46.09999847,19.089691769476214,68.19999695,0.4388674364677694,96.5,58.5,,0.0,0.0,0.0,0.0,0.0,0.8571428571428571,1.1428571428571428,25440.0,1.0,2005,3.599999905,1.0,0.0,0.0
32.0,0.0,2.0,162.5,51.90000153,19.654438449230767,66.19999695,0.4073845966153846,90.5,56.0,,0.0,0.0,0.0,0.0,0.0,2.0,1.7142857142857142,3840.0,1.0,2005,3.200000048,1.0,0.0,0.0
38.0,1.0,4.0,165.6999969,53.79999924,19.594639101005125,72.19999695,0.43572720760865624,92.0,50.0,0.0,0.0,1.0,0.0,1.0,2.0,2.0,1.7142857142857142,25680.0,1.0,2005,3.599999905,1.0,0.0,0.0
34.0,0.0,0.0,148.5,55.09999847,24.986111834393313,68.69999695,0.4626262420875421,108.5,58.0,0.0,0.0,0.0,0.0,0.0,0.0,0.42857142857142855,2.0,24480.0,1.0,2005,3.099999905,1.0,0.0,0.0
25.0,1.0,0.0,165.0,59.59999847,21.89164314784206,68.90000153,0.41757576684848485,123.5,57.0,,0.0,0.0,0.0,0.0,0.0,0.8571428571428571,0.5714285714285714,27600.0,0.5166666666666667,2005,3.700000048,1.0,0.0,0.0
48.0,1.0,0.0,171.0,64.90000153,22.194863900003423,73.80000305,0.43157896520467837,128.0,69.0,0.0,0.0,1.0,0.0,1.0,2.0,0.5714285714285714,2.0,24720.0,1.0,2005,3.700000048,1.0,0.0,0.0
52.0,0.0,0.0,155.6999969,55.0,22.68743936374079,68.59999847,0.44059087884284986,111.0,82.0,0.0,0.0,0.0,0.0,0.0,0.0,0.5714285714285714,2.0,22560.0,2.0,2005,3.200000048,1.0,0.0,0.0
29.0,0.0,0.0,160.3000031,44.70000076,17.39564230632625,61.20000076,0.3817841520678049,114.5,66.5,0.0,0.0,0.0,0.0,0.0,0.0,0.5714285714285714,2.0,28080.0,1.6666666666666667,2005,3.599999905,1.0,0.0,0.0
53.0,1.0,9.0,163.1000061,53.90000153,20.261930574217295,73.40000153,0.4500306485886759,119.5,74.5,0.0,0.0,1.0,0.0,1.0,2.0,0.8571428571428571,0.8571428571428571,20160.0,3.0,2005,3.599999905,1.0,0.0,0.0
36.0,0.0,0.0,159.3000031,53.70000076,21.161318476267287,73.80000305,0.4632768462890256,107.5,60.5,0.0,0.0,1.0,0.0,1.0,10.0,0.2857142857142857,0.8571428571428571,21120.0,0.5,2005,3.400000095,1.0,0.0,0.0
64.0,0.0,0.0,153.8999939,49.79999924,21.025780724662546,73.19999695,0.4756335272993146,179.5,82.0,0.0,0.0,0.0,0.0,0.0,0.0,0.0,1.4285714285714286,22080.0,0.5,2005,3.200000048,1.0,0.0,0.0
41.0,0.0,0.0,156.3999939,49.79999924,20.3589732883153,64.90000153,0.4149616627958193,104.0,56.5,0.0,0.0,0.0,0.0,0.0,0.0,0.0,1.7142857142857142,31920.0,1.0,2005,3.200000048,1.0,0.0,0.0
49.0,1.0,7.0,172.3000031,56.79999924,19.13276597362815,74.0,0.42948345135578236,169.0,91.0,0.0,0.0,1.0,0.0,1.0,10.0,0.5714285714285714,0.8571428571428571,24480.0,3.0,2005,3.200000048,1.0,0.0,0.0
64.0,0.0,0.0,154.1999969,39.40000153,16.5701907818339,65.80000305,0.42671857569927096,98.0,52.0,0.0,0.0,1.0,0.0,0.0,0.0,0.5714285714285714,1.7142857142857142,22800.0,2.0,2005,4.0,1.0,0.0,0.0
25.0,1.0,5.0,173.6999969,67.90000153,22.504541162130472,70.5,0.4058722006805056,137.5,71.0,0.0,0.0,0.0,0.0,1.0,2.0,0.0,0.8571428571428571,36960.0,2.0,2005,3.200000048,1.0,0.0,0.0
30.0,0.0,6.0,148.8000031,43.09999847,19.465760435710955,63.70000076,0.42809139403841856,102.0,54.0,,0.0,0.0,0.0,0.0,0.0,0.2857142857142857,2.0,30480.0,1.0,2005,4.099999905,1.0,0.0,0.0
42.0,1.0,8.0,167.3999939,58.79999924,20.98294512221667,73.40000153,0.43847075391082196,122.0,69.5,0.0,0.0,1.0,0.0,1.0,10.0,0.14285714285714285,0.8571428571428571,17280.0,3.0,2005,3.900000095,1.0,0.0,0.0
26.0,0.0,7.0,152.8999939,52.29999924,22.371069466680787,68.40000153,0.4473512377949153,111.0,74.0,0.0,0.0,0.0,0.0,0.0,0.0,0.14285714285714285,2.0,26640.0,1.0,2005,4.0,1.0,0.0,0.0
32.0,0.0,7.0,153.1000061,50.59999847,21.58738751961509,64.69999695,0.42259957133992565,122.0,67.5,0.0,0.0,0.0,0.0,0.0,0.0,0.42857142857142855,2.0,13200.0,4.0,2005,3.799999952,1.0,0.0,0.0
38.0,1.0,6.0,169.3999939,63.29999924,22.05854812206006,72.0,0.4250295312436844,148.5,90.0,,0.0,1.0,0.0,0.0,0.0,0.5714285714285714,1.1428571428571428,30120.0,0.5,2005,3.0,,0.0,0.0
36.0,0.0,6.0,154.0,64.90000153,27.365492296340022,91.40000153,0.5935065034415584,115.5,74.5,0.0,0.0,0.0,0.0,0.0,0.0,0.2857142857142857,0.5714285714285714,16200.0,4.0,2005,3.700000048,1.0,0.0,0.0
43.0,1.0,5.0,177.0,60.90000153,19.43885905391171,73.5,0.4152542372881356,138.0,76.5,0.0,0.0,0.0,0.0,0.0,0.0,0.14285714285714285,1.4285714285714286,31200.0,2.0,2005,5.900000095,1.0,0.0,0.0
34.0,0.0,8.0,154.0,55.09999847,23.233259601113176,70.59999847,0.45844154850649355,114.5,78.0,0.0,0.0,1.0,0.0,1.0,2.0,0.42857142857142855,1.1428571428571428,26880.0,1.0,2005,3.900000095,1.0,0.0,0.0
40.0,1.0,4.0,171.8999939,57.79999924,19.560326969510793,69.5,0.4043048427356576,141.0,87.0,0.0,0.0,1.0,0.0,1.0,0.5,0.2857142857142857,1.1428571428571428,28560.0,4.0,2005,3.799999952,1.0,0.0,0.0
77.0,0.0,1.0,155.1999969,37.0,15.360958207439698,61.20000076,0.39432990968055875,117.5,69.5,0.0,0.0,1.0,0.0,0.0,0.0,0.14285714285714285,0.8571428571428571,19200.0,3.0,2005,4.099999905,1.0,0.0,0.0
64.0,1.0,,169.6000061,54.90000153,19.086250938955132,68.30000305,0.40271226765008944,129.5,71.5,0.0,0.0,0.0,0.0,0.0,0.0,0.0,0.5714285714285714,17160.0,2.0,2005,3.400000095,1.0,0.0,0.0
29.0,0.0,,148.1000061,35.09999847,16.00283563835392,67.5,0.45577310749347766,112.5,66.5,0.0,0.0,0.0,0.0,0.0,0.0,0.0,0.8571428571428571,22920.0,3.0,2005,2.700000048,1.0,0.0,0.0
29.0,0.0,7.0,145.8999939,43.40000153,20.38821465454963,60.20000076,0.41261140011603525,107.0,63.5,0.0,0.0,0.0,0.0,1.0,10.0,0.2857142857142857,0.8571428571428571,18000.0,2.5,2005,3.0,1.0,0.0,0.0
25.0,1.0,11.0,165.0,47.59999847,17.48392964921947,61.79999924,0.3745454499393939,123.0,69.5,0.0,0.0,0.0,0.0,0.0,0.0,1.7142857142857142,0.8571428571428571,13560.0,4.0,2005,3.599999905,1.0,0.0,0.0
52.0,0.0,0.0,165.6999969,82.90000153,30.193227405204006,90.80000305,0.5479783026477534,115.0,80.5,0.0,0.0,0.0,0.0,1.0,2.0,0.0,0.8571428571428571,16380.0,2.25,2005,8.5,1.0,0.0,1.0
45.0,1.0,4.0,170.5,46.90000153,16.13333271299696,69.30000305,0.40645163079178886,91.5,61.5,0.0,0.0,1.0,0.0,1.0,10.0,0.0,1.7142857142857142,19440.0,4.0,2005,2.700000048,1.0,0.0,0.0
36.0,0.0,0.0,155.1000061,42.90000153,17.833380579544148,64.69999695,0.4171501895898378,116.5,80.5,0.0,0.0,1.0,0.0,1.0,10.0,0.0,1.7142857142857142,16140.0,5.0,2005,3.299999952,1.0,0.0,0.0
33.0,1.0,7.0,162.6000061,57.29999924,21.67272403877425,69.09999847,0.424969224340023,121.5,65.5,,0.0,0.0,0.0,0.0,0.0,0.42857142857142855,0.8571428571428571,26160.0,1.0,2005,3.900000095,1.0,0.0,0.0
32.0,0.0,4.0,163.8999939,59.29999924,22.074801802924195,68.30000305,0.4167175447954669,101.5,59.0,0.0,0.0,0.0,0.0,0.0,0.0,0.42857142857142855,0.8571428571428571,27840.0,1.0,2005,4.099999905,1.0,0.0,0.0
28.0,1.0,,154.8000031,46.59999847,19.446613035571385,64.69999695,0.41795862825793445,125.0,67.0,0.0,0.0,0.0,0.0,0.0,0.0,0.8571428571428571,0.2857142857142857,11940.0,2.0,2005,3.599999905,1.0,0.0,0.0
32.0,0.0,5.0,154.6999969,81.80000305,34.18005127356006,100.5999985,0.6502908889198562,128.0,83.0,0.0,0.0,0.0,0.0,1.0,10.0,0.5714285714285714,0.8571428571428571,33840.0,3.0,2005,6.0,1.0,0.0,0.0
25.0,1.0,7.0,155.8000031,51.59999847,21.257626139548222,66.30000305,0.4255455823543562,119.0,70.5,0.0,0.0,1.0,0.0,1.0,2.0,0.8571428571428571,2.0,13920.0,2.0,2005,2.700000048,1.0,0.0,0.0
25.0,1.0,8.0,160.5,46.0,17.856969555807883,66.80000305,0.41619939595015576,126.0,70.0,0.0,0.0,1.0,0.0,1.0,2.0,2.0,0.2857142857142857,34800.0,1.0,2005,3.0,1.0,0.0,0.0
60.0,1.0,9.0,167.0,60.20000076,21.585571644734483,57.70000076,0.3455089865868264,109.0,69.0,0.0,1.0,0.0,0.0,0.0,0.0,0.0,1.0,720.0,2.0,2005,,1.0,0.0,0.0
57.0,0.0,1.0,158.3999939,45.20000076,18.01474508393332,62.90000153,0.397095984547257,123.0,77.0,0.0,0.0,1.0,0.0,1.0,10.0,0.2857142857142857,1.4285714285714286,30480.0,2.0,2005,3.400000095,1.0,0.0,0.0
46.0,1.0,8.0,166.6000061,51.59999847,18.590867808600823,69.80000305,0.4189675900017869,106.5,67.0,0.0,0.0,0.0,0.0,0.0,0.0,1.7142857142857142,1.0,11760.0,4.0,2005,3.5,1.0,0.0,0.0
33.0,0.0,9.0,155.8999939,58.79999924,24.19274367559811,71.80000305,0.4605516732480129,114.5,75.5,0.0,0.0,0.0,0.0,0.0,0.0,2.0,0.42857142857142855,23520.0,2.5,2005,3.900000095,1.0,0.0,0.0
37.0,0.0,1.0,160.1000061,76.0,29.65042312663734,82.59999847,0.5159275160702196,118.0,79.5,0.0,0.0,0.0,0.0,1.0,10.0,0.14285714285714285,1.0,17520.0,3.0,2005,2.700000048,1.0,0.0,0.0
44.0,0.0,1.0,156.8999939,45.5,18.482705485188223,66.90000153,0.4263862595981911,126.0,79.5,0.0,0.0,1.0,0.0,0.0,0.0,0.0,1.4285714285714286,18720.0,3.0,2005,2.700000048,1.0,0.0,0.0
33.0,0.0,15.0,158.1000061,69.5,27.804880391772375,93.0,0.5882352714216625,110.0,71.5,0.0,0.0,0.0,0.0,1.0,2.0,2.0,0.8571428571428571,0.0,3.0,2005,4.300000191,1.0,0.0,0.0
26.0,1.0,10.0,182.5,69.90000153,20.987052439106773,78.0,0.4273972602739726,129.5,73.5,0.0,0.0,1.0,0.0,1.0,10.0,0.42857142857142855,0.42857142857142855,24960.0,0.75,2005,,,0.0,0.0
47.0,0.0,4.0,159.0,65.5,25.908785253747872,85.80000305,0.5396226606918239,145.0,93.5,0.0,0.0,0.0,0.0,0.0,0.0,0.8571428571428571,4.0,1440.0,1.0,2005,4.300000191,1.0,0.0,0.0
46.0,1.0,8.0,175.0,60.79999924,19.85306097632653,77.0,0.44,100.5,64.5,0.0,0.0,1.0,0.0,1.0,10.0,0.2857142857142857,2.0,24360.0,2.0,2005,,,0.0,0.0
44.0,1.0,7.0,170.5,61.29999924,21.08684969685503,80.0,0.46920821114369504,145.0,82.5,0.0,0.0,1.0,0.0,1.0,10.0,1.7142857142857142,2.0,2520.0,0.16666666666666666,2005,4.300000191,1.0,0.0,0.0
37.0,0.0,11.0,159.0,75.5,29.864324987144492,86.5,0.5440251572327044,163.5,111.0,0.0,0.0,0.0,0.0,0.0,0.0,0.5714285714285714,0.5714285714285714,840.0,1.5,2005,5.0,1.0,0.0,0.0
55.0,1.0,7.0,180.6999969,57.59999847,17.64030873183464,76.0,0.42058661485234367,137.0,83.5,0.0,0.0,1.0,0.0,0.0,0.0,0.0,2.0,960.0,0.8333333333333334,2005,4.099999905,1.0,0.0,0.0
37.0,1.0,15.0,167.5,49.5,17.643127645355314,67.5,0.40298507462686567,155.0,108.5,,0.0,0.0,0.0,1.0,2.0,0.5714285714285714,0.2857142857142857,10160.0,2.0,2005,3.200000048,1.0,0.0,0.0
29.0,0.0,15.0,152.0,46.59999847,20.16966692780471,66.5,0.4375,127.5,87.5,0.0,0.0,0.0,0.0,0.0,0.0,1.7142857142857142,0.2857142857142857,4720.0,2.0,2005,5.199999809,1.0,0.0,0.0
43.0,1.0,10.0,180.1000061,81.5,25.126393313844243,99.0,0.5496945954850804,128.0,76.0,,1.0,1.0,0.0,1.0,24.0,1.0,0.5714285714285714,0.0,2.0,2005,6.699999809,1.0,0.0,1.0
60.0,1.0,16.0,159.5,47.59999847,18.71050735350478,72.0,0.45141065830721006,115.0,65.0,,0.0,0.0,0.0,0.0,0.0,2.142857142857143,1.1428571428571428,840.0,2.0,2005,5.400000095,1.0,0.0,0.0
27.0,0.0,10.0,150.3000031,43.20000076,19.12342933470566,,,92.0,58.0,,0.0,0.0,0.0,0.0,0.0,1.1428571428571428,1.1428571428571428,1080.0,2.0,2005,5.099999905,1.0,0.0,0.0
47.0,0.0,2.0,154.1000061,76.19999695,32.088516696471885,87.5,0.5678130858944852,147.0,87.5,0.0,0.0,0.0,0.0,0.0,0.0,1.4285714285714286,1.1428571428571428,28560.0,1.0,2005,4.900000095,1.0,0.0,0.0
33.0,1.0,16.0,170.0,71.0,24.56747404844291,80.0,0.47058823529411764,123.0,69.5,0.0,0.0,0.0,0.0,1.0,10.0,0.8571428571428571,0.8571428571428571,18960.0,2.0,2005,4.699999809,1.0,0.0,0.0
46.0,0.0,4.0,160.0,58.20000076,22.734375296874997,75.0,0.46875,197.5,116.5,0.0,1.0,0.0,0.0,1.0,2.0,5.0,1.7142857142857142,13440.0,1.0,2005,4.599999905,1.0,0.0,0.0
54.0,1.0,4.0,164.0,51.0,18.961927424152293,71.0,0.4329268292682927,130.5,77.0,0.0,0.0,1.0,0.0,1.0,10.0,1.1428571428571428,0.5714285714285714,12720.0,0.25,2005,,,0.0,0.0
47.0,0.0,4.0,158.1000061,65.80000305,26.324621792568454,78.5,0.4965211699634463,168.5,104.0,0.0,1.0,0.0,0.0,0.0,0.0,1.2857142857142858,1.1428571428571428,10560.0,1.1666666666666667,2005,,1.0,0.0,0.0
52.0,0.0,5.0,158.3000031,44.20000076,17.63845047759762,64.0,0.40429563327026874,130.5,78.5,1.0,1.0,0.0,0.0,1.0,2.0,2.5714285714285716,0.14285714285714285,9600.0,2.25,2005,5.5,1.0,0.0,0.0
31.0,0.0,16.0,158.0,46.5,18.62682262457939,64.5,0.40822784810126583,106.5,66.0,,1.0,0.0,0.0,0.0,0.0,0.7142857142857143,0.2857142857142857,0.0,1.0,2005,5.0,1.0,0.0,0.0
49.0,1.0,12.0,169.0,63.0,22.058051188683873,80.0,0.47337278106508873,96.0,55.5,0.0,1.0,0.0,0.0,0.0,0.0,0.2857142857142857,0.2857142857142857,17700.0,3.0,2005,,,0.0,0.0
39.0,1.0,14.0,174.5,63.40000153,20.820847621940704,77.5,0.44412607449856734,116.0,69.5,0.0,0.0,0.0,0.0,1.0,10.0,2.2857142857142856,1.0,280.0,2.0,2005,4.599999905,1.0,0.0,0.0
39.0,0.0,8.0,158.3000031,49.09999847,19.59384336135504,75.0,0.4737839452385961,115.0,67.0,0.0,0.0,0.0,0.0,1.0,0.5,0.8571428571428571,0.2857142857142857,17760.0,0.5,2005,4.400000095,1.0,0.0,0.0
60.0,1.0,7.0,166.0,92.0,33.386558281318045,57.90000153,0.348795189939759,149.5,101.0,0.0,0.0,0.0,0.0,1.0,10.0,2.142857142857143,0.42857142857142855,7440.0,1.0,2005,3.099999905,1.0,0.0,0.0
30.0,0.0,6.0,148.0,51.79999924,23.64864830168006,79.5,0.5371621621621622,110.0,68.5,0.0,0.0,1.0,0.0,1.0,0.5,0.8571428571428571,0.42857142857142855,3920.0,2.0,2005,4.199999809,1.0,0.0,0.0
55.0,0.0,1.0,158.3999939,78.5,31.286669586524262,49.90000153,0.3150252743159986,124.5,76.5,0.0,0.0,0.0,0.0,1.0,2.0,0.8571428571428571,1.1428571428571428,1680.0,8.0,2005,3.700000048,1.0,0.0,0.0
27.0,0.0,11.0,154.8000031,73.90000153,30.839158374805915,94.5,0.6104651040539935,122.0,73.5,0.0,0.0,0.0,0.0,1.0,0.5,1.1428571428571428,0.2857142857142857,1120.0,1.0,2005,,1.0,0.0,0.0
61.0,1.0,6.0,165.0,63.79999924,23.434343155188248,88.0,0.5333333333333333,159.0,84.0,0.0,0.0,0.0,0.0,0.0,0.0,3.857142857142857,0.42857142857142855,480.0,1.1666666666666667,2005,1.5,1.0,0.0,0.0
46.0,0.0,4.0,166.8000031,76.40000153,27.460045880630695,91.0,0.5455635390213012,140.5,90.0,0.0,1.0,0.0,0.0,1.0,0.5,1.2857142857142858,0.2857142857142857,560.0,1.0,2005,3.599999905,1.0,0.0,0.0
48.0,1.0,10.0,180.1999969,66.5,20.479157542308208,80.0,0.44395117300914894,145.5,80.0,0.0,0.0,0.0,0.0,1.0,0.5,1.1428571428571428,0.42857142857142855,4680.0,0.75,2005,4.199999809,1.0,0.0,0.0
57.0,0.0,4.0,168.6999969,70.19999695,24.666466686729333,86.0,0.5097806851234151,154.5,100.5,0.0,0.0,0.0,0.0,1.0,24.0,3.0,0.7142857142857143,5920.0,4.5,2005,1.299999952,1.0,0.0,0.0
28.0,1.0,9.0,170.0,59.90000153,20.726644128027683,77.0,0.45294117647058824,132.5,93.0,0.0,0.0,0.0,0.0,1.0,2.0,3.0,0.8571428571428571,19480.0,1.5,2005,,,0.0,0.0
25.0,1.0,9.0,175.5,68.80000305,22.337482017191423,78.0,0.4444444444444444,150.5,88.0,0.0,0.0,0.0,0.0,1.0,2.0,2.0,0.8571428571428571,19960.0,1.5,2005,,,0.0,0.0
31.0,1.0,4.0,164.0,71.90000153,26.732600211927426,88.0,0.5365853658536586,147.5,87.0,0.0,0.0,0.0,0.0,1.0,10.0,5.0,0.5714285714285714,12060.0,0.5,2005,,,0.0,0.0
26.0,1.0,4.0,171.0,69.69999695,23.836393061112823,81.0,0.47368421052631576,140.5,72.0,0.0,0.0,1.0,0.0,1.0,10.0,0.42857142857142855,1.1428571428571428,20160.0,0.5,2005,,,0.0,0.0
37.0,0.0,6.0,160.0,51.5,20.117187499999996,72.5,0.453125,126.5,77.0,0.0,0.0,0.0,0.0,0.0,0.0,0.42857142857142855,0.8571428571428571,13520.0,2.0,2005,3.200000048,1.0,0.0,0.0
31.0,0.0,7.0,155.1999969,52.40000153,21.75443874519206,78.0,0.5025773296262225,156.0,96.0,0.0,0.0,0.0,0.0,0.0,0.0,0.2857142857142857,0.8571428571428571,9720.0,1.0,2005,4.199999809,1.0,0.0,0.0
35.0,1.0,10.0,171.0,58.20000076,19.90356032967409,75.5,0.4415204678362573,106.5,77.0,0.0,0.0,0.0,0.0,0.0,0.0,1.4285714285714286,2.0,12360.0,2.0,2005,,,0.0,0.0
25.0,1.0,6.0,177.0,73.19999695,23.364932474703945,81.0,0.4576271186440678,140.5,80.5,0.0,0.0,1.0,0.0,1.0,2.0,0.5714285714285714,2.0,14000.0,1.5,2005,5.699999809,1.0,0.0,0.0
52.0,1.0,6.0,168.0,68.0,24.092970521541954,89.0,0.5297619047619048,145.5,83.5,0.0,0.0,0.0,0.0,0.0,0.0,0.42857142857142855,1.4285714285714286,9480.0,2.0,2005,4.300000191,1.0,0.0,0.0
59.0,0.0,0.0,164.0,90.40000153,33.610946434414046,110.0,0.6707317073170732,127.5,85.5,0.0,0.0,0.0,0.0,0.0,0.0,2.142857142857143,1.4285714285714286,15840.0,0.6666666666666666,2005,4.099999905,1.0,0.0,0.0
42.0,0.0,3.0,150.0,46.29999924,20.57777744,77.0,0.5133333333333333,107.5,68.5,0.0,1.0,0.0,0.0,0.0,0.0,3.0,1.7142857142857142,17400.0,0.75,2005,3.700000048,1.0,0.0,0.0
40.0,1.0,9.0,158.0,55.5,22.232014100304436,78.0,0.4936708860759494,130.5,84.0,0.0,0.0,0.0,0.0,1.0,10.0,1.7142857142857142,2.0,9900.0,1.0,2005,,,0.0,0.0
49.0,1.0,5.0,150.0,48.5,21.555555555555557,78.0,0.52,131.5,81.5,0.0,0.0,0.0,0.0,1.0,10.0,1.7142857142857142,1.4285714285714286,12480.0,1.0,2005,,,0.0,0.0
25.0,1.0,7.0,,,,,,,,,0.0,0.0,0.0,0.0,0.0,2.0,1.4285714285714286,28080.0,3.0,2005,,,0.0,0.0
43.0,1.0,7.0,175.0,55.79999924,18.22040791510204,71.0,0.4057142857142857,129.5,77.5,0.0,0.0,0.0,0.0,1.0,2.0,6.0,3.0,24120.0,1.5,2005,4.0,1.0,0.0,0.0
33.0,1.0,7.0,170.0,68.30000305,23.63321904844291,77.0,0.45294117647058824,157.5,92.0,0.0,0.0,0.0,0.0,1.0,2.0,4.285714285714286,2.0,15240.0,,2005,,,0.0,0.0
32.0,0.0,7.0,163.0,64.5,24.27641236026949,82.0,0.5030674846625767,123.5,66.0,0.0,0.0,0.0,0.0,0.0,0.0,10.0,0.7142857142857143,17160.0,2.0,2005,3.900000095,1.0,0.0,0.0
37.0,0.0,2.0,153.0,49.5,21.14571318723568,70.0,0.45751633986928103,113.0,74.0,0.0,0.0,0.0,0.0,0.0,0.0,10.0,2.0,18480.0,1.0,2005,2.700000048,1.0,0.0,0.0
56.0,0.0,0.0,150.0,57.0,25.333333333333332,81.5,0.5433333333333333,141.5,89.5,0.0,0.0,0.0,0.0,1.0,0.5,6.428571428571429,1.7142857142857142,17520.0,3.0,2005,3.5,1.0,0.0,0.0
29.0,1.0,6.0,166.0,61.0,22.136739730004358,82.0,0.4939759036144578,135.5,78.5,0.0,0.0,1.0,0.0,0.0,0.0,2.857142857142857,2.0,8040.0,2.0,2005,4.300000191,1.0,0.0,0.0
29.0,0.0,7.0,152.0,54.90000153,23.762119775796396,80.0,0.5263157894736842,126.5,79.5,0.0,0.0,0.0,0.0,0.0,0.0,0.2857142857142857,1.4285714285714286,26640.0,1.0,2005,4.699999809,1.0,0.0,0.0
46.0,0.0,1.0,155.0,52.59999847,21.893859925078043,77.0,0.4967741935483871,128.0,63.0,,0.0,0.0,0.0,0.0,0.0,0.5714285714285714,2.0,21360.0,2.0,2005,,,0.0,0.0
36.0,1.0,4.0,177.0,50.5,16.11925053464841,75.0,0.423728813559322,125.0,78.0,,0.0,1.0,0.0,1.0,10.0,0.2857142857142857,1.7142857142857142,28960.0,0.5,2005,4.099999905,1.0,0.0,0.0
30.0,0.0,7.0,155.0,57.5,23.933402705515086,81.0,0.5225806451612903,118.5,74.5,0.0,0.0,0.0,0.0,0.0,0.0,0.5714285714285714,2.0,29760.0,1.0,2005,3.0,1.0,0.0,0.0
41.0,0.0,5.0,157.0,54.70000076,22.191569946042435,75.0,0.47770700636942676,131.5,78.0,0.0,0.0,0.0,0.0,0.0,0.0,4.571428571428571,1.1428571428571428,12720.0,1.0,2005,3.599999905,1.0,0.0,0.0
28.0,1.0,18.0,177.0,76.09999847,24.29059289157011,89.0,0.5028248587570622,128.0,80.0,0.0,0.0,0.0,0.0,0.0,0.0,2.0,0.5714285714285714,25920.0,1.0,2005,,,0.0,0.0
27.0,0.0,10.0,150.0,47.5,21.11111111111111,72.0,0.48,98.0,60.0,0.0,0.0,0.0,0.0,0.0,0.0,5.714285714285714,0.42857142857142855,9120.0,2.0,2005,2.700000048,1.0,0.0,0.0
45.0,1.0,6.0,170.0,63.29999924,21.903113923875434,86.0,0.5058823529411764,152.0,99.5,0.0,0.0,0.0,0.0,1.0,10.0,1.7142857142857142,1.1428571428571428,13440.0,1.0,2005,3.799999952,1.0,0.0,0.0
36.0,1.0,9.0,163.0,52.90000153,19.91042249614212,72.0,0.44171779141104295,111.0,67.5,0.0,0.0,0.0,0.0,1.0,2.0,1.4285714285714286,1.1428571428571428,2400.0,1.0,2005,,,0.0,0.0
31.0,1.0,3.0,179.0,63.0,19.66230766829999,74.0,0.4134078212290503,145.5,76.0,0.0,0.0,0.0,0.0,0.0,0.0,10.0,0.8571428571428571,21840.0,1.0,2005,4.599999905,1.0,0.0,0.0
25.0,0.0,0.0,157.0,64.5,26.16739015781573,80.0,0.5095541401273885,122.5,67.0,0.0,0.0,0.0,0.0,0.0,0.0,1.7142857142857142,0.8571428571428571,14880.0,0.5,2005,4.5,1.0,0.0,0.0
28.0,1.0,6.0,178.0,62.40000153,19.694483502714302,80.0,0.449438202247191,131.5,69.0,0.0,0.0,1.0,0.0,0.0,0.0,0.42857142857142855,0.8571428571428571,19920.0,2.0,2005,2.299999952,1.0,0.0,0.0
27.0,1.0,6.0,165.3999939,58.70000076,21.456907474952214,78.5,0.4746070308047333,134.5,70.0,0.0,0.0,0.0,0.0,1.0,2.0,0.8571428571428571,0.5714285714285714,18540.0,2.8333333333333335,2005,3.200000048,1.0,0.0,0.0
25.0,1.0,7.0,176.8999939,64.19999695,20.515370830526177,77.0,0.43527418120504524,131.0,60.0,0.0,0.0,0.0,0.0,1.0,10.0,0.5714285714285714,2.0,19120.0,2.0,2005,,,0.0,0.0
40.0,0.0,3.0,148.0,49.59999847,22.644265189006575,76.0,0.5135135135135135,129.5,88.0,0.0,0.0,0.0,0.0,1.0,2.0,5.0,1.1428571428571428,13800.0,2.0,2005,4.199999809,1.0,0.0,0.0
50.0,1.0,7.0,160.0,53.20000076,20.781250296874997,77.0,0.48125,100.5,57.5,0.0,0.0,0.0,0.0,0.0,0.0,1.0,2.0,10360.0,0.5,2005,3.799999952,1.0,0.0,0.0
38.0,0.0,2.0,155.3999939,79.0,32.71335574490358,87.5,0.563063085165282,145.0,82.0,0.0,0.0,0.0,0.0,0.0,0.0,4.571428571428571,2.0,29840.0,1.0,2005,4.5,1.0,0.0,0.0
25.0,1.0,5.0,161.5,53.59999847,20.550373710090195,73.0,0.4520123839009288,127.0,71.0,0.0,0.0,0.0,0.0,0.0,0.0,0.8571428571428571,2.0,32160.0,1.0,2005,2.099999905,1.0,0.0,0.0
32.0,1.0,4.0,162.3000031,54.70000076,20.765876944679952,73.0,0.44978434137811796,119.5,75.0,0.0,0.0,1.0,0.0,1.0,10.0,1.4285714285714286,0.5714285714285714,20400.0,1.0,2005,3.5,1.0,0.0,0.0
30.0,1.0,8.0,172.5,59.70000076,20.06301222768326,77.0,0.4463768115942029,103.0,59.0,0.0,0.0,1.0,0.0,1.0,24.0,1.7142857142857142,2.0,13560.0,2.0,2005,4.5,1.0,0.0,0.0
40.0,0.0,6.0,162.1000061,70.90000153,26.98237552006205,83.0,0.5120295920827852,117.5,65.0,0.0,0.0,0.0,0.0,1.0,0.5,2.0,1.0,19440.0,1.0,2005,3.900000095,1.0,0.0,0.0
53.0,1.0,3.0,164.5,56.79999924,20.990197518500384,75.0,0.45592705167173253,127.0,80.5,0.0,0.0,1.0,0.0,1.0,10.0,2.142857142857143,1.1428571428571428,6480.0,2.0,2005,2.299999952,1.0,0.0,0.0
45.0,0.0,0.0,155.5,52.09999847,21.546509432284616,76.5,0.4919614147909968,120.5,78.0,0.0,0.0,0.0,0.0,0.0,0.0,1.7142857142857142,1.1428571428571428,22240.0,1.0,2005,2.200000048,1.0,0.0,0.0
30.0,0.0,2.0,142.0,46.40000153,23.011308039079548,75.0,0.528169014084507,119.5,67.0,0.0,0.0,0.0,0.0,0.0,0.0,2.857142857142857,0.8571428571428571,11280.0,2.0,2005,3.700000048,1.0,0.0,0.0
25.0,0.0,0.0,149.0,41.70000076,18.782938047835685,74.0,0.4966442953020134,102.0,58.0,0.0,0.0,0.0,0.0,0.0,0.0,2.142857142857143,0.8571428571428571,24000.0,2.0,2005,3.099999905,1.0,0.0,0.0
46.0,1.0,8.0,174.0,54.90000153,18.133175297265158,75.0,0.43103448275862066,112.0,66.0,0.0,0.0,0.0,1.0,0.0,0.0,4.285714285714286,2.0,23600.0,1.0,2005,1.399999976,1.0,0.0,0.0
39.0,0.0,4.0,149.5,41.59999847,18.612766510441716,73.5,0.4916387959866221,95.0,58.0,0.0,0.0,0.0,0.0,0.0,0.0,0.8571428571428571,2.0,7140.0,1.0,2005,5.900000095,1.0,0.0,0.0
37.0,0.0,2.0,149.0,51.70000076,23.287239655871357,78.0,0.5234899328859061,125.5,77.0,0.0,0.0,0.0,0.0,0.0,0.0,1.0,2.0,280.0,1.0,2005,5.599999905,1.0,0.0,0.0
25.0,0.0,2.0,156.0,43.90000153,18.039119629355685,72.30000305,0.4634615580128205,117.0,62.5,0.0,0.0,0.0,0.0,0.0,0.0,0.42857142857142855,2.0,10860.0,1.0,2005,4.300000191,1.0,0.0,0.0
48.0,1.0,0.0,,,,,,,,,0.0,1.0,0.0,0.0,0.0,5.0,2.0,20160.0,1.5,2005,,,0.0,0.0
43.0,0.0,0.0,150.0,44.5,19.77777777777778,69.0,0.46,145.5,95.0,,0.0,0.0,0.0,0.0,0.0,0.2857142857142857,2.0,25920.0,1.0,2005,3.299999952,1.0,0.0,0.0
31.0,0.0,2.0,146.1000061,43.79999924,20.519824158443708,68.0,0.4654346143795267,119.0,72.0,0.0,0.0,0.0,0.0,0.0,0.0,0.42857142857142855,0.42857142857142855,11600.0,1.0,2005,3.5,1.0,0.0,0.0
38.0,0.0,2.0,157.8999939,52.40000153,21.016823314969844,71.0,0.44965169564835555,112.0,59.5,0.0,0.0,0.0,0.0,0.0,0.0,1.0,1.7142857142857142,12180.0,1.0,2005,1.299999952,1.0,0.0,0.0
42.0,0.0,2.0,145.0,35.0,16.646848989298455,60.0,0.41379310344827586,88.5,50.5,0.0,0.0,0.0,0.0,0.0,0.0,0.2857142857142857,1.7142857142857142,8680.0,1.0,2005,4.0,1.0,0.0,0.0
36.0,1.0,6.0,171.5,57.90000153,19.68567570655084,74.5,0.43440233236151604,116.5,65.5,0.0,0.0,1.0,0.0,0.0,0.0,2.142857142857143,1.1428571428571428,11440.0,1.75,2005,1.5,1.0,0.0,0.0
31.0,0.0,0.0,146.0,44.5,20.876337023831866,71.0,0.4863013698630137,124.0,78.0,0.0,0.0,0.0,0.0,0.0,0.0,2.857142857142857,1.7142857142857142,16960.0,2.0,2005,2.200000048,1.0,0.0,0.0
47.0,1.0,6.0,159.0,57.40000153,22.704798674894185,81.5,0.5125786163522013,120.5,70.5,0.0,0.0,0.0,0.0,0.0,0.0,2.0,2.0,27720.0,2.0,2005,2.799999952,1.0,0.0,0.0
51.0,0.0,0.0,160.0,48.20000076,18.828125296874997,68.5,0.428125,124.0,77.5,0.0,0.0,0.0,1.0,1.0,0.5,0.5714285714285714,1.7142857142857142,13500.0,1.5,2005,3.5,1.0,0.0,0.0
46.0,1.0,4.0,160.0,62.5,24.414062499999996,84.0,0.525,139.5,78.5,0.0,0.0,0.0,0.0,1.0,0.5,3.0,2.0,29640.0,1.0,2005,2.299999952,1.0,0.0,0.0
42.0,0.0,2.0,158.3999939,53.29999924,21.243050511896485,72.0,0.4545454720500466,116.0,60.0,0.0,0.0,0.0,0.0,0.0,0.0,0.2857142857142857,2.0,20320.0,0.5,2005,3.799999952,1.0,0.0,0.0
41.0,0.0,3.0,149.0,44.59999847,20.089184482680963,73.40000153,0.4926174599328859,109.0,60.0,0.0,1.0,0.0,0.0,0.0,0.0,0.2857142857142857,2.0,18400.0,1.0,2005,4.0,1.0,0.0,0.0
57.0,0.0,0.0,141.0,54.20000076,27.262210532669386,86.0,0.6099290780141844,131.5,74.0,0.0,0.0,1.0,1.0,1.0,0.5,2.857142857142857,2.0,12080.0,1.0,2005,,1.0,0.0,0.0
54.0,1.0,7.0,166.0,54.0,19.5964581216432,79.0,0.4759036144578313,164.5,95.0,0.0,0.0,1.0,0.0,1.0,10.0,0.2857142857142857,2.0,280.0,2.0,2005,4.400000095,1.0,0.0,0.0
27.0,1.0,13.0,170.5,53.5,18.40369449867132,66.0,0.3870967741935484,126.5,78.0,0.0,0.0,0.0,0.0,1.0,2.0,4.0,0.8571428571428571,2440.0,2.0,2005,4.199999809,1.0,0.0,0.0
58.0,0.0,0.0,148.3000031,45.09999847,20.50662581611501,72.5,0.4888738940289341,180.5,80.0,0.0,0.0,0.0,0.0,0.0,0.0,0.5714285714285714,0.8571428571428571,3960.0,4.5,2005,3.799999952,1.0,0.0,0.0
30.0,1.0,7.0,169.6000061,60.79999924,21.137413665622557,76.0,0.4481131914298911,118.5,61.5,0.0,0.0,1.0,0.0,1.0,2.0,6.0,0.2857142857142857,11800.0,1.0,2005,3.799999952,1.0,0.0,0.0
53.0,1.0,2.0,171.5,56.59999847,19.243681959047674,74.5,0.43440233236151604,135.0,84.5,0.0,0.0,1.0,0.0,1.0,2.0,0.5714285714285714,2.0,19320.0,1.0,2005,,,0.0,0.0
47.0,0.0,1.0,160.0,57.5,22.460937499999996,78.0,0.4875,158.0,100.0,0.0,1.0,0.0,0.0,0.0,0.0,1.0,2.0,840.0,2.0,2005,3.799999952,1.0,0.0,0.0
30.0,1.0,5.0,171.0,64.0,21.887076365377382,74.0,0.4327485380116959,150.0,80.5,0.0,0.0,0.0,0.0,0.0,0.0,6.0,0.42857142857142855,19760.0,2.0,2005,4.0,1.0,0.0,0.0
31.0,1.0,7.0,163.0,56.59999847,21.303021743385152,76.0,0.4662576687116564,108.0,70.0,0.0,0.0,0.0,0.0,0.0,0.0,1.1428571428571428,0.42857142857142855,8520.0,1.0,2005,3.400000095,1.0,0.0,0.0
28.0,1.0,7.0,162.5,59.5,22.532544378698226,72.5,0.4461538461538462,122.0,84.0,0.0,0.0,0.0,0.0,0.0,0.0,0.8571428571428571,0.5714285714285714,18720.0,2.0,2005,2.700000048,1.0,0.0,0.0
26.0,0.0,3.0,151.5,54.79999924,23.875654561099676,79.0,0.5214521452145214,133.0,81.5,0.0,0.0,0.0,0.0,0.0,0.0,0.0,2.0,960.0,2.0,2005,2.299999952,1.0,0.0,0.0
35.0,1.0,4.0,170.0,52.09999847,18.027681131487892,72.0,0.4235294117647059,141.0,82.5,0.0,0.0,1.0,0.0,0.0,0.0,0.2857142857142857,2.0,7980.0,1.0,2005,3.799999952,1.0,0.0,0.0
29.0,0.0,4.0,165.5,58.90000153,21.504002895190805,83.0,0.5015105740181269,143.0,80.0,0.0,0.0,0.0,0.0,0.0,0.0,1.1428571428571428,2.0,18480.0,1.0,2005,3.299999952,1.0,0.0,0.0
41.0,1.0,5.0,172.1999969,61.09999847,20.605109213783187,80.0,0.4645760826956205,109.5,64.5,0.0,0.0,1.0,0.0,1.0,0.5,0.0,2.0,1920.0,2.0,2005,3.299999952,1.0,0.0,0.0
25.0,1.0,10.0,189.1000061,70.0,19.57559423366471,76.0,0.40190374166254456,125.0,64.0,0.0,0.0,0.0,0.0,1.0,2.0,1.2857142857142858,0.5714285714285714,10440.0,2.0,2005,3.299999952,1.0,0.0,0.0
40.0,1.0,2.0,160.6000061,65.09999847,25.240029809087027,80.0,0.4981319860609893,128.5,81.5,0.0,0.0,0.0,0.0,1.0,0.5,0.2857142857142857,1.1428571428571428,25320.0,1.0,2005,4.699999809,1.0,0.0,0.0
27.0,0.0,14.0,152.1000061,68.80000305,29.7392488209232,80.0,0.5259697356448693,125.0,80.5,0.0,1.0,0.0,0.0,1.0,0.5,0.5714285714285714,1.1428571428571428,9600.0,3.0,2005,5.099999905,1.0,0.0,0.0
30.0,1.0,8.0,166.0,51.5,18.689214690085645,71.0,0.42771084337349397,125.0,68.5,0.0,0.0,0.0,0.0,0.0,0.0,0.7142857142857143,1.4285714285714286,19480.0,0.5,2005,3.400000095,1.0,0.0,0.0
43.0,0.0,0.0,161.0,45.40000153,17.514756965394852,69.0,0.42857142857142855,157.5,103.5,0.0,0.0,0.0,1.0,1.0,24.0,0.8571428571428571,0.7142857142857143,14220.0,1.0,2005,,,0.0,0.0
64.0,1.0,0.0,172.0,51.70000076,17.475662777176854,72.0,0.4186046511627907,157.5,94.0,0.0,0.0,1.0,0.0,1.0,10.0,0.42857142857142855,2.0,14400.0,2.0,2005,3.799999952,1.0,0.0,0.0
44.0,0.0,0.0,159.0,60.0,23.73323840037973,81.0,0.5094339622641509,119.0,68.5,0.0,0.0,0.0,0.0,0.0,0.0,2.2857142857142856,2.0,14400.0,2.0,2005,2.900000095,1.0,0.0,0.0
43.0,1.0,4.0,166.5,55.0,19.83965947929912,76.0,0.45645645645645644,120.5,78.5,0.0,0.0,0.0,0.0,0.0,0.0,0.14285714285714285,2.0,12360.0,2.0,2005,4.599999905,1.0,0.0,0.0
29.0,0.0,0.0,175.0,61.09999847,19.95101990857143,80.5,0.46,108.5,62.5,0.0,0.0,0.0,0.0,0.0,0.0,0.5714285714285714,1.0,23580.0,1.8333333333333333,2005,3.700000048,1.0,0.0,0.0
29.0,0.0,3.0,134.0,37.20000076,20.717309400757404,72.0,0.5373134328358209,101.0,69.0,0.0,0.0,0.0,0.0,0.0,0.0,0.2857142857142857,0.8571428571428571,14160.0,0.75,2005,4.099999905,1.0,0.0,0.0
63.0,0.0,0.0,158.0,43.29999924,17.34497646210543,76.0,0.4810126582278481,174.0,74.5,0.0,1.0,0.0,0.0,0.0,0.0,0.0,2.0,21120.0,2.0,2005,2.700000048,1.0,0.0,0.0
62.0,0.0,0.0,,,,,,,,,0.0,0.0,0.0,0.0,0.0,0.0,2.0,13200.0,1.0,2005,,,0.0,0.0
52.0,0.0,0.0,152.0,50.20000076,21.727839664127423,82.5,0.5427631578947368,165.5,91.0,0.0,0.0,0.0,0.0,1.0,10.0,0.5714285714285714,0.8571428571428571,1920.0,1.0,2005,3.900000095,1.0,0.0,0.0
46.0,1.0,5.0,176.0,61.79999924,19.950929506714875,78.0,0.4431818181818182,111.0,68.0,0.0,0.0,0.0,0.0,0.0,0.0,0.2857142857142857,2.0,10860.0,1.0,2005,3.799999952,1.0,0.0,0.0
42.0,0.0,5.0,160.0,43.5,16.992187499999996,68.0,0.425,130.5,83.0,0.0,0.0,0.0,0.0,0.0,0.0,0.42857142857142855,2.0,11240.0,1.0,2005,3.400000095,1.0,0.0,0.0
40.0,1.0,5.0,165.8000031,50.5,18.37055636653673,65.5,0.3950542748813736,129.0,70.5,0.0,0.0,1.0,0.0,1.0,0.5,0.5714285714285714,2.0,21000.0,1.0,2005,3.700000048,1.0,0.0,0.0
33.0,0.0,5.0,164.5,54.0,19.955469738823552,72.0,0.4376899696048632,118.5,77.5,0.0,0.0,0.0,0.0,0.0,0.0,0.5714285714285714,2.0,14520.0,0.75,2005,4.0,1.0,0.0,0.0
29.0,1.0,5.0,162.0,53.70000076,20.461820134125894,73.0,0.4506172839506173,115.0,69.5,0.0,0.0,0.0,0.0,0.0,0.0,0.2857142857142857,2.0,12080.0,0.5,2005,3.700000048,1.0,0.0,0.0
35.0,1.0,8.0,177.0,68.30000305,21.800888330300996,84.0,0.4745762711864407,126.0,60.0,0.0,0.0,0.0,0.0,0.0,0.0,0.42857142857142855,2.0,12840.0,2.0,2005,4.599999905,1.0,0.0,0.0
30.0,1.0,5.0,170.0,56.59999847,19.58477455709343,76.0,0.4470588235294118,124.5,64.5,0.0,0.0,0.0,0.0,0.0,0.0,0.42857142857142855,2.0,10160.0,1.0,2005,5.599999905,1.0,0.0,0.0
34.0,1.0,5.0,167.0,50.79999924,18.215066599734662,70.0,0.41916167664670656,140.5,83.0,0.0,0.0,1.0,0.0,1.0,10.0,0.5714285714285714,0.42857142857142855,26400.0,1.0,2005,4.199999809,1.0,0.0,0.0
46.0,1.0,11.0,169.0,66.0,23.1084345786212,80.0,0.47337278106508873,120.0,75.5,0.0,0.0,0.0,0.0,0.0,0.0,8.571428571428571,0.42857142857142855,24480.0,1.5,2005,4.599999905,0.0,0.0,0.0
39.0,0.0,7.0,160.8000031,67.40000153,26.066804863757937,80.0,0.49751242821959873,124.0,86.0,0.0,0.0,0.0,0.0,0.0,0.0,1.4285714285714286,0.42857142857142855,13800.0,2.0,2005,4.599999905,1.0,0.0,0.0
55.0,0.0,0.0,150.0,46.29999924,20.57777744,77.0,0.5133333333333333,155.0,93.0,0.0,0.0,0.0,0.0,0.0,0.0,2.142857142857143,1.0,18480.0,0.5,2005,4.300000191,1.0,0.0,0.0
45.0,0.0,7.0,163.0,73.40000153,27.626181463359554,88.0,0.5398773006134969,112.0,71.0,0.0,0.0,0.0,0.0,0.0,0.0,3.4285714285714284,2.0,15840.0,1.0,2005,4.0,1.0,0.0,0.0
37.0,1.0,2.0,164.0,49.0,18.218322427126715,69.0,0.42073170731707316,121.5,71.0,,0.0,1.0,0.0,1.0,2.0,2.857142857142857,1.1428571428571428,23880.0,1.5,2005,5.699999809,1.0,0.0,0.0
41.0,1.0,4.0,163.5,62.0,23.192959814456323,78.0,0.47706422018348627,137.5,81.5,0.0,0.0,0.0,0.0,0.0,0.0,1.2857142857142858,2.0,19040.0,2.0,2005,5.099999905,1.0,0.0,0.0
57.0,0.0,5.0,157.0,74.80000305,30.346059901010182,96.0,0.6114649681528662,160.0,104.0,0.0,0.0,0.0,0.0,1.0,2.0,0.42857142857142855,2.0,6460.0,1.0,2005,5.599999905,1.0,0.0,0.0
59.0,0.0,4.0,166.0,56.29999924,20.43112180287415,76.0,0.4578313253012048,153.0,75.0,0.0,0.0,0.0,0.0,0.0,0.0,1.7142857142857142,2.0,18960.0,2.3333333333333335,2005,2.799999952,0.0,0.0,0.0
29.0,0.0,0.0,,,,,,,,,0.0,0.0,0.0,0.0,0.0,3.4285714285714284,2.0,12480.0,1.0,2005,,,0.0,0.0
49.0,1.0,0.0,171.0,56.09999847,19.185389853288193,79.0,0.4619883040935672,135.0,70.0,0.0,0.0,1.0,0.0,1.0,2.0,1.4285714285714286,2.0,26880.0,2.0,2005,,,0.0,0.0
77.0,0.0,2.0,154.0,52.0,21.926125822229718,76.0,0.4935064935064935,118.5,79.5,0.0,0.0,0.0,0.0,0.0,0.0,0.8571428571428571,2.0,14000.0,2.0,2005,3.299999952,1.0,0.0,0.0
50.0,0.0,0.0,156.0,61.0,25.06574621959237,84.0,0.5384615384615384,127.5,75.0,0.0,0.0,0.0,1.0,1.0,2.0,1.2857142857142858,2.0,13240.0,1.0,2005,4.199999809,1.0,0.0,0.0
38.0,0.0,3.0,,,,,,,,,0.0,0.0,0.0,0.0,0.0,1.7142857142857142,0.8571428571428571,25560.0,2.0,2005,,,0.0,0.0
31.0,0.0,7.0,,,,,,,,,0.0,0.0,0.0,0.0,0.0,0.42857142857142855,2.0,16500.0,2.0,2005,,,0.0,0.0
46.0,0.0,0.0,,,,,,,,,0.0,0.0,0.0,0.0,0.0,12.857142857142858,0.2857142857142857,13800.0,2.0,2005,,,0.0,0.0
47.0,1.0,0.0,173.0,55.0,18.376825152861773,73.0,0.42196531791907516,109.0,61.0,0.0,0.0,1.0,0.0,1.0,2.0,1.4285714285714286,2.0,26880.0,2.0,2005,3.0,1.0,0.0,0.0
38.0,0.0,0.0,,,,,,,,,0.0,0.0,0.0,0.0,0.0,0.42857142857142855,0.14285714285714285,15300.0,1.0,2005,,,0.0,0.0
32.0,1.0,5.0,,,,,,,,,0.0,0.0,0.0,0.0,0.0,1.7142857142857142,0.42857142857142855,23880.0,2.0,2005,,,0.0,0.0
37.0,0.0,7.0,160.0,63.40000153,24.765625597656243,80.0,0.5,138.0,76.5,0.0,0.0,0.0,0.0,0.0,0.0,3.0,2.0,21420.0,0.4166666666666667,2005,4.199999809,1.0,0.0,0.0
28.0,1.0,16.0,,,,,,,,,0.0,0.0,0.0,1.0,24.0,2.5714285714285716,0.42857142857142855,26480.0,1.0,2005,,,0.0,0.0
55.0,0.0,3.0,150.0,66.59999847,29.599999320000002,87.0,0.58,150.5,75.0,0.0,0.0,0.0,0.0,0.0,0.0,0.5714285714285714,2.0,20160.0,0.5,2005,4.300000191,1.0,0.0,0.0
43.0,1.0,6.0,156.3999939,52.20000076,21.340129263883068,76.0,0.48593352278896734,147.5,81.5,0.0,0.0,1.0,0.0,1.0,10.0,0.5714285714285714,2.0,17640.0,2.0,2005,4.199999809,1.0,0.0,0.0
47.0,0.0,0.0,158.3999939,54.90000153,21.880741505334857,78.0,0.49242426138755047,114.0,78.0,0.0,0.0,0.0,0.0,0.0,0.0,0.5714285714285714,2.0,20160.0,1.0,2005,3.799999952,1.0,0.0,0.0
50.0,0.0,2.0,,,,,,,,,0.0,0.0,1.0,0.0,0.0,1.2857142857142858,2.0,24960.0,0.5,2005,,,0.0,0.0
50.0,1.0,0.0,162.5,58.5,22.153846153846153,78.0,0.48,146.5,80.5,0.0,1.0,0.0,0.0,1.0,2.0,0.2857142857142857,2.0,11280.0,3.0,2005,3.099999905,1.0,0.0,0.0
51.0,1.0,4.0,175.0,48.0,15.673469387755102,69.0,0.3942857142857143,106.5,69.0,0.0,0.0,1.0,0.0,0.0,0.0,6.857142857142857,1.0,18480.0,1.0,2005,4.400000095,1.0,0.0,0.0
46.0,0.0,2.0,152.0,53.0,22.939750692520775,73.0,0.48026315789473684,130.5,98.5,0.0,0.0,0.0,0.0,1.0,2.0,0.2857142857142857,0.42857142857142855,18480.0,0.5,2005,2.900000095,1.0,0.0,0.0
36.0,0.0,0.0,148.0,67.80000305,30.953251940284883,90.0,0.6081081081081081,144.5,85.5,0.0,0.0,0.0,0.0,0.0,0.0,0.42857142857142855,2.0,12960.0,0.5,2005,4.699999809,1.0,0.0,0.0
50.0,1.0,0.0,176.3999939,76.59999847,24.616801823742612,88.0,0.49886623040297057,119.5,78.5,0.0,0.0,0.0,0.0,0.0,0.0,0.7142857142857143,2.0,10920.0,1.0,2005,4.300000191,1.0,0.0,0.0
36.0,0.0,2.0,156.0,48.40000153,19.88823205539119,71.5,0.4583333333333333,108.5,68.0,0.0,0.0,0.0,0.0,0.0,0.0,0.42857142857142855,2.0,11400.0,2.0,2005,3.0,1.0,0.0,0.0
51.0,0.0,0.0,150.0,72.5,32.22222222222222,93.0,0.62,197.0,118.0,0.0,0.0,0.0,0.0,0.0,0.0,0.42857142857142855,2.0,7440.0,1.0,2005,4.099999905,1.0,0.0,0.0
49.0,1.0,10.0,161.5,50.09999847,19.20846494071639,75.69999695,0.46873063126934983,134.5,79.0,0.0,0.0,0.0,0.0,0.0,0.0,0.42857142857142855,1.7142857142857142,5760.0,2.0,2005,3.200000048,1.0,0.0,0.0
28.0,1.0,6.0,166.0,63.0,22.8625344752504,82.0,0.4939759036144578,156.0,73.5,0.0,0.0,1.0,0.0,1.0,2.0,0.5714285714285714,2.0,12960.0,0.5,2005,,1.0,0.0,0.0
35.0,1.0,4.0,170.0,50.29999924,17.404844027681662,68.0,0.4,121.5,72.5,0.0,0.0,0.0,0.0,0.0,0.0,0.5714285714285714,2.0,6240.0,1.0,2005,,,0.0,0.0
25.0,0.0,5.0,146.0,47.0,22.04916494651905,73.0,0.5,108.0,64.5,0.0,0.0,0.0,0.0,0.0,0.0,0.7142857142857143,2.0,8040.0,0.5,2005,1.600000024,1.0,0.0,0.0
26.0,0.0,0.0,161.0,62.20000076,23.995988102310864,78.0,0.484472049689441,129.0,69.5,0.0,0.0,0.0,0.0,0.0,0.0,0.2857142857142857,1.0,16560.0,0.8333333333333334,2005,,,0.0,0.0
34.0,1.0,10.0,168.0,61.70000076,21.860827933673473,73.0,0.43452380952380953,154.5,86.5,1.0,1.0,0.0,0.0,1.0,0.5,0.14285714285714285,2.0,12160.0,2.0,2005,,,0.0,0.0
49.0,0.0,6.0,164.0,70.90000153,26.360797713414637,94.0,0.573170731707317,155.5,105.5,1.0,0.0,0.0,0.0,0.0,0.0,0.0,1.1428571428571428,18720.0,2.0,2005,3.5,1.0,0.0,0.0
48.0,1.0,4.0,166.5,63.5,22.905788671554436,76.0,0.45645645645645644,129.5,60.0,0.0,0.0,1.0,0.0,1.0,0.5,0.0,0.5714285714285714,31800.0,0.75,2005,4.5,1.0,0.0,0.0
40.0,0.0,0.0,155.6999969,57.5,23.71868660754719,77.0,0.4945407934044731,155.0,104.0,0.0,0.0,0.0,0.0,0.0,0.0,1.1428571428571428,0.7142857142857143,18000.0,0.8333333333333334,2005,3.700000048,1.0,0.0,0.0
47.0,1.0,7.0,170.0,59.0,20.41522491349481,77.0,0.45294117647058824,136.5,86.0,0.0,0.0,0.0,0.0,0.0,0.0,0.5714285714285714,0.5714285714285714,12960.0,2.0,2005,,,0.0,0.0
38.0,0.0,3.0,164.3000031,55.5,20.559750491919072,77.0,0.468654890731405,108.5,72.5,0.0,0.0,0.0,0.0,0.0,0.0,0.0,0.8571428571428571,13440.0,1.0,2005,3.5,1.0,0.0,0.0
49.0,1.0,14.0,,,,,,,,,0.0,0.0,0.0,1.0,2.0,0.2857142857142857,0.42857142857142855,9600.0,2.0,2005,,,0.0,0.0
34.0,0.0,0.0,160.0,89.40000153,34.92187559765624,96.0,0.6,139.0,84.0,0.0,1.0,0.0,0.0,0.0,0.0,0.2857142857142857,1.4285714285714286,33600.0,0.5,2005,3.400000095,1.0,0.0,0.0
27.0,1.0,6.0,173.0,74.0,24.725182932941294,83.0,0.4797687861271676,183.5,94.5,0.0,0.0,0.0,0.0,0.0,0.0,1.7142857142857142,1.0,25200.0,2.0,2005,,,0.0,0.0
30.0,1.0,6.0,165.5,57.59999847,21.029380334243022,76.0,0.459214501510574,155.5,84.5,0.0,0.0,1.0,0.0,1.0,10.0,0.14285714285714285,2.0,16320.0,0.5,2005,3.700000048,1.0,0.0,0.0
41.0,1.0,5.0,168.0,57.79999924,20.479024674036285,79.0,0.47023809523809523,150.0,103.0,0.0,0.0,1.0,0.0,1.0,10.0,1.4285714285714286,0.5714285714285714,1200.0,1.25,2005,3.200000048,1.0,0.0,0.0
31.0,1.0,6.0,168.0,64.59999847,22.88832145337302,77.5,0.46130952380952384,138.0,86.5,0.0,0.0,0.0,0.0,1.0,2.0,1.4285714285714286,1.2857142857142858,24160.0,2.0,2005,3.5,1.0,0.0,0.0
25.0,0.0,0.0,156.3999939,53.20000076,21.748943994786973,77.0,0.4923273849309274,125.5,87.0,0.0,0.0,0.0,0.0,0.0,0.0,1.1428571428571428,0.5714285714285714,13200.0,1.0,2005,3.700000048,1.0,0.0,0.0
55.0,1.0,7.0,,,,,,,,,0.0,1.0,0.0,1.0,10.0,0.8571428571428571,1.1428571428571428,16080.0,0.5,2005,,,0.0,0.0
41.0,0.0,6.0,161.5,65.40000153,25.07452444861927,,,130.0,74.0,,1.0,0.0,0.0,1.0,0.5,0.8571428571428571,1.1428571428571428,5160.0,2.0,2005,,,0.0,0.0
25.0,1.0,10.0,170.3000031,62.59999847,21.584649999694207,77.0,0.4521432683403163,141.5,71.0,0.0,0.0,0.0,0.0,0.0,0.0,2.2857142857142856,0.5714285714285714,16040.0,0.75,2005,,,0.0,0.0
31.0,1.0,11.0,167.5,54.0,19.247048340387614,74.0,0.4417910447761194,106.5,71.5,0.0,0.0,0.0,0.0,0.0,0.0,1.1428571428571428,1.4285714285714286,11280.0,2.0,2005,,,0.0,0.0
32.0,0.0,9.0,151.5,52.40000153,22.830006439455826,79.0,0.5214521452145214,145.0,84.0,0.0,1.0,0.0,0.0,0.0,0.0,0.8571428571428571,1.7142857142857142,15120.0,0.5,2005,,,0.0,0.0
30.0,1.0,6.0,180.0,70.09999847,21.635801996913578,82.0,0.45555555555555555,111.0,68.5,0.0,0.0,0.0,0.0,1.0,2.0,1.1428571428571428,0.8571428571428571,11000.0,3.0,2005,,,0.0,0.0
42.0,1.0,0.0,156.5,60.90000153,24.86500894364544,83.0,0.5303514376996805,139.0,87.0,0.0,0.0,0.0,0.0,0.0,0.0,0.42857142857142855,1.4285714285714286,22320.0,1.0,2005,,,0.0,0.0
41.0,1.0,10.0,152.5,49.40000153,21.24160237785542,74.0,0.4852459016393443,147.5,76.0,0.0,0.0,0.0,0.0,0.0,0.0,0.5714285714285714,0.7142857142857143,8040.0,2.0,2005,,,0.0,0.0
25.0,1.0,3.0,,,,,,,,,0.0,0.0,0.0,0.0,0.0,0.0,1.1428571428571428,1680.0,0.5,2005,,,0.0,0.0
35.0,1.0,12.0,165.5,61.40000153,22.416736440886808,81.0,0.48942598187311176,165.5,95.5,0.0,0.0,0.0,0.0,0.0,0.0,2.5714285714285716,1.1428571428571428,56.0,1.0,2005,4.300000191,1.0,0.0,0.0
45.0,1.0,7.0,181.1000061,56.29999924,17.166092922931256,82.0,0.4527884993815028,124.0,72.5,0.0,0.0,1.0,0.0,1.0,24.0,1.0,1.1428571428571428,1440.0,6.0,2005,5.400000095,1.0,0.0,0.0
44.0,0.0,3.0,150.0,50.5,22.444444444444443,80.0,0.5333333333333333,104.0,62.0,0.0,0.0,0.0,1.0,1.0,0.5,2.0,1.1428571428571428,4560.0,4.5,2005,4.900000095,1.0,0.0,0.0
32.0,1.0,11.0,166.0,54.29999924,19.705327057628104,67.09999847,0.40421685825301207,127.0,78.0,0.0,0.0,0.0,0.0,0.0,0.0,0.2857142857142857,1.1428571428571428,11280.0,2.0,2005,3.900000095,1.0,0.0,0.0
28.0,0.0,8.0,158.5,54.5,21.69391674710665,77.0,0.48580441640378547,122.0,75.0,0.0,0.0,0.0,0.0,0.0,0.0,1.2857142857142858,0.42857142857142855,12480.0,0.6666666666666666,2005,4.800000191,1.0,0.0,0.0
55.0,0.0,0.0,156.1999969,51.09999847,20.943962195245703,80.5,0.5153649270014806,174.5,80.0,0.0,0.0,0.0,0.0,1.0,10.0,0.5714285714285714,0.2857142857142857,24120.0,0.5,2005,2.599999905,1.0,0.0,0.0
38.0,0.0,1.0,161.1000061,58.40000153,22.502032352608975,82.0,0.5090006014593192,125.5,77.5,0.0,0.0,0.0,0.0,1.0,10.0,1.7142857142857142,1.1428571428571428,23760.0,0.5,2005,5.099999905,1.0,0.0,0.0
32.0,1.0,13.0,169.1000061,61.0,21.33254097476222,74.5,0.44056769552062125,118.0,65.0,0.0,0.0,0.0,0.0,1.0,2.0,1.7142857142857142,0.2857142857142857,9180.0,1.75,2005,4.300000191,1.0,0.0,0.0
32.0,1.0,5.0,166.5,67.19999695,24.240455572689804,83.0,0.4984984984984985,136.0,75.0,0.0,0.0,0.0,0.0,0.0,0.0,0.8571428571428571,0.5714285714285714,840.0,1.0,2005,3.900000095,1.0,0.0,0.0
53.0,1.0,0.0,167.0,52.5,18.82462619670838,74.0,0.4431137724550898,103.0,70.0,0.0,0.0,0.0,1.0,1.0,2.0,0.8571428571428571,0.2857142857142857,840.0,1.0,2005,6.199999809,1.0,0.0,1.0
33.0,0.0,0.0,102.0,48.20000076,46.328335986159175,75.0,0.7352941176470589,136.0,82.0,0.0,0.0,1.0,1.0,1.0,2.0,0.5714285714285714,0.2857142857142857,840.0,6.0,2005,4.5,1.0,0.0,0.0
25.0,0.0,4.0,153.5,45.0,19.098345871043726,71.0,0.46254071661237783,121.5,68.0,0.0,0.0,0.0,0.0,0.0,0.0,2.2857142857142856,0.8571428571428571,7680.0,1.0,2005,5.300000191,1.0,0.0,0.0
52.0,0.0,0.0,146.0,43.5,20.40720585475699,69.0,0.4726027397260274,149.0,72.5,1.0,0.0,0.0,1.0,1.0,10.0,1.2857142857142858,1.4285714285714286,11520.0,2.0,2005,4.099999905,1.0,0.0,0.0
45.0,1.0,8.0,162.1999969,51.0,19.38511996326907,74.0,0.4562268891140774,124.0,70.0,0.0,0.0,0.0,0.0,0.0,0.0,1.2857142857142858,1.4285714285714286,280.0,2.0,2005,3.799999952,1.0,0.0,0.0
33.0,0.0,2.0,155.0,53.90000153,22.4349642164412,85.59999847,0.5522580546451613,126.0,83.0,0.0,0.0,0.0,0.0,0.0,0.0,1.2857142857142858,0.5714285714285714,23520.0,2.0,2005,3.099999905,1.0,0.0,0.0
53.0,1.0,4.0,164.0,58.0,21.564544913741823,78.59999847,0.47926828335365856,133.5,80.0,0.0,0.0,0.0,0.0,0.0,0.0,0.5714285714285714,2.0,240.0,2.0,2005,4.0,1.0,0.0,0.0
33.0,0.0,11.0,158.1999969,52.20000076,20.857275035427378,69.0,0.4361567721370796,134.5,78.0,0.0,1.0,0.0,0.0,0.0,0.0,0.5714285714285714,0.8571428571428571,400.0,2.0,2005,4.5,1.0,0.0,0.0
56.0,0.0,0.0,160.0,57.5,22.460937499999996,79.0,0.49375,117.0,73.5,0.0,0.0,0.0,0.0,0.0,0.0,0.2857142857142857,2.0,14400.0,2.0,2005,3.5,1.0,0.0,0.0
35.0,0.0,7.0,153.1999969,55.09999847,23.476539097979213,74.59999847,0.4869451695791777,132.5,75.5,0.0,0.0,0.0,0.0,1.0,2.0,2.142857142857143,2.0,2880.0,2.0,2005,3.599999905,1.0,0.0,0.0
37.0,1.0,5.0,,,,,,189.5,103.0,0.0,0.0,0.0,0.0,0.0,0.0,2.142857142857143,2.0,0.0,4.0,2005,5.699999809,1.0,0.0,0.0
52.0,1.0,6.0,170.3999939,51.5,17.736506372470316,71.5,0.4196009539880623,132.0,77.0,0.0,0.0,1.0,0.0,1.0,10.0,0.14285714285714285,1.1428571428571428,880.0,2.0,2005,3.700000048,1.0,0.0,0.0
42.0,0.0,2.0,157.8000031,55.40000153,22.248245181014237,73.90000153,0.46831432242221543,125.0,77.5,0.0,0.0,0.0,0.0,0.0,0.0,0.2857142857142857,2.0,9120.0,1.0,2005,3.599999905,1.0,0.0,0.0
30.0,1.0,6.0,164.1999969,60.09999847,22.29092916428887,75.0,0.4567600573444347,130.0,62.5,0.0,0.0,0.0,0.0,1.0,10.0,1.4285714285714286,0.42857142857142855,1200.0,1.3333333333333333,2005,3.400000095,1.0,0.0,0.0
33.0,1.0,8.0,155.3000031,51.29999924,21.270339895059692,72.0,0.46361879306363,127.0,75.5,0.0,0.0,0.0,0.0,0.0,0.0,1.7142857142857142,0.8571428571428571,32160.0,1.0,2005,,,0.0,0.0
29.0,1.0,13.0,,,,,,,,,0.0,0.0,0.0,1.0,10.0,0.5714285714285714,0.8571428571428571,11040.0,1.0,2005,,,0.0,0.0
30.0,1.0,4.0,160.5,46.5,18.051067050979707,68.09999847,0.4242990558878505,133.5,74.5,0.0,0.0,1.0,0.0,1.0,2.0,0.8571428571428571,0.5714285714285714,24780.0,0.16666666666666666,2005,,,0.0,0.0
33.0,1.0,3.0,176.0,67.09999847,21.661931324251036,,,,,,0.0,0.0,0.0,0.0,0.0,0.2857142857142857,0.0,7560.0,0.5,2005,,,0.0,0.0
30.0,1.0,5.0,171.1000061,56.09999847,19.162969102487544,69.0,0.4032729254239343,130.0,73.5,0.0,0.0,0.0,0.0,1.0,10.0,0.8571428571428571,0.5714285714285714,1680.0,2.0,2005,3.799999952,1.0,0.0,0.0
29.0,1.0,7.0,172.5,56.0,18.81957571938668,68.0,0.39420289855072466,125.0,76.0,0.0,0.0,1.0,0.0,1.0,10.0,0.42857142857142855,0.2857142857142857,34160.0,1.0,2005,3.200000048,1.0,0.0,0.0
25.0,1.0,7.0,160.0,51.90000153,20.273438097656246,67.5,0.421875,145.5,95.0,0.0,0.0,0.0,0.0,1.0,2.0,1.1428571428571428,0.2857142857142857,5280.0,3.0,2005,3.299999952,1.0,0.0,0.0
29.0,1.0,4.0,163.5,54.79999924,20.499583551702532,72.0,0.44036697247706424,115.0,70.5,0.0,0.0,0.0,0.0,1.0,10.0,0.7142857142857143,2.2857142857142856,40320.0,0.5,2005,2.0,1.0,0.0,0.0
31.0,1.0,8.0,161.1999969,52.40000153,20.165139995853345,68.5,0.42493797343243,111.5,79.0,0.0,0.0,1.0,0.0,1.0,10.0,0.2857142857142857,0.5714285714285714,21840.0,2.0,2005,3.400000095,1.0,0.0,0.0
30.0,1.0,6.0,166.5,79.09999847,28.533036990143295,74.19999695,0.4456456273273273,141.0,89.5,0.0,0.0,0.0,0.0,1.0,2.0,0.42857142857142855,0.5714285714285714,40320.0,1.0,2005,4.5,1.0,0.0,0.0
38.0,1.0,7.0,176.6999969,63.20000076,20.24156091173621,74.0,0.41878891510042804,119.5,78.5,0.0,0.0,1.0,0.0,1.0,10.0,2.5714285714285716,0.14285714285714285,1680.0,1.0,2005,3.599999905,1.0,0.0,0.0
34.0,0.0,2.0,150.6000061,51.0,22.486413737932796,65.40000153,0.4342629407768663,159.0,95.5,0.0,0.0,0.0,1.0,1.0,2.0,0.8571428571428571,1.1428571428571428,2800.0,0.5833333333333334,2005,4.0,1.0,0.0,0.0
32.0,1.0,9.0,175.0,69.30000305,22.628572424489796,74.0,0.4228571428571429,156.0,98.0,0.0,0.0,0.0,0.0,1.0,2.0,0.5714285714285714,0.8571428571428571,2524.0,0.3333333333333333,2005,4.099999905,1.0,0.0,0.0
32.0,1.0,7.0,160.5,52.5,20.380236993041606,68.59999847,0.4274143206853583,112.0,71.0,0.0,0.0,0.0,0.0,0.0,0.0,1.2857142857142858,1.1428571428571428,7724.0,0.8333333333333334,2005,3.700000048,1.0,0.0,0.0
26.0,0.0,2.0,153.3999939,72.09999847,30.63970438175764,88.5,0.5769230998646083,132.0,77.5,0.0,0.0,0.0,0.0,1.0,0.5,2.142857142857143,0.5714285714285714,2080.0,0.5,2005,5.199999809,1.0,0.0,0.0
27.0,0.0,3.0,149.1000061,48.20000076,21.68161970529636,70.5,0.4728370027880234,121.5,85.0,0.0,0.0,0.0,0.0,1.0,2.0,1.7142857142857142,0.8571428571428571,5596.0,0.6666666666666666,2005,2.5,1.0,0.0,0.0
42.0,1.0,3.0,168.3000031,62.90000153,22.20661729412834,80.09999847,0.47593581101960186,134.0,82.5,0.0,0.0,1.0,0.0,1.0,10.0,0.2857142857142857,0.8571428571428571,12120.0,1.0,2005,3.900000095,1.0,0.0,0.0
27.0,0.0,3.0,168.3000031,60.90000153,21.50052455155386,73.09999847,0.4343434172521415,115.5,70.0,0.0,0.0,0.0,0.0,0.0,0.0,2.2857142857142856,0.8571428571428571,14000.0,0.75,2005,4.5,1.0,0.0,0.0
27.0,1.0,2.0,171.1000061,67.0,22.88625605851403,79.19999695,0.46288716613903147,132.5,73.5,0.0,0.0,1.0,0.0,1.0,10.0,1.1428571428571428,0.5714285714285714,24720.0,0.75,2005,3.0,1.0,0.0,0.0
28.0,0.0,4.0,161.0,65.69999695,25.346243181204425,79.0,0.4906832298136646,142.0,84.5,0.0,0.0,0.0,0.0,1.0,10.0,0.42857142857142855,0.5714285714285714,17760.0,0.5,2005,6.5,1.0,0.0,1.0
30.0,1.0,3.0,162.3000031,60.5,22.967742919518326,68.19999695,0.4202094617828137,154.5,82.5,0.0,0.0,1.0,0.0,1.0,2.0,2.5714285714285716,0.8571428571428571,13400.0,0.6666666666666666,2005,3.200000048,1.0,0.0,0.0
29.0,1.0,7.0,172.3999939,54.70000076,18.40402608421639,64.59999847,0.3747099811817337,124.0,75.5,0.0,0.0,1.0,0.0,1.0,10.0,0.5714285714285714,0.5714285714285714,21000.0,0.75,2005,4.699999809,1.0,0.0,0.0
34.0,0.0,5.0,152.6000061,58.09999847,24.949797148700064,73.0,0.47837481705054796,120.0,80.5,0.0,0.0,0.0,0.0,0.0,0.0,0.8571428571428571,0.14285714285714285,22120.0,1.0,2005,3.400000095,1.0,0.0,0.0
46.0,1.0,2.0,164.3000031,57.5,21.300642401537775,76.5,0.46561167715522706,136.0,78.0,0.0,0.0,0.0,0.0,0.0,0.0,0.8571428571428571,0.2857142857142857,15120.0,1.0,2005,3.0,1.0,0.0,0.0
36.0,0.0,3.0,154.6000061,51.40000153,21.505231325113606,71.19999695,0.4605432997457042,192.0,118.0,0.0,0.0,0.0,0.0,1.0,0.5,0.0,0.0,20580.0,0.6666666666666666,2005,4.5,1.0,0.0,0.0
31.0,1.0,4.0,165.8000031,65.5,23.827157267488232,77.59999847,0.4680337576543749,139.5,94.0,0.0,0.0,1.0,0.0,1.0,10.0,1.7142857142857142,0.5714285714285714,7000.0,0.3333333333333333,2005,3.599999905,1.0,0.0,0.0
25.0,1.0,7.0,153.1999969,50.0,21.30357509062487,67.0,0.43733682347091485,126.0,78.5,0.0,0.0,0.0,0.0,0.0,0.0,1.4285714285714286,0.2857142857142857,24240.0,0.08333333333333333,2005,3.5,1.0,0.0,0.0
25.0,1.0,6.0,150.3999939,48.90000153,21.617886653596923,71.5,0.47539895545168637,136.0,74.0,0.0,0.0,0.0,0.0,1.0,0.5,0.8571428571428571,0.14285714285714285,5640.0,7.0,2005,4.099999905,1.0,0.0,0.0
28.0,1.0,5.0,162.3000031,63.09999847,23.95478583604892,75.19999695,0.4633394671204415,147.0,73.5,0.0,0.0,1.0,0.0,1.0,2.0,4.0,0.14285714285714285,38240.0,0.5,2005,4.300000191,1.0,0.0,0.0
25.0,1.0,9.0,171.6999969,64.40000153,21.844660678646907,77.90000153,0.45369832810987076,117.5,66.5,0.0,0.0,0.0,0.0,1.0,2.0,1.4285714285714286,0.14285714285714285,1260.0,3.0,2005,3.0,1.0,0.0,0.0
37.0,1.0,6.0,165.8000031,54.79999924,19.934781681675044,70.0,0.4221954082701703,108.0,63.5,0.0,0.0,0.0,0.0,1.0,2.0,1.7142857142857142,0.5714285714285714,17280.0,4.0,2005,,,0.0,0.0
49.0,1.0,4.0,168.1999969,45.09999847,15.941330296030035,67.90000153,0.4036861045269139,121.0,73.0,0.0,0.0,1.0,0.0,1.0,10.0,4.0,1.4285714285714286,28080.0,0.6666666666666666,2005,2.900000095,1.0,0.0,0.0
36.0,1.0,2.0,159.3000031,49.09999847,19.348616203034606,75.59999847,0.4745762523466015,107.5,66.5,0.0,0.0,0.0,0.0,1.0,10.0,3.4285714285714284,0.2857142857142857,40320.0,0.75,2005,4.099999905,1.0,0.0,0.0
52.0,1.0,5.0,175.8000031,61.09999847,19.769853112624453,74.90000153,0.42605233338588033,120.0,71.0,0.0,0.0,0.0,0.0,0.0,0.0,4.0,0.5714285714285714,28080.0,0.75,2005,4.099999905,1.0,0.0,0.0
46.0,0.0,0.0,157.1999969,48.59999847,19.66668624707585,65.80000305,0.41857509126961057,109.0,70.0,0.0,0.0,0.0,0.0,1.0,2.0,3.0,0.8571428571428571,31440.0,0.5,2005,3.5,1.0,0.0,0.0
30.0,1.0,0.0,162.0,52.29999924,19.928364288980333,72.80000305,0.44938273487654323,98.0,57.0,0.0,0.0,1.0,0.0,1.0,0.5,4.0,0.5714285714285714,36960.0,0.75,2005,3.599999905,1.0,0.0,0.0
56.0,1.0,2.0,166.3000031,51.90000153,18.766481543242325,70.09999847,0.4215273431344873,138.5,86.0,0.0,0.0,0.0,0.0,1.0,10.0,4.0,0.8571428571428571,30960.0,0.75,2005,4.800000191,1.0,0.0,0.0
49.0,0.0,0.0,155.0,49.20000076,20.478668370447448,72.09999847,0.4651612804516129,127.5,69.5,0.0,0.0,0.0,1.0,1.0,10.0,0.14285714285714285,2.0,29400.0,1.0,2005,2.799999952,1.0,0.0,0.0
43.0,1.0,0.0,165.1999969,57.09999847,20.92261805082482,76.90000153,0.46549638603534377,129.5,76.5,0.0,0.0,1.0,0.0,1.0,10.0,1.1428571428571428,1.4285714285714286,10740.0,0.8333333333333334,2005,,,0.0,0.0
38.0,1.0,0.0,162.8999939,55.40000153,20.876978339967174,72.59999847,0.4456721988250486,106.0,68.0,0.0,0.0,0.0,0.0,1.0,2.0,0.2857142857142857,0.2857142857142857,18720.0,1.0,2005,,,0.0,0.0
54.0,0.0,0.0,,,,,,,,,0.0,0.0,0.0,1.0,2.0,0.14285714285714285,0.8571428571428571,20280.0,1.0,2005,,,0.0,0.0
39.0,1.0,0.0,,,,,,,,,0.0,1.0,0.0,1.0,0.5,0.2857142857142857,0.8571428571428571,23040.0,1.0,2005,,,0.0,0.0
25.0,0.0,2.0,,,,,,,,,0.0,0.0,0.0,0.0,0.0,0.14285714285714285,1.1428571428571428,29120.0,2.0,2005,,,0.0,0.0
60.0,0.0,3.0,162.1000061,53.0,20.170181547290703,72.80000305,0.4491054923532171,125.5,70.5,0.0,0.0,0.0,1.0,1.0,2.0,0.0,0.42857142857142855,31920.0,0.75,2005,,,0.0,0.0
32.0,0.0,3.0,151.8000031,50.09999847,21.74173268331844,77.40000153,0.5098814225913544,124.0,73.0,0.0,1.0,0.0,0.0,0.0,0.0,0.5714285714285714,0.2857142857142857,23040.0,0.6666666666666666,2005,,,0.0,0.0
54.0,0.0,0.0,150.1999969,37.29999924,16.53365897386726,64.40000153,0.4287616701675178,125.0,76.0,0.0,0.0,0.0,1.0,1.0,2.0,0.2857142857142857,1.7142857142857142,15280.0,0.7833333333333333,2005,4.0,1.0,0.0,0.0
52.0,0.0,3.0,161.6000061,46.40000153,17.767865139994615,59.70000076,0.36943068382718336,129.5,92.0,0.0,0.0,0.0,1.0,1.0,2.0,1.1428571428571428,1.4285714285714286,12840.0,0.8333333333333334,2005,4.900000095,1.0,0.0,0.0
38.0,0.0,0.0,161.1999969,59.59999847,22.93592133221824,72.09999847,0.44727047057405994,103.5,63.0,0.0,0.0,0.0,0.0,1.0,2.0,1.1428571428571428,1.4285714285714286,13960.0,0.6666666666666666,2005,3.799999952,1.0,0.0,0.0
25.0,0.0,3.0,144.6000061,45.5,21.760795823999814,85.0,0.5878284675950647,104.5,70.0,0.0,0.0,0.0,0.0,1.0,0.5,2.0,1.4285714285714286,13680.0,0.5,2005,4.300000191,1.0,0.0,0.0
59.0,1.0,3.0,160.1000061,58.5,22.82302306458269,77.69999695,0.4853216364118552,111.0,65.5,0.0,1.0,1.0,0.0,1.0,10.0,0.8571428571428571,0.8571428571428571,13640.0,1.0,2005,4.5,1.0,0.0,0.0
27.0,1.0,2.0,182.1999969,59.20000076,17.83302349696226,72.0,0.3951701494238609,132.5,71.5,0.0,0.0,1.0,0.0,0.0,0.0,1.7142857142857142,1.7142857142857142,13680.0,0.5,2005,4.0,1.0,0.0,0.0
33.0,0.0,3.0,181.0,63.70000076,19.44385115228473,73.69999695,0.4071823035911602,132.5,76.0,0.0,0.0,0.0,0.0,1.0,10.0,0.14285714285714285,0.42857142857142855,30000.0,3.0,2005,6.0,1.0,0.0,0.0
57.0,0.0,0.0,161.0,43.09999847,16.627444338567184,66.5,0.41304347826086957,96.5,67.0,0.0,0.0,0.0,0.0,1.0,0.5,0.14285714285714285,0.5714285714285714,18840.0,0.75,2005,3.900000095,1.0,0.0,0.0
32.0,1.0,0.0,167.6000061,51.0,18.156081179614812,68.69999695,0.40990450148915597,96.5,59.0,0.0,0.0,1.0,0.0,1.0,2.0,0.14285714285714285,0.2857142857142857,21360.0,1.0,2005,3.700000048,1.0,0.0,0.0
61.0,1.0,7.0,166.1999969,66.30000305,24.002226278086,82.0,0.4933814773133729,121.0,72.0,0.0,0.0,0.0,0.0,1.0,10.0,0.0,0.2857142857142857,19860.0,3.0,2005,3.700000048,1.0,0.0,0.0
44.0,1.0,3.0,162.6999969,49.5,18.69950496794597,73.0,0.4486785580264507,129.5,79.0,0.0,0.0,1.0,0.0,1.0,10.0,0.0,0.2857142857142857,30720.0,2.0,2005,3.599999905,1.0,0.0,0.0
42.0,0.0,0.0,155.1999969,43.20000076,17.934956925289818,58.5,0.37693299721966683,129.5,90.0,0.0,0.0,0.0,0.0,1.0,10.0,0.0,0.2857142857142857,41160.0,2.0,2005,3.099999905,1.0,0.0,0.0
49.0,0.0,0.0,158.3000031,44.40000153,17.718262776612754,68.19999695,0.4308275149364163,132.5,85.0,0.0,0.0,0.0,0.0,0.0,0.0,0.0,0.0,21120.0,1.0,2005,4.599999905,1.0,0.0,0.0
40.0,0.0,0.0,163.5,58.90000153,22.0333123960759,78.0,0.47706422018348627,126.0,70.5,0.0,0.0,0.0,0.0,0.0,0.0,4.0,1.4285714285714286,25680.0,0.5,2005,2.099999905,1.0,0.0,0.0
49.0,1.0,4.0,173.0,73.0,24.3910588392529,78.0,0.4508670520231214,116.5,65.5,0.0,0.0,0.0,0.0,0.0,0.0,3.0,1.1428571428571428,20160.0,0.75,2005,2.299999952,1.0,0.0,0.0
39.0,0.0,8.0,155.8999939,89.0,36.61826896187272,101.5,0.6510583962248635,149.5,86.5,0.0,0.0,0.0,0.0,1.0,0.5,2.857142857142857,0.8571428571428571,27360.0,0.5,2005,3.0,1.0,0.0,0.0
26.0,1.0,5.0,184.5,71.40000153,20.97516955075242,76.0,0.41192411924119243,129.5,74.0,0.0,0.0,1.0,0.0,1.0,10.0,4.0,0.8571428571428571,30960.0,0.75,2005,3.299999952,1.0,0.0,0.0
60.0,0.0,0.0,168.6999969,56.0,19.676954337201614,69.09999847,0.40960284374492484,159.0,84.0,0.0,0.0,0.0,0.0,0.0,0.0,4.0,0.8571428571428571,18480.0,1.0,2005,3.799999952,1.0,0.0,0.0
25.0,0.0,10.0,158.6999969,55.0,21.8377984278804,66.19999695,0.41713924538835323,110.0,71.5,0.0,0.0,0.0,0.0,0.0,0.0,0.8571428571428571,0.5714285714285714,10720.0,0.4166666666666667,2005,,,0.0,0.0
27.0,0.0,1.0,145.3000031,44.20000076,20.9358708086083,65.09999847,0.44803852086084367,111.0,69.0,0.0,0.0,0.0,0.0,0.0,0.0,0.8571428571428571,0.8571428571428571,15240.0,1.0,2005,,,0.0,0.0
54.0,1.0,3.0,178.6000061,58.09999847,18.214329223951413,74.5,0.4171332444316193,102.0,59.5,0.0,0.0,0.0,0.0,1.0,10.0,0.14285714285714285,0.5714285714285714,13640.0,0.7166666666666667,2005,,,0.0,0.0
32.0,1.0,7.0,171.6000061,61.79999924,20.98716958663219,71.5,0.4166666518550899,133.0,87.0,0.0,0.0,1.0,0.0,1.0,10.0,2.857142857142857,0.42857142857142855,23520.0,1.0,2005,,,0.0,0.0
30.0,0.0,4.0,168.1000061,49.29999924,17.446626116649977,65.5,0.3896490043018505,104.0,62.5,0.0,0.0,0.0,0.0,0.0,0.0,5.0,0.8571428571428571,29280.0,0.75,2005,,,0.0,0.0
52.0,0.0,2.0,158.1000061,43.70000076,17.483068982045495,60.09999847,0.3801391280907737,110.0,66.5,0.0,0.0,0.0,1.0,1.0,10.0,3.4285714285714284,0.8571428571428571,35280.0,0.6666666666666666,2005,,,0.0,0.0
27.0,1.0,14.0,167.3999939,57.79999924,20.626092309403322,70.69999695,0.4223416937054022,137.0,76.5,0.0,0.0,0.0,0.0,1.0,2.0,1.0,0.14285714285714285,1200.0,1.0,2005,3.799999952,1.0,0.0,0.0
30.0,1.0,5.0,170.6000061,57.70000076,19.825207162686244,74.40000153,0.43610784800552244,156.5,96.5,0.0,0.0,1.0,0.0,1.0,10.0,0.2857142857142857,0.2857142857142857,220.0,3.0,2005,3.900000095,1.0,0.0,0.0
40.0,0.0,4.0,160.3000031,45.79999924,17.823722390671698,66.19999695,0.41297564360433875,148.0,93.5,0.0,0.0,0.0,0.0,0.0,0.0,0.5714285714285714,0.2857142857142857,23600.0,3.0,2005,3.900000095,1.0,0.0,0.0
35.0,1.0,2.0,165.3999939,51.20000076,18.715394630342473,74.90000153,0.4528416220818252,115.0,52.5,0.0,0.0,1.0,0.0,1.0,2.0,0.42857142857142855,0.5714285714285714,12440.0,0.6666666666666666,2005,3.799999952,1.0,0.0,0.0
27.0,1.0,9.0,170.1999969,56.79999924,19.60781651402553,69.19999695,0.4065804830223237,125.0,68.5,0.0,0.0,0.0,0.0,0.0,0.0,1.4285714285714286,1.1428571428571428,11912.0,3.0,2005,2.799999952,1.0,0.0,0.0
50.0,0.0,0.0,151.5,52.79999924,23.00428029496019,77.09999847,0.5089108809900991,135.5,78.5,0.0,0.0,0.0,0.0,0.0,0.0,0.5714285714285714,1.7142857142857142,10020.0,0.8333333333333334,2005,2.400000095,1.0,0.0,0.0
47.0,0.0,0.0,151.6999969,46.0,19.98879839951715,68.0,0.4482531403400444,142.5,81.5,0.0,0.0,0.0,1.0,1.0,10.0,1.1428571428571428,0.8571428571428571,10132.0,0.6666666666666666,2005,2.700000048,1.0,0.0,0.0
62.0,1.0,3.0,165.6000061,56.70000076,20.675802156565155,75.0,0.45289853404178104,131.5,80.5,0.0,0.0,1.0,0.0,1.0,10.0,0.2857142857142857,1.1428571428571428,15280.0,0.5,2005,3.099999905,1.0,0.0,0.0
29.0,1.0,7.0,155.6000061,44.0,18.173285825384752,68.19999695,0.43830330511792953,99.0,64.0,0.0,0.0,0.0,0.0,0.0,0.0,0.8571428571428571,1.7142857142857142,12884.0,0.5,2005,3.200000048,1.0,0.0,0.0
49.0,0.0,3.0,163.1000061,60.40000153,22.705391520301102,75.5,0.4629061752070652,128.0,73.0,0.0,0.0,0.0,0.0,1.0,0.5,0.42857142857142855,1.1428571428571428,5280.0,0.8333333333333334,2005,1.799999952,1.0,0.0,0.0
45.0,1.0,7.0,172.1999969,75.90000153,25.596200654896037,85.19999695,0.4947735103588727,129.0,86.5,0.0,0.0,0.0,0.0,1.0,2.0,1.1428571428571428,0.5714285714285714,10080.0,0.4166666666666667,2005,4.199999809,1.0,0.0,0.0
25.0,0.0,0.0,160.0,46.5,18.164062499999996,66.90000153,0.4181250095625,113.5,63.5,0.0,0.0,0.0,0.0,0.0,0.0,0.42857142857142855,1.1428571428571428,8320.0,0.5,2005,2.299999952,1.0,0.0,0.0
42.0,0.0,0.0,167.1999969,79.19999695,28.33039532592906,80.5,0.48145933907011934,131.0,79.0,0.0,0.0,0.0,0.0,1.0,0.5,0.8571428571428571,1.1428571428571428,12620.0,1.0,2005,5.199999809,1.0,0.0,0.0
26.0,1.0,10.0,165.1000061,59.29999924,21.755071209545363,74.80000305,0.4530587540057032,119.5,51.0,0.0,0.0,0.0,0.0,1.0,10.0,3.0,0.8571428571428571,12720.0,0.6666666666666666,2005,3.700000048,1.0,0.0,0.0
25.0,1.0,10.0,168.8999939,69.69999695,24.432814139404705,78.90000153,0.46714034564568446,139.5,85.0,0.0,0.0,0.0,0.0,1.0,10.0,1.7142857142857142,0.42857142857142855,22240.0,1.0,2005,3.700000048,1.0,0.0,0.0
45.0,0.0,0.0,150.1999969,44.20000076,19.59216498929113,65.19999695,0.4340878714758482,105.5,65.0,0.0,0.0,0.0,0.0,0.0,0.0,0.2857142857142857,0.5714285714285714,28080.0,3.0,2005,1.100000024,1.0,0.0,0.0
41.0,0.0,1.0,168.3000031,50.20000076,17.72292810693469,67.0,0.39809862605997776,116.5,70.5,0.0,0.0,0.0,0.0,0.0,0.0,0.8571428571428571,0.2857142857142857,19920.0,4.0,2005,3.200000048,1.0,0.0,0.0
27.0,0.0,0.0,153.0,46.5,19.864154812251698,67.19999695,0.43921566633986925,122.0,72.5,0.0,0.0,0.0,0.0,0.0,0.0,0.42857142857142855,0.5714285714285714,32580.0,1.5,2005,3.0,1.0,0.0,0.0
30.0,1.0,0.0,154.0,50.5,21.293641423511556,70.0,0.45454545454545453,115.5,70.5,0.0,0.0,1.0,0.0,1.0,10.0,0.2857142857142857,1.1428571428571428,14880.0,0.8333333333333334,2005,2.200000048,1.0,0.0,0.0
27.0,0.0,9.0,155.5,48.79999924,20.18175959305632,73.0,0.4694533762057878,126.0,83.5,0.0,0.0,0.0,0.0,0.0,0.0,0.5714285714285714,1.4285714285714286,26040.0,0.8333333333333334,2005,2.099999905,1.0,0.0,0.0
30.0,1.0,2.0,155.5,47.5,19.644131057371204,69.30000305,0.4456591836012862,114.5,69.0,0.0,0.0,0.0,0.0,0.0,0.0,0.2857142857142857,1.1428571428571428,22320.0,2.0,2005,2.700000048,1.0,0.0,0.0
28.0,0.0,2.0,153.1999969,46.20000076,19.684503707551723,69.0,0.4503916540222854,121.5,75.5,0.0,0.0,0.0,0.0,0.0,0.0,0.14285714285714285,0.8571428571428571,27320.0,0.6666666666666666,2005,2.5,1.0,0.0,0.0
28.0,0.0,2.0,157.6000061,45.90000153,18.47992652188744,68.80000305,0.4365482258061918,106.0,60.0,0.0,0.0,0.0,0.0,1.0,2.0,0.0,0.2857142857142857,18720.0,3.0,2005,1.799999952,1.0,0.0,0.0
28.0,1.0,3.0,158.3999939,50.5,20.127093173496498,71.09999847,0.44886364399032974,140.0,68.0,0.0,0.0,1.0,0.0,1.0,10.0,0.5714285714285714,0.2857142857142857,25200.0,3.0,2005,2.700000048,1.0,0.0,0.0
32.0,0.0,0.0,148.5,42.0,19.04567561133217,87.0,0.5858585858585859,109.5,65.5,0.0,0.0,0.0,0.0,1.0,2.0,0.5714285714285714,0.2857142857142857,27720.0,2.0,2005,2.700000048,1.0,0.0,0.0
36.0,1.0,4.0,164.8000031,63.40000153,23.343976497256836,82.5,0.500606786699751,129.0,73.0,0.0,0.0,0.0,0.0,0.0,0.0,0.0,1.1428571428571428,30240.0,2.0,2005,3.099999905,1.0,0.0,0.0
25.0,0.0,0.0,155.0,57.5,23.933402705515086,70.0,0.45161290322580644,109.0,72.5,0.0,0.0,0.0,0.0,0.0,0.0,0.7142857142857143,0.8571428571428571,30480.0,3.0,2005,1.5,1.0,0.0,0.0
30.0,0.0,3.0,156.0,48.20000076,19.80604896449704,72.0,0.46153846153846156,114.0,68.0,0.0,0.0,0.0,0.0,0.0,0.0,1.7142857142857142,0.8571428571428571,24840.0,2.0,2005,,,0.0,0.0
35.0,1.0,1.0,,,,,,,,,0.0,0.0,0.0,0.0,0.0,0.5714285714285714,0.2857142857142857,21120.0,3.0,2005,,,0.0,0.0
54.0,1.0,7.0,171.0,57.5,19.664170172018743,77.90000153,0.45555556450292395,125.0,79.5,0.0,0.0,1.0,0.0,1.0,2.0,0.0,0.8571428571428571,24960.0,2.0,2005,3.099999905,1.0,0.0,0.0
51.0,0.0,2.0,167.0,51.09999847,18.322635616192766,71.80000305,0.4299401380239521,125.5,77.0,0.0,0.0,0.0,0.0,0.0,0.0,0.0,0.8571428571428571,27360.0,2.0,2005,3.599999905,1.0,0.0,0.0
25.0,1.0,2.0,159.0,49.20000076,19.461255788932398,69.19999695,0.4352201066037736,125.0,67.0,0.0,0.0,0.0,0.0,1.0,0.5,0.5714285714285714,1.1428571428571428,7944.0,0.8,2005,2.200000048,1.0,0.0,0.0
26.0,0.0,0.0,155.3000031,50.90000153,21.104490238627115,68.5,0.4410817684008147,107.0,67.0,0.0,0.0,0.0,0.0,0.0,0.0,0.8571428571428571,1.1428571428571428,7280.0,0.6666666666666666,2005,4.300000191,1.0,0.0,0.0
44.0,0.0,0.0,162.1999969,49.20000076,18.7009395475594,63.0,0.38840937857009294,146.5,87.0,0.0,0.0,0.0,1.0,0.0,0.0,0.2857142857142857,1.1428571428571428,25260.0,0.5,2005,1.5,1.0,0.0,0.0
37.0,1.0,0.0,164.5,62.29999924,23.022699065973153,77.0,0.46808510638297873,118.5,70.5,0.0,0.0,0.0,0.0,0.0,0.0,0.2857142857142857,1.1428571428571428,21120.0,1.0,2005,3.0,1.0,0.0,0.0
28.0,0.0,0.0,155.8999939,41.40000153,17.03366731514025,73.0,0.46824889580704465,110.0,72.0,0.0,0.0,0.0,0.0,0.0,0.0,0.2857142857142857,1.1428571428571428,25600.0,2.0,2005,2.599999905,1.0,0.0,0.0
36.0,1.0,3.0,170.0,52.59999847,18.20069151211073,68.0,0.4,126.0,86.0,0.0,0.0,0.0,0.0,1.0,2.0,1.0,1.4285714285714286,19080.0,0.5833333333333334,2005,2.299999952,1.0,0.0,0.0
38.0,1.0,2.0,170.5,59.29999924,20.398861117465447,75.0,0.4398826979472141,134.5,69.5,0.0,0.0,0.0,0.0,0.0,0.0,0.2857142857142857,1.4285714285714286,6960.0,2.0,2005,2.099999905,1.0,0.0,0.0
25.0,0.0,0.0,154.5,48.40000153,20.2762859752202,74.5,0.48220064724919093,113.0,65.5,0.0,0.0,0.0,0.0,0.0,0.0,0.14285714285714285,0.8571428571428571,23360.0,1.0,2005,2.299999952,1.0,0.0,0.0
59.0,0.0,2.0,156.1000061,58.5,24.00767072961208,78.5,0.5028827478053507,128.5,69.5,0.0,0.0,0.0,1.0,1.0,0.5,0.2857142857142857,1.1428571428571428,5868.0,0.5833333333333334,2005,2.200000048,1.0,0.0,0.0
30.0,1.0,0.0,171.8000031,59.5,20.15907641365471,70.0,0.4074505165128254,131.5,67.0,0.0,0.0,1.0,0.0,1.0,2.0,0.5714285714285714,1.1428571428571428,5840.0,0.5,2005,3.200000048,1.0,0.0,0.0
42.0,0.0,0.0,161.5,50.90000153,19.515188118356352,67.0,0.4148606811145511,134.5,76.0,0.0,0.0,0.0,1.0,1.0,2.0,0.14285714285714285,0.8571428571428571,12580.0,1.0,2005,1.600000024,1.0,0.0,0.0
44.0,1.0,0.0,156.6999969,48.5,19.751667353815662,76.80000305,0.490108516715612,119.5,60.5,0.0,0.0,1.0,0.0,1.0,10.0,0.0,1.1428571428571428,26400.0,0.5,2005,,,0.0,0.0
36.0,0.0,0.0,164.6999969,53.59999847,19.759574818091806,76.0,0.46144506029435145,125.0,84.0,0.0,0.0,0.0,0.0,0.0,0.0,0.0,1.7142857142857142,31440.0,0.5,2005,,,0.0,0.0
31.0,0.0,0.0,150.8999939,47.90000153,21.03570553820055,70.59999847,0.4678595183826578,138.0,86.5,0.0,0.0,0.0,0.0,0.0,0.0,0.5714285714285714,2.0,27360.0,1.0,2005,3.700000048,1.0,0.0,0.0
31.0,0.0,0.0,150.3000031,47.29999924,20.938383728810177,78.19999695,0.5202927168136565,139.5,91.0,0.0,0.0,0.0,0.0,0.0,0.0,0.0,2.0,27120.0,0.5,2005,2.599999905,1.0,0.0,0.0
34.0,1.0,2.0,168.3000031,53.0,18.711457678223717,68.0,0.4040403965981864,117.5,68.5,0.0,0.0,1.0,0.0,1.0,0.5,0.5714285714285714,2.0,30960.0,1.0,2005,2.299999952,1.0,0.0,0.0
42.0,1.0,5.0,171.3999939,60.20000076,20.49155388765856,73.69999695,0.42998832889690086,121.5,75.0,0.0,0.0,1.0,0.0,1.0,10.0,0.8571428571428571,1.4285714285714286,20160.0,0.75,2005,6.300000191,1.0,0.0,1.0
43.0,1.0,3.0,167.6999969,53.09999847,18.88114812781452,73.19999695,0.43649372870083814,122.0,67.0,0.0,0.0,1.0,0.0,1.0,0.5,0.5714285714285714,2.0,25200.0,0.75,2005,4.699999809,1.0,0.0,0.0
53.0,0.0,0.0,157.6000061,55.40000153,22.304747787812364,74.5,0.47271571774387133,131.5,69.5,0.0,0.0,0.0,0.0,0.0,0.0,0.5714285714285714,1.7142857142857142,4916.0,1.0,2005,1.700000048,1.0,0.0,0.0
29.0,1.0,1.0,170.0,58.40000153,20.20761298615917,76.0,0.4470588235294118,111.5,62.0,0.0,0.0,1.0,0.0,1.0,10.0,0.14285714285714285,1.1428571428571428,6800.0,0.6666666666666666,2005,4.0,1.0,0.0,0.0
41.0,1.0,9.0,170.0,62.5,21.626297577854675,76.0,0.4470588235294118,130.0,69.0,0.0,0.0,0.0,0.0,0.0,0.0,3.0,1.1428571428571428,28920.0,2.0,2005,1.200000048,1.0,0.0,0.0
34.0,1.0,10.0,173.0,66.5,22.219252230278325,78.30000305,0.452601173699422,136.5,84.0,0.0,0.0,0.0,0.0,0.0,0.0,0.8571428571428571,1.1428571428571428,480.0,0.15,2005,5.599999905,1.0,0.0,0.0
52.0,0.0,3.0,155.3999939,65.09999847,26.957460872680873,91.0,0.5855856085718932,115.5,87.0,0.0,0.0,0.0,0.0,0.0,0.0,3.0,1.4285714285714286,10020.0,0.3333333333333333,2005,4.099999905,1.0,0.0,0.0
52.0,0.0,0.0,151.3000031,49.59999847,21.667249747607954,71.5,0.47257104120971427,108.0,69.0,0.0,0.0,0.0,0.0,0.0,0.0,1.1428571428571428,0.2857142857142857,19380.0,1.0,2005,4.199999809,1.0,0.0,0.0
38.0,0.0,4.0,149.0,60.29999924,27.16093835412819,76.19999695,0.5114093755033557,128.5,85.5,0.0,0.0,0.0,0.0,1.0,0.5,0.42857142857142855,0.5714285714285714,26880.0,2.0,2005,3.799999952,1.0,0.0,0.0
54.0,0.0,4.0,153.0,56.70000076,24.22145361185869,86.0,0.5620915032679739,149.0,100.5,0.0,0.0,0.0,0.0,0.0,0.0,0.14285714285714285,0.8571428571428571,19320.0,0.75,2005,4.5,1.0,0.0,0.0
36.0,0.0,5.0,158.5,50.09999847,19.942480657584415,71.19999695,0.44921133722397477,136.5,87.5,0.0,0.0,0.0,0.0,0.0,0.0,0.5714285714285714,0.42857142857142855,20160.0,0.5,2005,,,0.0,0.0
45.0,1.0,10.0,165.8000031,52.20000076,18.988971411779012,73.19999695,0.4414957513954353,117.5,68.5,0.0,0.0,0.0,0.0,1.0,10.0,0.8571428571428571,1.1428571428571428,2800.0,0.5,2005,3.5,1.0,0.0,0.0
50.0,0.0,9.0,154.5,55.70000076,23.334485713388005,72.5,0.4692556634304207,146.5,102.0,0.0,0.0,0.0,0.0,1.0,2.0,0.14285714285714285,0.5714285714285714,19680.0,3.0,2005,2.700000048,1.0,0.0,0.0
46.0,1.0,5.0,159.3999939,55.0,21.64642039452212,77.5,0.48619826201887956,160.5,101.5,0.0,0.0,0.0,0.0,0.0,0.0,0.5714285714285714,0.2857142857142857,21120.0,1.5,2005,3.700000048,1.0,0.0,0.0
35.0,0.0,0.0,166.0,77.30000305,28.051968010596607,84.5,0.5090361445783133,137.5,94.5,0.0,1.0,0.0,0.0,0.0,0.0,0.2857142857142857,0.2857142857142857,19200.0,3.0,2005,2.799999952,1.0,0.0,0.0
45.0,1.0,4.0,176.0,71.59999847,23.11466892755682,66.90000153,0.38011364505681816,174.5,98.0,0.0,0.0,1.0,0.0,1.0,10.0,0.0,0.42857142857142855,32160.0,1.0,2005,2.900000095,1.0,0.0,0.0
46.0,1.0,5.0,165.0,63.5,23.32415059687787,62.40000153,0.3781818274545454,139.5,94.5,0.0,0.0,0.0,0.0,0.0,0.0,1.4285714285714286,1.1428571428571428,22080.0,2.0,2005,,,0.0,0.0
51.0,0.0,2.0,160.5,58.09999847,22.55412834502771,68.5,0.42679127725856697,144.5,96.5,0.0,1.0,0.0,0.0,0.0,0.0,0.5714285714285714,1.1428571428571428,4320.0,3.0,2005,3.599999905,1.0,0.0,0.0
40.0,0.0,3.0,150.0,44.59999847,19.822221542222223,73.30000305,0.488666687,145.0,96.0,0.0,0.0,0.0,0.0,0.0,0.0,0.0,0.5714285714285714,960.0,2.0,2005,5.599999905,1.0,0.0,0.0
27.0,0.0,3.0,157.8999939,43.09999847,17.28673714257162,59.40000153,0.3761874846405551,119.0,72.0,,1.0,0.0,0.0,0.0,0.0,0.2857142857142857,2.5714285714285716,10920.0,1.0,2005,3.099999905,1.0,0.0,0.0
37.0,1.0,9.0,167.5,62.0,22.09846290933393,80.19999695,0.4788059519402985,117.5,73.5,0.0,0.0,0.0,0.0,1.0,2.0,0.8571428571428571,0.8571428571428571,11720.0,1.0,2005,3.599999905,1.0,0.0,0.0
32.0,0.0,5.0,157.1000061,58.59999847,23.743525297703062,75.0,0.4774029095343237,135.5,82.5,0.0,0.0,0.0,0.0,0.0,0.0,2.142857142857143,1.1428571428571428,5760.0,1.0,2005,4.800000191,1.0,0.0,0.0
28.0,0.0,2.0,159.3999939,48.90000153,19.245636189293727,69.19999695,0.43412797740389375,125.5,83.0,0.0,0.0,0.0,0.0,0.0,0.0,1.7142857142857142,1.1428571428571428,28080.0,1.5,2005,4.0,1.0,0.0,0.0
32.0,0.0,3.0,158.5,56.59999847,22.52982852650539,75.5,0.47634069400630913,124.0,84.5,0.0,0.0,0.0,1.0,1.0,2.0,1.7142857142857142,0.8571428571428571,19680.0,1.0,2005,3.700000048,1.0,0.0,0.0
49.0,1.0,5.0,176.6999969,66.90000153,21.42658923545147,75.59999847,0.42784380190331517,130.5,91.5,0.0,0.0,0.0,0.0,1.0,2.0,1.2857142857142858,0.8571428571428571,5460.0,3.0,2005,4.699999809,1.0,0.0,0.0
29.0,1.0,7.0,163.1999969,50.0,18.772828471737828,68.5,0.4197304001296828,141.0,86.0,0.0,0.0,0.0,0.0,0.0,0.0,1.1428571428571428,0.8571428571428571,1480.0,0.6666666666666666,2005,3.799999952,1.0,0.0,0.0
28.0,1.0,11.0,179.0,70.90000153,22.127899107393652,78.5,0.43854748603351956,123.5,71.0,0.0,0.0,0.0,0.0,1.0,2.0,3.4285714285714284,0.8571428571428571,3120.0,0.6166666666666667,2005,5.5,1.0,0.0,0.0
56.0,0.0,4.0,153.6999969,46.5,19.683631928683454,65.40000153,0.42550424755408695,151.5,98.5,0.0,0.0,0.0,0.0,1.0,0.5,1.1428571428571428,2.142857142857143,10680.0,0.8833333333333333,2005,3.200000048,1.0,0.0,0.0
41.0,1.0,1.0,174.6000061,66.40000153,21.781088533032694,74.59999847,0.42726229017010325,151.0,81.0,0.0,1.0,1.0,0.0,1.0,2.0,1.2857142857142858,1.1428571428571428,304.0,0.4166666666666667,2005,2.900000095,1.0,0.0,0.0
49.0,0.0,3.0,148.1000061,54.20000076,24.710932808224065,75.30000305,0.5084402427313607,152.5,90.0,0.0,0.0,0.0,0.0,0.0,0.0,1.7142857142857142,1.1428571428571428,13000.0,0.5833333333333334,2005,1.700000048,1.0,0.0,0.0
42.0,0.0,0.0,,,,,,,,,0.0,0.0,0.0,0.0,0.0,0.42857142857142855,0.5714285714285714,15600.0,2.0,2005,,,0.0,0.0
54.0,1.0,3.0,,,,,,,,,0.0,0.0,0.0,0.0,0.0,0.0,0.2857142857142857,10800.0,2.0,2005,,,0.0,0.0
61.0,1.0,4.0,162.3999939,44.90000153,17.024498934937554,68.30000305,0.42056653704098446,188.5,100.5,0.0,0.0,1.0,0.0,0.0,0.0,0.0,0.5714285714285714,2400.0,3.0,2005,4.5,1.0,0.0,0.0
36.0,1.0,3.0,146.0,48.40000153,22.70594930099456,68.19999695,0.4671232667808219,99.5,56.0,0.0,0.0,0.0,0.0,0.0,0.0,0.14285714285714285,0.5714285714285714,10200.0,3.0,2005,3.700000048,1.0,0.0,0.0
27.0,0.0,6.0,,,,,,,,,0.0,0.0,0.0,0.0,0.0,0.5714285714285714,0.5714285714285714,24360.0,0.3333333333333333,2005,,,0.0,0.0
42.0,1.0,10.0,,,,,,,,,0.0,0.0,0.0,0.0,0.0,0.2857142857142857,0.0,19400.0,0.25,2005,,,0.0,0.0
28.0,0.0,6.0,152.3999939,55.79999924,24.02504964613831,80.0,0.5249344042132538,126.5,75.5,0.0,0.0,0.0,0.0,1.0,10.0,3.0,1.4285714285714286,4800.0,1.0,2005,1.700000048,1.0,0.0,0.0
30.0,0.0,7.0,158.0,54.40000153,21.791380199487257,71.09999847,0.4499999903164557,118.5,73.0,0.0,0.0,0.0,0.0,1.0,2.0,4.0,0.8571428571428571,4080.0,1.0,2005,4.199999809,1.0,0.0,0.0
44.0,1.0,4.0,160.8000031,51.5,19.91751364999611,71.0,0.4415422800448939,126.5,67.0,0.0,0.0,0.0,0.0,0.0,0.0,0.2857142857142857,1.4285714285714286,13320.0,1.0,2005,3.599999905,1.0,0.0,0.0
25.0,1.0,5.0,159.0,59.09999847,23.377239219176456,75.0,0.4716981132075472,138.0,81.0,0.0,0.0,0.0,0.0,1.0,0.5,0.8571428571428571,1.4285714285714286,16860.0,1.0,2005,2.900000095,1.0,0.0,0.0
31.0,1.0,5.0,156.6999969,53.79999924,21.910096672660114,69.5,0.4435226635285275,119.0,64.5,0.0,0.0,0.0,0.0,1.0,2.0,0.14285714285714285,1.1428571428571428,18000.0,0.16666666666666666,2005,3.799999952,1.0,0.0,0.0
28.0,0.0,1.0,153.0,43.0,18.369003374770386,73.0,0.477124183006536,112.5,74.0,0.0,0.0,0.0,0.0,0.0,0.0,0.8571428571428571,2.0,18840.0,1.5,2005,2.599999905,1.0,0.0,0.0
64.0,1.0,5.0,158.5,46.5,18.50948860074237,70.0,0.4416403785488959,126.0,64.0,0.0,0.0,1.0,0.0,1.0,10.0,0.2857142857142857,1.1428571428571428,4232.0,1.0,2005,,0.0,0.0,0.0
28.0,0.0,0.0,149.0,42.5,19.143281834151615,72.5,0.4865771812080537,91.0,52.5,0.0,0.0,0.0,1.0,0.0,0.0,0.5714285714285714,2.0,26440.0,0.6666666666666666,2005,2.799999952,1.0,0.0,0.0
42.0,0.0,5.0,152.0,48.09999847,20.818905154951526,76.19999695,0.5013157694078947,110.5,60.5,0.0,0.0,0.0,0.0,0.0,0.0,2.0,2.0,29680.0,0.3333333333333333,2005,3.0,1.0,0.0,0.0
30.0,0.0,2.0,162.6999969,50.29999924,19.001718902546635,66.80000305,0.4105716307484453,116.5,61.0,0.0,0.0,0.0,0.0,0.0,0.0,0.14285714285714285,0.5714285714285714,32760.0,1.5,2005,3.299999952,1.0,0.0,0.0
31.0,0.0,0.0,150.0,40.70000076,18.088889226666666,64.69999695,0.431333313,110.0,67.0,0.0,0.0,0.0,0.0,0.0,0.0,2.5714285714285716,2.0,29760.0,0.75,2005,2.900000095,1.0,0.0,0.0
46.0,1.0,2.0,174.6999969,58.5,19.16770300353982,75.5,0.43216944098297233,123.0,77.0,0.0,0.0,1.0,0.0,1.0,24.0,2.0,2.0,15120.0,0.3333333333333333,2005,3.099999905,1.0,0.0,0.0
26.0,0.0,0.0,158.0,50.0,20.028841531805796,76.69999695,0.4854430186708861,98.0,59.5,0.0,0.0,0.0,0.0,0.0,0.0,4.0,2.0,28560.0,1.0,2005,2.5,1.0,0.0,0.0
53.0,1.0,2.0,165.6999969,54.70000076,19.922431019664568,52.5,0.3168376643463896,119.0,66.0,0.0,0.0,1.0,0.0,1.0,10.0,5.0,1.0,30960.0,0.5,2005,1.600000024,1.0,0.0,0.0
33.0,1.0,2.0,164.6999969,47.70000076,17.584547775086083,72.5,0.44019430093869055,119.0,69.5,0.0,0.0,0.0,0.0,0.0,0.0,2.142857142857143,2.0,26400.0,2.0,2005,4.300000191,1.0,0.0,0.0
60.0,0.0,2.0,158.3000031,45.40000153,18.117322735307596,63.20000076,0.399241942655401,154.5,83.5,0.0,0.0,0.0,1.0,1.0,2.0,4.0,2.0,29760.0,0.5,2005,3.5,1.0,0.0,0.0
33.0,0.0,0.0,147.3999939,52.09999847,23.979646657951672,77.0,0.5223880813199953,100.5,56.0,0.0,0.0,0.0,0.0,0.0,0.0,3.0,2.0,29760.0,0.75,2005,2.900000095,1.0,0.0,0.0
35.0,0.0,0.0,161.8000031,53.40000153,20.397841756968532,70.5,0.435723106608519,116.5,71.5,0.0,0.0,0.0,0.0,0.0,0.0,3.0,1.0,33120.0,1.0,2005,2.200000048,1.0,0.0,0.0
34.0,1.0,5.0,167.6999969,65.0,23.11251720659313,75.0,0.44722719968040736,114.0,67.5,0.0,0.0,0.0,0.0,0.0,0.0,2.2857142857142856,1.0,28080.0,0.75,2005,3.5,1.0,0.0,0.0
26.0,0.0,4.0,158.8999939,45.40000153,17.98076257265657,65.0,0.4090623190388933,93.5,56.5,0.0,0.0,0.0,0.0,0.0,0.0,0.0,1.1428571428571428,21960.0,1.0,2005,2.200000048,1.0,0.0,0.0
36.0,0.0,3.0,156.8000031,60.5,24.60725902284395,74.0,0.47193876617978203,128.5,74.5,0.0,0.0,0.0,0.0,0.0,0.0,0.2857142857142857,0.8571428571428571,30240.0,1.0,2005,1.700000048,1.0,0.0,0.0
36.0,0.0,3.0,156.8000031,53.59999847,21.80081067727817,72.0,0.4591836643911393,95.5,54.0,0.0,0.0,0.0,0.0,0.0,0.0,0.14285714285714285,1.1428571428571428,25200.0,2.0,2005,2.5,1.0,0.0,0.0
56.0,0.0,3.0,163.3000031,52.59999847,19.7248334818719,68.5,0.4194733539475358,132.5,79.5,0.0,0.0,0.0,1.0,1.0,2.0,0.0,1.1428571428571428,22800.0,3.0,2005,2.599999905,1.0,0.0,0.0
53.0,0.0,1.0,158.1000061,47.40000153,18.963329109517662,64.80000305,0.40986717615313234,118.0,58.0,0.0,0.0,0.0,0.0,0.0,0.0,0.0,1.4285714285714286,27240.0,2.0,2005,3.900000095,1.0,0.0,0.0
47.0,1.0,5.0,166.1000061,50.0,18.123025750832934,66.5,0.40036121347258635,108.5,67.0,0.0,0.0,0.0,0.0,0.0,0.0,0.14285714285714285,0.8571428571428571,23940.0,3.0,2005,2.5,1.0,0.0,0.0
25.0,0.0,3.0,150.5,43.20000076,19.072637502897322,62.5,0.4152823920265781,113.5,66.0,0.0,0.0,0.0,0.0,0.0,0.0,0.0,0.8571428571428571,16560.0,1.0,2005,3.5,1.0,0.0,0.0
29.0,0.0,5.0,154.1000061,46.09999847,19.4131316249603,67.80000305,0.43997404520544015,131.5,76.5,0.0,0.0,0.0,0.0,0.0,0.0,0.0,1.4285714285714286,25680.0,3.0,2005,3.700000048,1.0,0.0,0.0
52.0,1.0,3.0,171.1000061,55.0,18.78722512266077,77.40000153,0.45236702963507375,172.5,100.0,0.0,0.0,0.0,0.0,0.0,0.0,0.2857142857142857,1.4285714285714286,12540.0,0.06666666666666667,2005,2.400000095,1.0,0.0,0.0
27.0,0.0,0.0,154.6000061,48.29999924,20.208222290669866,67.59999847,0.43725741140187446,121.5,71.5,0.0,0.0,0.0,0.0,0.0,0.0,1.2857142857142858,0.8571428571428571,9020.0,0.75,2005,3.799999952,1.0,0.0,0.0
35.0,1.0,8.0,156.5,54.09999847,22.088619244863175,72.5,0.46325878594249204,116.5,69.5,0.0,0.0,1.0,0.0,1.0,10.0,0.8571428571428571,1.4285714285714286,6400.0,0.5,2005,2.400000095,1.0,0.0,0.0
35.0,1.0,4.0,164.3000031,57.5,21.300642401537775,77.30000305,0.47048083744071456,135.0,57.0,0.0,0.0,1.0,0.0,1.0,10.0,0.5714285714285714,1.1428571428571428,11280.0,0.6666666666666666,2005,2.599999905,1.0,0.0,0.0
32.0,1.0,3.0,167.3000031,57.20000076,20.43638786129095,71.59999847,0.42797368286480325,104.5,63.0,0.0,0.0,0.0,0.0,0.0,0.0,0.42857142857142855,1.1428571428571428,5700.0,0.5,2005,3.400000095,1.0,0.0,0.0
27.0,0.0,1.0,157.8999939,54.09999847,21.698665572236084,75.0,0.4749841855440376,133.5,73.5,0.0,0.0,0.0,0.0,0.0,0.0,0.5714285714285714,1.7142857142857142,13200.0,0.4166666666666667,2005,2.799999952,1.0,0.0,0.0
52.0,0.0,1.0,167.0,52.59999847,18.86048207895586,72.5,0.4341317365269461,112.5,69.5,0.0,0.0,0.0,0.0,0.0,0.0,0.8571428571428571,1.1428571428571428,7780.0,0.5,2005,3.299999952,1.0,0.0,0.0
29.0,1.0,4.0,176.0,63.70000076,20.56430809659091,76.5,0.4346590909090909,107.0,52.5,0.0,0.0,1.0,0.0,1.0,24.0,2.5714285714285716,1.1428571428571428,7360.0,0.5,2005,2.0,1.0,0.0,0.0
53.0,0.0,3.0,167.1999969,61.0,21.820128553447788,79.0,0.4724880470377568,148.0,80.5,0.0,0.0,0.0,1.0,0.0,0.0,0.2857142857142857,0.8571428571428571,0.0,4.0,2005,2.700000048,1.0,0.0,0.0
53.0,0.0,4.0,151.6999969,38.0,16.512485634383733,59.5,0.39222149779753884,146.0,61.0,0.0,1.0,0.0,1.0,1.0,0.5,0.0,2.0,29280.0,1.0,2005,3.900000095,1.0,0.0,0.0
25.0,1.0,7.0,158.6000061,51.79999924,20.593177080421892,69.19999695,0.4363177445678547,120.0,57.5,0.0,0.0,1.0,0.0,0.0,0.0,0.0,2.0,24560.0,0.06666666666666667,2005,5.599999905,1.0,0.0,0.0
55.0,1.0,2.0,168.6999969,63.59999847,22.347397602505048,83.80000305,0.49673980195550316,118.0,68.5,0.0,0.0,0.0,0.0,1.0,10.0,0.14285714285714285,0.8571428571428571,19680.0,3.0,2005,2.700000048,1.0,0.0,0.0
34.0,0.0,2.0,163.6000061,51.0,19.05476271842802,68.59999847,0.4193153784362848,111.5,65.0,0.0,0.0,0.0,0.0,0.0,0.0,0.14285714285714285,0.8571428571428571,24960.0,2.0,2005,2.0,1.0,0.0,0.0
35.0,1.0,6.0,167.8000031,58.70000076,20.847509376445828,73.0,0.43504170829183975,101.5,56.5,0.0,0.0,0.0,0.0,0.0,0.0,2.142857142857143,0.5714285714285714,20160.0,2.0,2005,1.899999976,1.0,0.0,0.0
25.0,0.0,2.0,150.0,41.79999924,18.57777744,63.5,0.42333333333333334,124.5,60.0,0.0,0.0,0.0,0.0,0.0,0.0,0.8571428571428571,1.7142857142857142,11380.0,0.6666666666666666,2005,,,0.0,0.0
32.0,0.0,0.0,151.1999969,51.40000153,22.483274735831195,67.09999847,0.4437830677627481,116.0,61.5,0.0,0.0,0.0,0.0,0.0,0.0,1.2857142857142858,1.1428571428571428,10252.0,0.6666666666666666,2005,,,0.0,0.0
50.0,0.0,0.0,148.3999939,41.5,18.844313927048113,73.80000305,0.4973046232045701,130.5,71.5,0.0,0.0,0.0,1.0,1.0,0.5,0.8571428571428571,1.4285714285714286,6420.0,0.7666666666666667,2005,,,0.0,0.0
44.0,1.0,2.0,162.6000061,48.5,18.344278007368278,70.40000153,0.4329643228100715,121.0,59.5,0.0,0.0,0.0,0.0,0.0,0.0,2.0,2.0,32160.0,1.0,2005,2.599999905,1.0,0.0,0.0
35.0,0.0,2.0,153.1000061,54.29999924,23.16591227969428,75.30000305,0.4918354020235405,106.0,60.0,0.0,0.0,0.0,0.0,0.0,0.0,0.5714285714285714,2.0,29840.0,0.5,2005,3.099999905,1.0,0.0,0.0
45.0,0.0,2.0,167.6999969,72.09999847,25.637114695895587,86.40000153,0.5152057431552641,114.5,63.0,0.0,0.0,1.0,0.0,1.0,24.0,0.2857142857142857,2.0,22400.0,2.0,2005,4.599999905,1.0,0.0,0.0
25.0,0.0,3.0,155.6999969,50.40000153,20.789945066260326,69.5,0.4463712356053361,107.5,60.0,0.0,0.0,0.0,0.0,0.0,0.0,0.2857142857142857,0.5714285714285714,29640.0,2.0,2005,2.599999905,1.0,0.0,0.0
42.0,1.0,1.0,164.6999969,49.40000153,18.21125100949811,68.09999847,0.413479051316242,123.0,67.0,0.0,0.0,1.0,0.0,1.0,0.5,0.8571428571428571,2.0,4680.0,0.3333333333333333,2005,4.0,1.0,0.0,0.0
26.0,1.0,6.0,134.6000061,61.40000153,33.890519245163105,71.69999695,0.5326894034219513,101.0,66.5,0.0,0.0,0.0,0.0,1.0,2.0,3.4285714285714284,0.5714285714285714,23520.0,1.0,2005,4.099999905,1.0,0.0,0.0
58.0,0.0,0.0,155.0,59.09999847,24.599375013527574,77.59999847,0.5006451514193548,122.5,60.5,0.0,0.0,0.0,0.0,0.0,0.0,3.4285714285714284,0.8571428571428571,28080.0,3.0,2005,2.299999952,1.0,0.0,0.0
57.0,1.0,12.0,174.3000031,54.90000153,18.07080780367929,71.69999695,0.4113596997979629,134.0,63.0,0.0,0.0,0.0,0.0,1.0,2.0,0.8571428571428571,0.14285714285714285,4080.0,5.0,2005,3.700000048,1.0,0.0,0.0
56.0,0.0,3.0,155.3000031,50.59999847,20.98010101542451,70.59999847,0.4546039733466046,136.0,70.5,0.0,0.0,0.0,1.0,1.0,2.0,2.2857142857142856,1.4285714285714286,30960.0,2.0,2005,2.599999905,1.0,0.0,0.0
48.0,0.0,0.0,152.6000061,65.19999695,27.998739084964434,80.5,0.5275229146927275,128.0,69.5,0.0,0.0,0.0,0.0,0.0,0.0,1.4285714285714286,1.1428571428571428,27120.0,2.0,2005,,,0.0,0.0
31.0,0.0,8.0,159.3999939,50.09999847,19.717920520846093,70.40000153,0.44165623729048337,105.5,64.5,0.0,0.0,0.0,0.0,0.0,0.0,1.4285714285714286,1.4285714285714286,25800.0,3.0,2005,1.899999976,1.0,0.0,0.0
29.0,0.0,0.0,159.6000061,62.09999847,24.37955545309385,74.90000153,0.4692982372636638,130.5,88.0,0.0,0.0,0.0,0.0,0.0,0.0,2.0,1.0,26880.0,1.5,2005,,,0.0,0.0
26.0,1.0,4.0,162.3000031,54.59999847,20.72791286388519,70.0,0.43130005337627747,138.0,60.5,0.0,0.0,0.0,0.0,0.0,0.0,1.4285714285714286,1.0,21120.0,1.0,2005,,,0.0,0.0
47.0,1.0,0.0,172.3000031,56.29999924,18.964343735691266,80.69999695,0.46836909749306904,104.0,56.5,0.0,0.0,0.0,1.0,1.0,24.0,0.2857142857142857,2.0,26280.0,0.5,2005,2.5,1.0,0.0,0.0
46.0,0.0,0.0,162.6000061,65.30000305,24.69858576971539,82.5,0.5073800547661849,119.5,68.0,0.0,0.0,0.0,0.0,1.0,0.5,0.7142857142857143,2.0,32760.0,0.75,2005,5.199999809,1.0,0.0,0.0
26.0,0.0,0.0,156.1999969,50.20000076,20.575087076294107,69.5,0.44494239039258265,132.5,78.5,0.0,0.0,0.0,0.0,0.0,0.0,1.0,2.0,24400.0,1.5,2005,3.900000095,1.0,0.0,0.0
64.0,0.0,0.0,159.8999939,54.29999924,21.23747737229629,74.40000153,0.46529083407300864,107.5,52.0,0.0,0.0,0.0,1.0,1.0,2.0,1.1428571428571428,1.7142857142857142,15560.0,0.7,2005,5.099999905,1.0,0.0,0.0
26.0,1.0,0.0,168.0,42.59999847,15.093536872874154,67.40000153,0.401190485297619,110.0,75.0,0.0,0.0,0.0,1.0,0.0,0.0,1.1428571428571428,1.7142857142857142,9044.0,1.1666666666666667,2005,3.900000095,1.0,0.0,0.0
26.0,1.0,5.0,155.8999939,48.0,19.74917876595383,70.30000305,0.4509301205944435,105.5,63.0,0.0,0.0,0.0,0.0,0.0,0.0,1.7142857142857142,1.7142857142857142,12892.0,0.5833333333333334,2005,2.200000048,1.0,0.0,0.0
49.0,1.0,1.0,157.8999939,54.40000153,21.818992120363383,82.69999695,0.5237492092772019,138.5,75.0,0.0,0.0,0.0,0.0,1.0,2.0,0.8571428571428571,1.1428571428571428,14968.0,0.5,2005,,,0.0,0.0
47.0,0.0,4.0,165.0,51.90000153,19.063361443526173,74.5,0.45151515151515154,125.0,73.5,0.0,0.0,0.0,0.0,1.0,10.0,1.7142857142857142,1.4285714285714286,15520.0,0.5833333333333334,2005,,,0.0,0.0
37.0,0.0,0.0,156.3999939,48.0,19.623107083387467,64.40000153,0.4117647317248393,107.5,62.5,0.0,0.0,0.0,0.0,1.0,0.5,1.1428571428571428,1.1428571428571428,16572.0,0.8333333333333334,2005,,,0.0,0.0
45.0,0.0,3.0,162.6000061,63.59999847,24.0555887258119,72.19999695,0.4440344049285986,105.0,66.0,0.0,0.0,0.0,0.0,1.0,2.0,1.4285714285714286,1.4285714285714286,17768.0,0.48333333333333334,2005,,,0.0,0.0
25.0,0.0,0.0,157.6000061,47.0,18.922799947207533,69.5,0.44098983064696723,130.0,74.0,0.0,0.0,0.0,0.0,0.0,0.0,1.7142857142857142,1.4285714285714286,20668.0,0.7166666666666667,2005,,,0.0,0.0
56.0,0.0,0.0,146.8000031,39.20000076,18.190052224204557,71.59999847,0.4877383988965325,150.0,71.5,0.0,0.0,0.0,1.0,0.0,0.0,1.1428571428571428,1.4285714285714286,13440.0,0.6833333333333333,2005,,,0.0,0.0
25.0,0.0,3.0,157.8999939,53.0,21.257473342928773,75.0,0.4749841855440376,112.0,73.0,0.0,0.0,0.0,0.0,0.0,0.0,1.2857142857142858,1.4285714285714286,14160.0,0.6666666666666666,2005,,,0.0,0.0
48.0,1.0,2.0,165.8000031,45.40000153,16.515312616786506,72.5,0.4372738157083907,112.0,68.5,0.0,0.0,1.0,0.0,1.0,10.0,1.1428571428571428,1.1428571428571428,16520.0,0.6833333333333333,2005,,,0.0,0.0
47.0,0.0,2.0,158.6999969,47.29999924,18.780506346218477,66.69999695,0.42028984406363273,131.5,81.0,,0.0,0.0,0.0,1.0,2.0,1.4285714285714286,1.4285714285714286,15064.0,0.6666666666666666,2005,,,0.0,0.0
27.0,0.0,0.0,157.3999939,46.0,18.567285239267136,73.09999847,0.46442186342422725,99.0,53.5,0.0,0.0,0.0,0.0,0.0,0.0,0.5714285714285714,0.8571428571428571,29760.0,0.5,2005,2.5,1.0,0.0,0.0
38.0,1.0,9.0,154.6999969,51.59999847,21.561008895588554,73.90000153,0.477698791279032,106.5,57.5,0.0,0.0,0.0,0.0,1.0,2.0,1.0,1.1428571428571428,26720.0,2.0,2005,3.5,1.0,0.0,0.0
49.0,0.0,0.0,148.1999969,37.29999924,16.98292273838416,62.79999924,0.42375169064527823,101.0,54.5,0.0,0.0,0.0,0.0,0.0,0.0,4.0,1.4285714285714286,28560.0,0.5,2005,,,0.0,0.0
56.0,0.0,0.0,150.5,50.59999847,22.33970859924284,71.40000153,0.4744186148172757,126.5,68.0,0.0,0.0,0.0,0.0,1.0,10.0,2.0,1.7142857142857142,31440.0,0.5,2005,,,0.0,0.0
48.0,0.0,4.0,161.0,58.0,22.375679950619187,72.90000153,0.4527950405590062,123.0,62.0,0.0,0.0,0.0,0.0,0.0,0.0,3.0,1.4285714285714286,33360.0,0.75,2005,3.599999905,1.0,0.0,0.0
25.0,0.0,2.0,156.6000061,47.09999847,19.206018539172813,69.30000305,0.4425287378708474,111.5,72.5,0.0,0.0,0.0,0.0,0.0,0.0,4.0,1.4285714285714286,28560.0,0.5,2005,,,0.0,0.0
32.0,0.0,0.0,165.0,48.79999924,17.92470128191001,68.40000153,0.4145454638181818,117.0,78.5,0.0,0.0,0.0,0.0,1.0,0.5,3.0,0.8571428571428571,29760.0,0.75,2005,,,0.0,0.0
42.0,1.0,7.0,177.1000061,59.79999924,19.066194811418338,68.40000153,0.38622246851520575,119.5,75.5,0.0,0.0,1.0,0.0,1.0,10.0,5.0,1.1428571428571428,31680.0,0.75,2005,,,0.0,0.0
53.0,1.0,0.0,167.1000061,56.70000076,20.30626891458271,72.5,0.4338719171357349,125.0,81.5,0.0,0.0,0.0,0.0,0.0,0.0,0.2857142857142857,1.1428571428571428,28560.0,2.0,2005,4.0,1.0,0.0,0.0
43.0,1.0,5.0,157.3000031,53.29999924,21.541192436080102,69.0,0.43865224818930726,134.0,84.5,0.0,0.0,0.0,1.0,1.0,10.0,0.0,0.2857142857142857,29040.0,2.0,2005,3.700000048,1.0,0.0,0.0
36.0,0.0,0.0,159.3999939,48.90000153,19.245636189293727,67.40000153,0.4228356594058816,116.0,72.0,0.0,0.0,0.0,0.0,0.0,0.0,0.0,0.2857142857142857,34440.0,1.0,2005,2.5,1.0,0.0,0.0
26.0,0.0,0.0,156.3000031,45.40000153,18.58394426171772,66.80000305,0.427383248401228,119.5,75.5,0.0,0.0,0.0,0.0,0.0,0.0,1.7142857142857142,1.4285714285714286,27600.0,0.6666666666666666,2005,,,0.0,0.0
30.0,1.0,7.0,163.1999969,53.70000076,20.162018063993422,70.40000153,0.43137256658857204,132.0,78.0,0.0,0.0,0.0,0.0,0.0,0.0,1.1428571428571428,0.8571428571428571,28320.0,1.0,2005,,,0.0,0.0
29.0,1.0,2.0,158.1000061,53.5,21.403756848342763,72.5,0.458570507291081,147.5,80.5,0.0,0.0,1.0,0.0,1.0,2.0,0.8571428571428571,1.1428571428571428,10020.0,0.8333333333333334,2005,6.5,1.0,0.0,1.0
39.0,0.0,0.0,171.1999969,60.90000153,20.778289771312846,76.5,0.4468458024837733,136.0,94.0,0.0,0.0,0.0,0.0,1.0,2.0,0.8571428571428571,1.1428571428571428,8120.0,0.4166666666666667,2005,2.599999905,1.0,0.0,0.0
25.0,0.0,0.0,148.0,57.70000076,26.342220945945947,73.59999847,0.49729728695945946,120.5,67.5,0.0,0.0,0.0,0.0,1.0,24.0,0.42857142857142855,1.1428571428571428,6320.0,0.5,2005,2.599999905,1.0,0.0,0.0
57.0,1.0,4.0,162.1999969,53.90000153,20.48741167998895,76.09999847,0.469173858966948,127.0,74.5,0.0,0.0,1.0,0.0,1.0,10.0,0.2857142857142857,1.1428571428571428,6260.0,0.6833333333333333,2005,3.5,1.0,0.0,0.0
59.0,0.0,0.0,149.3000031,49.0,21.98246784398677,71.0,0.475552568826437,129.5,75.0,0.0,0.0,0.0,0.0,1.0,10.0,0.5714285714285714,1.1428571428571428,6780.0,0.4166666666666667,2005,3.599999905,1.0,0.0,0.0
25.0,1.0,3.0,152.8999939,52.20000076,22.328295604823225,71.0,0.4643558066224357,139.0,79.0,0.0,0.0,0.0,0.0,1.0,10.0,2.142857142857143,1.1428571428571428,8520.0,0.5,2005,2.200000048,1.0,0.0,0.0
39.0,0.0,1.0,161.3999939,55.79999924,21.42037970800878,84.0,0.5204461163241717,107.5,76.5,0.0,0.0,0.0,0.0,1.0,10.0,1.1428571428571428,1.7142857142857142,15360.0,0.5833333333333334,2005,3.200000048,1.0,0.0,0.0
53.0,1.0,2.0,164.1000061,73.80000305,27.40559184135712,92.0,0.5606337390623656,125.5,83.0,0.0,0.0,1.0,0.0,1.0,2.0,0.42857142857142855,1.1428571428571428,10280.0,0.6666666666666666,2005,3.299999952,1.0,0.0,0.0
31.0,1.0,3.0,165.8999939,65.40000153,23.762110896163446,80.0,0.4822182214679394,140.0,82.0,0.0,0.0,0.0,0.0,1.0,2.0,0.8571428571428571,1.7142857142857142,7680.0,0.5833333333333334,2005,5.5,1.0,0.0,0.0
37.0,0.0,0.0,150.3999939,43.70000076,19.319051812548675,65.90000153,0.43816492156121023,132.5,77.0,0.0,0.0,0.0,0.0,1.0,10.0,1.2857142857142858,1.4285714285714286,11824.0,0.5833333333333334,2005,2.200000048,1.0,0.0,0.0
28.0,0.0,0.0,158.0,48.70000076,19.50809195641724,67.09999847,0.42468353462025316,117.0,73.0,0.0,0.0,0.0,0.0,0.0,0.0,2.5714285714285716,1.4285714285714286,7240.0,1.0,2005,2.700000048,1.0,0.0,0.0
36.0,1.0,4.0,167.5,63.90000153,22.775674414791713,76.0,0.4537313432835821,124.5,67.0,0.0,0.0,0.0,0.0,0.0,0.0,1.4285714285714286,0.8571428571428571,18120.0,4.0,2005,3.200000048,1.0,0.0,0.0
29.0,0.0,0.0,158.0,47.09999847,18.867168110078513,68.0,0.43037974683544306,124.5,81.5,0.0,0.0,0.0,0.0,0.0,0.0,1.7142857142857142,1.7142857142857142,29760.0,1.0,2005,2.799999952,1.0,0.0,0.0
31.0,1.0,2.0,159.5,59.59999847,23.42744213205452,73.0,0.45768025078369906,147.0,79.5,0.0,0.0,0.0,0.0,1.0,10.0,1.2857142857142858,1.4285714285714286,26400.0,0.6666666666666666,2005,3.0,1.0,0.0,0.0
45.0,0.0,1.0,155.8999939,44.5,18.30913448093636,69.0,0.44259142206419294,121.0,75.5,0.0,0.0,0.0,0.0,1.0,10.0,1.7142857142857142,0.5714285714285714,29760.0,0.75,2005,4.199999809,1.0,0.0,0.0
29.0,1.0,4.0,167.1999969,60.09999847,21.498191683236318,72.30000305,0.4324162942014983,119.5,63.0,0.0,0.0,0.0,0.0,0.0,0.0,1.1428571428571428,0.8571428571428571,1680.0,0.5,2005,3.200000048,1.0,0.0,0.0
25.0,0.0,0.0,153.0,47.0,20.07774787474903,74.0,0.48366013071895425,111.5,72.0,0.0,0.0,0.0,1.0,1.0,10.0,2.142857142857143,1.7142857142857142,34320.0,0.5,2005,2.599999905,1.0,0.0,0.0
42.0,0.0,0.0,158.1000061,45.5,18.203195076627956,63.0,0.3984819580598359,117.5,78.0,0.0,0.0,0.0,0.0,0.0,0.0,3.4285714285714284,1.7142857142857142,31440.0,0.5,2005,4.199999809,1.0,0.0,0.0
41.0,1.0,7.0,163.1999969,60.5,22.715122450802774,74.40000153,0.4558823709757068,123.0,76.0,0.0,0.0,0.0,0.0,1.0,24.0,3.4285714285714284,0.2857142857142857,31440.0,3.0,2005,2.799999952,1.0,0.0,0.0
64.0,0.0,0.0,156.3999939,44.09999847,18.0287290073757,64.09999847,0.40984655351703314,165.5,85.0,0.0,0.0,0.0,0.0,0.0,0.0,0.8571428571428571,2.0,29040.0,1.0,2005,3.299999952,1.0,0.0,0.0
27.0,0.0,0.0,149.1000061,45.29999924,20.377123250731955,63.40000153,0.42521796737874173,116.0,67.5,0.0,0.0,0.0,0.0,0.0,0.0,1.1428571428571428,1.7142857142857142,33920.0,1.5,2005,1.399999976,1.0,0.0,0.0
45.0,0.0,0.0,155.3000031,42.90000153,17.787478120081175,63.20000076,0.4069542788051625,164.5,82.0,0.0,0.0,0.0,0.0,1.0,24.0,0.0,2.0,36880.0,1.5,2005,2.400000095,1.0,0.0,0.0
40.0,1.0,4.0,160.1000061,52.59999847,20.52121330389443,73.5,0.4590880524644777,190.0,110.0,0.0,0.0,1.0,0.0,1.0,10.0,0.42857142857142855,0.42857142857142855,10680.0,0.4166666666666667,2005,3.299999952,1.0,0.0,0.0
63.0,1.0,0.0,152.3000031,48.5,20.909416534825567,73.0,0.47931712747286215,141.5,75.5,0.0,0.0,0.0,0.0,1.0,2.0,0.5714285714285714,0.2857142857142857,18000.0,0.5,2005,1.700000048,1.0,0.0,0.0
28.0,0.0,0.0,152.1000061,41.29999924,17.852193303097522,69.5,0.45693620784148015,120.0,86.0,0.0,0.0,0.0,0.0,1.0,2.0,0.42857142857142855,0.42857142857142855,34440.0,2.0,2005,3.200000048,1.0,0.0,0.0
30.0,0.0,0.0,162.3000031,61.79999924,23.461264379681783,76.30000305,0.47011707697250193,116.5,81.0,0.0,0.0,0.0,0.0,0.0,0.0,0.2857142857142857,0.2857142857142857,39600.0,1.0,2005,4.5,1.0,0.0,0.0
50.0,0.0,0.0,157.3000031,50.5,20.409572861788376,74.09999847,0.4710743611549236,110.5,67.0,0.0,0.0,0.0,0.0,1.0,2.0,0.2857142857142857,0.2857142857142857,22800.0,2.0,2005,2.5,1.0,0.0,0.0
57.0,0.0,1.0,151.0,45.0,19.735976492259113,63.20000076,0.4185430513907285,133.5,79.5,0.0,0.0,0.0,1.0,1.0,2.0,0.2857142857142857,1.1428571428571428,560.0,4.0,2005,3.700000048,1.0,0.0,0.0
43.0,0.0,0.0,150.0,53.79999924,23.911110773333334,73.5,0.49,135.0,78.5,,1.0,0.0,0.0,0.0,0.0,3.5714285714285716,1.1428571428571428,1520.0,0.3333333333333333,2005,2.900000095,1.0,0.0,0.0
33.0,1.0,5.0,168.5,70.0,24.65461525592371,70.40000153,0.4178041633827893,133.0,80.0,0.0,0.0,0.0,0.0,1.0,10.0,4.285714285714286,1.1428571428571428,14400.0,4.0,2005,2.099999905,1.0,0.0,0.0
33.0,0.0,5.0,147.6000061,52.90000153,24.281914956148842,76.0,0.5149051277715361,123.0,63.0,0.0,0.0,0.0,0.0,0.0,0.0,0.42857142857142855,0.5714285714285714,13440.0,2.0,2005,4.699999809,1.0,0.0,0.0
45.0,1.0,5.0,168.5,65.09999847,22.928791649129604,77.0,0.456973293768546,134.5,70.0,,0.0,1.0,0.0,1.0,10.0,0.8571428571428571,0.42857142857142855,29280.0,1.0,2005,5.400000095,1.0,0.0,0.0
44.0,0.0,0.0,169.1000061,66.09999847,23.11608075070484,76.80000305,0.45416913234517026,122.0,77.5,1.0,1.0,0.0,0.0,0.0,0.0,0.14285714285714285,1.4285714285714286,14160.0,3.0,2005,4.699999809,1.0,0.0,0.0
25.0,1.0,11.0,165.0,58.0,21.30394857667585,67.0,0.40606060606060607,128.5,74.5,0.0,0.0,0.0,0.0,1.0,0.5,1.7142857142857142,1.1428571428571428,25560.0,4.0,2005,5.199999809,1.0,0.0,0.0
31.0,0.0,0.0,,,,82.0,,96.5,58.5,0.0,0.0,0.0,0.0,0.0,0.0,2.0,1.4285714285714286,1440.0,10.0,2005,4.099999905,1.0,0.0,0.0
26.0,0.0,0.0,149.8000031,55.70000076,24.821701946458028,81.0,0.5407209500918896,139.5,85.5,0.0,0.0,0.0,0.0,0.0,0.0,0.2857142857142857,0.8571428571428571,37920.0,1.0,2005,3.5,1.0,0.0,0.0
56.0,0.0,4.0,156.6000061,71.40000153,29.114857699105716,92.0,0.5874840128757823,160.0,100.5,0.0,0.0,0.0,0.0,1.0,0.5,0.2857142857142857,1.4285714285714286,45840.0,4.0,2005,6.0,1.0,0.0,0.0
59.0,1.0,0.0,165.0,58.40000153,21.45087292194674,74.0,0.4484848484848485,144.0,80.0,0.0,0.0,0.0,0.0,0.0,0.0,0.8571428571428571,0.5714285714285714,37440.0,4.0,2005,4.0,1.0,0.0,0.0
35.0,0.0,6.0,160.6000061,74.0,28.690664358973216,89.5,0.5572851594057318,161.0,92.0,0.0,0.0,0.0,0.0,0.0,0.0,1.7142857142857142,0.5714285714285714,58800.0,3.0,2005,6.400000095,1.0,0.0,1.0
27.0,1.0,7.0,175.0,81.40000153,26.57959233632653,,,133.0,65.0,,0.0,1.0,0.0,0.0,0.0,0.14285714285714285,1.1428571428571428,11460.0,0.6666666666666666,2005,4.300000191,1.0,0.0,0.0
40.0,0.0,0.0,154.8999939,49.09999847,20.463441641118013,68.0,0.43899291593193535,128.0,81.0,0.0,0.0,0.0,0.0,0.0,0.0,0.42857142857142855,0.8571428571428571,27360.0,1.0,2005,6.199999809,1.0,0.0,1.0
38.0,0.0,7.0,159.1000061,49.70000076,19.6343262359801,72.0,0.45254555147374065,140.0,86.0,0.0,0.0,0.0,0.0,1.0,0.5,2.0,0.8571428571428571,42000.0,3.0,2005,2.200000048,1.0,0.0,0.0
50.0,0.0,10.0,152.3000031,63.40000153,27.333134851532954,69.40000153,0.4556795805475594,186.0,103.0,0.0,0.0,0.0,0.0,1.0,2.0,2.0,0.8571428571428571,25440.0,3.0,2005,14.60000038,1.0,0.0,1.0
45.0,1.0,0.0,174.3000031,64.19999695,21.131981303248,80.5,0.4618473813440799,141.0,92.5,0.0,0.0,0.0,0.0,0.0,0.0,0.14285714285714285,1.1428571428571428,720.0,2.0,2005,4.400000095,1.0,0.0,0.0
32.0,0.0,5.0,164.1999969,61.0,22.624737331738253,78.0,0.47503045963821205,121.0,80.0,0.0,0.0,0.0,0.0,0.0,0.0,0.0,1.7142857142857142,6000.0,1.5,2005,3.599999905,1.0,0.0,0.0
50.0,1.0,4.0,171.6000061,66.30000305,22.515362859486363,81.0,0.4720279552484235,162.5,95.5,0.0,0.0,1.0,0.0,1.0,0.5,0.8571428571428571,1.1428571428571428,10080.0,3.0,2005,5.099999905,1.0,0.0,0.0
57.0,1.0,3.0,170.6000061,69.09999847,23.742145001126904,78.0,0.457209831248652,127.0,77.0,0.0,0.0,1.0,0.0,1.0,2.0,0.2857142857142857,1.7142857142857142,29520.0,1.0,2005,,1.0,0.0,0.0
45.0,0.0,0.0,150.1000061,61.09999847,27.11938144006351,86.0,0.5729513424716642,151.0,91.0,0.0,0.0,0.0,0.0,1.0,2.0,0.0,1.7142857142857142,11280.0,1.5,2005,3.299999952,1.0,0.0,0.0
56.0,0.0,0.0,153.6000061,51.29999924,21.743772364888052,81.0,0.5273437290573129,167.0,80.0,0.0,0.0,0.0,1.0,1.0,2.0,0.2857142857142857,0.8571428571428571,600.0,2.0,2005,3.200000048,1.0,0.0,0.0
33.0,0.0,0.0,154.0,56.70000076,23.907910592005397,,,,,,0.0,0.0,0.0,0.0,0.0,0.0,2.0,13440.0,,2005,,,0.0,0.0
31.0,0.0,0.0,165.5,70.19999695,25.629556849608893,75.40000153,0.45558913311178245,127.5,80.0,0.0,0.0,0.0,0.0,0.0,0.0,0.0,0.2857142857142857,1680.0,0.5,2005,2.799999952,1.0,0.0,0.0
60.0,0.0,0.0,154.3999939,47.40000153,19.883086322509133,72.0,0.46632126194663015,168.5,97.0,0.0,0.0,0.0,0.0,1.0,10.0,1.7142857142857142,0.5714285714285714,23100.0,2.1666666666666665,2005,4.0,1.0,0.0,0.0
60.0,1.0,0.0,154.3000031,58.79999924,24.69707103530294,76.80000305,0.4977317012769393,166.0,82.5,0.0,0.0,0.0,0.0,0.0,0.0,1.2857142857142858,1.4285714285714286,13440.0,3.0,2005,1.700000048,1.0,0.0,0.0
55.0,1.0,0.0,165.5,76.59999847,27.96615528153266,91.0,0.5498489425981873,119.0,67.5,0.0,0.0,0.0,0.0,0.0,0.0,0.0,1.1428571428571428,30240.0,4.0,2005,4.400000095,1.0,0.0,0.0
60.0,1.0,0.0,151.0,51.70000076,22.674444436647516,77.0,0.5099337748344371,116.0,61.0,0.0,0.0,0.0,0.0,0.0,0.0,0.8571428571428571,0.8571428571428571,24480.0,3.0,2005,3.599999905,1.0,0.0,0.0
38.0,0.0,0.0,166.5,62.90000153,22.68935657459261,83.0,0.4984984984984985,140.5,83.5,0.0,0.0,0.0,0.0,0.0,0.0,1.1428571428571428,0.8571428571428571,0.0,3.0,2005,5.0,1.0,0.0,0.0
38.0,0.0,0.0,158.1999969,50.79999924,20.29788391804195,80.0,0.5056890111734256,107.5,70.0,,0.0,0.0,0.0,0.0,0.0,0.0,0.2857142857142857,3360.0,1.5,2005,3.700000048,1.0,0.0,0.0
59.0,1.0,3.0,161.8999939,53.70000076,20.48710659382321,77.90000153,0.48116123820311024,178.0,100.0,0.0,0.0,0.0,0.0,0.0,0.0,0.0,1.4285714285714286,8640.0,6.0,2005,5.0,1.0,0.0,0.0
46.0,0.0,0.0,143.5,49.5,24.03816969976569,76.0,0.5296167247386759,170.0,97.0,0.0,0.0,0.0,0.0,0.0,0.0,4.0,0.8571428571428571,33600.0,1.0,2005,4.099999905,1.0,1.0,1.0
60.0,0.0,0.0,148.3000031,61.90000153,28.145459256213066,75.0,0.5057316145126904,151.0,80.0,0.0,0.0,0.0,0.0,1.0,2.0,2.142857142857143,1.4285714285714286,1680.0,1.3333333333333333,2005,1.700000048,1.0,0.0,0.0
50.0,0.0,0.0,153.6999969,72.09999847,30.52021143961549,93.80000305,0.6102797979301716,155.5,76.0,0.0,0.0,0.0,0.0,0.0,0.0,0.5714285714285714,1.7142857142857142,17280.0,1.0,2005,4.199999809,1.0,0.0,0.0
60.0,0.0,0.0,155.1000061,45.20000076,18.78948221447219,71.5,0.46099288967081475,146.0,71.5,0.0,0.0,0.0,0.0,0.0,0.0,2.857142857142857,1.4285714285714286,5040.0,1.0,2005,5.199999809,1.0,0.0,0.0
64.0,1.0,4.0,175.5,73.30000305,23.798509119244166,84.0,0.47863247863247865,158.5,90.5,0.0,0.0,0.0,0.0,0.0,0.0,4.285714285714286,1.4285714285714286,9720.0,1.5,2005,,,0.0,0.0
50.0,1.0,4.0,165.6999969,52.09999847,18.97547735323294,69.0,0.41641521599811204,141.0,85.5,0.0,0.0,0.0,0.0,1.0,2.0,1.7142857142857142,1.1428571428571428,11400.0,1.0,2005,5.099999905,1.0,0.0,0.0
29.0,1.0,7.0,162.8000031,53.29999924,20.110292399194797,72.0,0.44226043383902125,121.5,76.0,0.0,0.0,0.0,0.0,1.0,0.5,6.0,1.4285714285714286,36480.0,2.0,2005,4.5,1.0,0.0,0.0
43.0,0.0,6.0,159.8000031,53.20000076,20.833300189034766,74.0,0.46307883957731916,104.5,70.5,0.0,0.0,0.0,0.0,0.0,0.0,0.0,2.0,12240.0,1.0,2005,3.900000095,1.0,0.0,0.0
43.0,0.0,3.0,152.1999969,47.0,20.289370405574193,69.0,0.4533508633731122,118.5,79.5,,0.0,0.0,0.0,0.0,0.0,4.0,1.4285714285714286,6720.0,2.0,2005,,1.0,0.0,0.0
46.0,1.0,8.0,168.0,58.40000153,20.691610519416102,,,114.0,78.5,0.0,0.0,0.0,0.0,1.0,10.0,4.285714285714286,1.4285714285714286,15360.0,1.0,2005,4.0,1.0,0.0,0.0
62.0,1.0,4.0,163.5,62.90000153,23.52963238410534,87.0,0.5321100917431193,150.0,72.5,0.0,0.0,0.0,0.0,1.0,2.0,3.4285714285714284,1.4285714285714286,11680.0,0.6666666666666666,2005,7.199999809,1.0,0.0,1.0
25.0,0.0,0.0,156.0,52.0,21.367521367521366,75.0,0.4807692307692308,124.0,80.0,0.0,0.0,0.0,0.0,0.0,0.0,5.0,0.5714285714285714,12960.0,0.5,2005,,,0.0,0.0
36.0,0.0,2.0,148.8000031,50.20000076,22.672418175300873,72.0,0.4838709576612905,116.5,77.0,0.0,0.0,0.0,0.0,0.0,0.0,0.8571428571428571,0.8571428571428571,4320.0,1.5,2005,3.799999952,1.0,0.0,0.0
29.0,0.0,4.0,159.8999939,57.70000076,22.567264782193373,72.30000305,0.45215763482277405,128.0,73.0,0.0,0.0,0.0,0.0,1.0,2.0,0.8571428571428571,3.0,13800.0,5.0,2005,5.5,1.0,0.0,0.0
45.0,0.0,3.0,153.0,51.29999924,21.914647887564612,75.5,0.4934640522875817,130.5,86.5,0.0,0.0,0.0,1.0,1.0,2.0,4.285714285714286,1.4285714285714286,13920.0,1.5,2005,5.0,1.0,0.0,0.0
44.0,0.0,0.0,153.5,43.5,18.461734342008935,68.0,0.44299674267100975,146.0,86.0,0.0,0.0,0.0,0.0,0.0,0.0,0.42857142857142855,2.0,29400.0,1.0,2005,6.0,1.0,0.0,0.0
30.0,0.0,8.0,164.5,60.70000076,22.43142645023605,70.0,0.425531914893617,116.0,75.0,0.0,0.0,0.0,0.0,0.0,0.0,0.42857142857142855,2.0,28560.0,2.0,2005,5.699999809,1.0,0.0,0.0
26.0,0.0,5.0,155.6000061,50.29999924,20.775369618298996,71.80000305,0.461439590200633,126.0,82.0,0.0,0.0,0.0,0.0,0.0,0.0,0.14285714285714285,2.0,23520.0,2.0,2005,2.599999905,1.0,0.0,0.0
56.0,0.0,2.0,159.5,64.0,25.156985485598607,71.0,0.445141065830721,178.0,94.0,0.0,0.0,0.0,0.0,1.0,0.5,0.14285714285714285,2.0,25200.0,1.0,2005,3.099999905,1.0,0.0,0.0
48.0,1.0,0.0,167.5,63.70000076,22.704388776119405,77.5,0.4626865671641791,131.0,89.5,0.0,0.0,1.0,0.0,1.0,0.5,0.14285714285714285,2.0,21600.0,2.0,2005,5.800000191,1.0,0.0,0.0
60.0,1.0,0.0,156.0,49.79999924,20.463510535831688,87.0,0.5576923076923077,125.5,68.5,0.0,0.0,0.0,0.0,1.0,0.5,0.14285714285714285,2.0,19920.0,2.0,2005,2.700000048,1.0,0.0,0.0
34.0,0.0,0.0,163.1000061,56.09999847,21.08894697489328,80.0,0.49049660949093,217.5,110.0,0.0,0.0,0.0,0.0,0.0,0.0,5.0,1.7142857142857142,13260.0,3.0,2005,4.699999809,1.0,0.0,0.0
64.0,1.0,5.0,162.3000031,72.90000153,27.675181718570787,90.5,0.5576093547221873,206.5,98.0,0.0,0.0,0.0,0.0,1.0,0.5,2.857142857142857,2.0,8160.0,4.0,2005,5.300000191,1.0,0.0,0.0
61.0,0.0,0.0,167.6999969,68.5,24.357037363871218,87.0,0.5187835516292726,185.5,88.0,0.0,0.0,0.0,0.0,0.0,0.0,8.0,2.0,18240.0,3.5,2005,5.900000095,1.0,0.0,0.0
33.0,0.0,6.0,166.0,67.5,24.495572652054,84.0,0.5060240963855421,112.0,66.5,0.0,0.0,0.0,0.0,0.0,0.0,4.285714285714286,1.7142857142857142,17280.0,4.0,2005,3.700000048,1.0,0.0,0.0
61.0,0.0,3.0,156.3999939,68.30000305,27.92204736762168,83.5,0.5338874888536681,184.5,93.0,0.0,0.0,0.0,0.0,0.0,0.0,1.1428571428571428,2.0,17520.0,2.0,2005,5.199999809,1.0,0.0,0.0
30.0,0.0,0.0,152.0,47.79999924,20.689057842797784,67.80000305,0.44605265164473684,127.5,81.0,0.0,0.0,0.0,0.0,0.0,0.0,0.8571428571428571,1.7142857142857142,10800.0,1.0,2005,3.799999952,1.0,0.0,0.0
57.0,1.0,0.0,166.3999939,54.59999847,19.719051373950165,72.40000153,0.4350961789909056,113.5,68.5,0.0,0.0,0.0,0.0,1.0,0.5,0.42857142857142855,1.7142857142857142,12240.0,1.0,2005,3.5,1.0,0.0,0.0
61.0,1.0,8.0,161.5,46.79999924,17.943236967669584,69.5,0.43034055727554177,182.5,98.5,0.0,0.0,0.0,0.0,1.0,10.0,0.5714285714285714,1.7142857142857142,15600.0,2.0,2005,4.800000191,1.0,0.0,0.0
62.0,0.0,0.0,153.8999939,50.90000153,21.490206574042674,70.0,0.4548408237461275,140.0,81.0,0.0,0.0,0.0,1.0,1.0,0.5,2.142857142857143,1.7142857142857142,4560.0,8.0,2005,6.0,1.0,0.0,0.0
50.0,0.0,3.0,152.0,45.29999924,19.606994130886427,67.0,0.4407894736842105,136.0,74.5,0.0,0.0,0.0,0.0,1.0,0.5,4.0,0.8571428571428571,17520.0,3.0,2005,4.0,1.0,0.0,0.0
58.0,1.0,2.0,161.3999939,69.19999695,26.564341051092274,78.0,0.483271393729588,127.0,69.0,0.0,0.0,0.0,0.0,0.0,0.0,1.4285714285714286,0.8571428571428571,13920.0,2.0,2005,5.099999905,1.0,0.0,0.0
55.0,1.0,5.0,173.3000031,50.70000076,16.88149190642366,68.19999695,0.3935371940567496,210.5,103.5,0.0,0.0,0.0,0.0,1.0,10.0,0.0,2.0,3120.0,2.0,2005,4.400000095,1.0,0.0,0.0
46.0,0.0,3.0,153.8000031,65.09999847,27.52125852300154,79.0,0.5136540858756329,144.0,91.0,0.0,0.0,0.0,0.0,0.0,0.0,0.5714285714285714,1.7142857142857142,14880.0,4.0,2005,4.5,1.0,0.0,0.0
45.0,1.0,8.0,166.6999969,66.40000153,23.89444270699053,82.30000305,0.49370128722539885,149.5,94.0,,0.0,1.0,0.0,0.0,0.0,0.2857142857142857,0.8571428571428571,17280.0,3.0,2005,5.300000191,1.0,0.0,0.0
46.0,1.0,7.0,172.1000061,70.80000305,23.904050903157046,90.0,0.5229517536896822,150.0,91.0,0.0,0.0,0.0,0.0,1.0,2.0,0.2857142857142857,0.8571428571428571,3360.0,2.0,2005,4.5,1.0,0.0,0.0
35.0,0.0,3.0,156.6999969,59.09999847,24.068525987432057,71.0,0.45309509511547413,130.5,86.0,0.0,0.0,0.0,0.0,0.0,0.0,0.2857142857142857,0.8571428571428571,33600.0,1.0,2005,4.099999905,1.0,0.0,0.0
38.0,1.0,5.0,165.3999939,69.0,25.221918170409623,71.0,0.429262410027211,122.5,70.5,0.0,0.0,1.0,0.0,1.0,2.0,0.2857142857142857,0.8571428571428571,37200.0,0.5,2005,1.0,1.0,0.0,0.0
40.0,0.0,8.0,164.3000031,59.90000153,22.189713259862533,73.09999847,0.44491781552498344,115.0,71.5,0.0,0.0,0.0,0.0,0.0,0.0,0.5714285714285714,0.42857142857142855,29760.0,1.0,2005,4.199999809,1.0,0.0,0.0
31.0,1.0,6.0,165.8999939,54.59999847,19.838091563030805,74.0,0.446051854857844,142.0,89.5,,0.0,0.0,0.0,0.0,0.0,0.2857142857142857,0.8571428571428571,31440.0,0.5,2005,5.099999905,1.0,0.0,0.0
27.0,0.0,0.0,160.0,55.09999847,21.523436902343747,69.0,0.43125,102.5,63.5,0.0,0.0,0.0,0.0,0.0,0.0,0.42857142857142855,0.2857142857142857,26880.0,1.0,2005,4.0,1.0,0.0,0.0
35.0,1.0,5.0,179.0,79.40000153,24.780750142005555,87.0,0.4860335195530726,135.0,82.0,0.0,0.0,0.0,0.0,1.0,2.0,0.2857142857142857,0.8571428571428571,17280.0,2.0,2005,5.099999905,1.0,0.0,0.0
36.0,0.0,3.0,162.3000031,61.29999924,23.27144832249568,74.0,0.45594577071206477,117.0,81.5,0.0,0.0,0.0,0.0,1.0,0.5,1.2857142857142858,1.7142857142857142,12000.0,2.0,2005,5.400000095,1.0,0.0,0.0
60.0,0.0,0.0,159.6000061,62.79999924,24.65436556597441,83.0,0.5200501054366814,170.0,87.5,0.0,1.0,0.0,0.0,0.0,0.0,0.0,1.7142857142857142,14160.0,1.0,2005,4.599999905,1.0,0.0,0.0
64.0,1.0,8.0,154.1999969,63.70000076,26.78987625400137,85.69999695,0.5557717164260202,155.5,82.0,0.0,0.0,0.0,0.0,1.0,2.0,0.0,1.7142857142857142,13800.0,3.0,2005,4.599999905,1.0,0.0,0.0
38.0,0.0,0.0,164.1000061,82.5,30.636331076844886,97.0,0.5911029640114072,151.0,87.0,0.0,0.0,0.0,0.0,0.0,0.0,0.42857142857142855,1.4285714285714286,14160.0,1.3333333333333333,2005,4.199999809,1.0,0.0,0.0
30.0,0.0,4.0,153.3000031,53.59999847,22.807645285869825,79.09999847,0.5159817147453143,113.5,63.5,0.0,0.0,0.0,0.0,1.0,0.5,0.5714285714285714,2.0,8880.0,1.1666666666666667,2005,4.699999809,1.0,0.0,0.0
42.0,1.0,11.0,173.6999969,79.30000305,26.282918152915055,90.0,0.5181347242729859,141.0,76.0,0.0,0.0,0.0,0.0,1.0,2.0,0.0,0.8571428571428571,9600.0,0.3333333333333333,2005,6.300000191,1.0,0.0,1.0
41.0,0.0,,169.0,80.40000153,28.1502753860159,83.5,0.4940828402366864,121.0,78.5,0.0,0.0,0.0,0.0,1.0,0.5,0.0,0.8571428571428571,28320.0,0.16666666666666666,2005,4.300000191,1.0,0.0,0.0
33.0,0.0,4.0,158.5,62.29999924,24.798733887291146,76.19999695,0.4807570785488959,149.0,82.5,0.0,1.0,0.0,0.0,0.0,0.0,1.2857142857142858,1.0,14880.0,0.5,2005,5.199999809,1.0,0.0,0.0
48.0,0.0,0.0,159.0,65.30000305,25.82967566551956,76.59999847,0.48176099666666666,121.0,77.0,0.0,0.0,0.0,0.0,0.0,0.0,0.0,2.0,18720.0,1.0,2005,4.900000095,1.0,0.0,0.0
48.0,1.0,4.0,170.5,57.29999924,19.710872538075865,70.5,0.41348973607038125,152.0,86.0,0.0,0.0,0.0,0.0,1.0,10.0,1.7142857142857142,0.8571428571428571,1280.0,1.5,2005,4.400000095,1.0,0.0,0.0
45.0,0.0,1.0,159.0,61.29999924,24.24745826510027,80.0,0.5031446540880503,116.5,78.5,0.0,0.0,0.0,0.0,1.0,0.5,1.7142857142857142,0.8571428571428571,18120.0,2.0,2005,5.599999905,1.0,0.0,0.0
43.0,0.0,0.0,153.0,45.09999847,19.266093583664404,73.0,0.477124183006536,119.5,65.5,0.0,0.0,0.0,0.0,0.0,0.0,1.7142857142857142,1.1428571428571428,19320.0,1.0,2005,3.299999952,1.0,0.0,0.0
50.0,0.0,2.0,158.6000061,57.5,22.859221998016746,79.0,0.4981084297701045,189.5,96.5,0.0,0.0,0.0,0.0,1.0,0.5,1.7142857142857142,1.4285714285714286,12300.0,1.0,2005,5.699999809,1.0,0.0,0.0
64.0,1.0,6.0,163.0,55.0,20.70081674131507,74.0,0.4539877300613497,110.5,65.5,0.0,0.0,1.0,0.0,1.0,10.0,2.857142857142857,1.4285714285714286,3880.0,2.5,2005,5.5,1.0,0.0,0.0
31.0,0.0,7.0,166.0,78.69999695,28.560022118594862,86.0,0.5180722891566265,127.0,74.0,0.0,0.0,0.0,0.0,0.0,0.0,1.7142857142857142,1.1428571428571428,6720.0,0.5,2005,4.900000095,1.0,0.0,0.0
33.0,1.0,6.0,166.0,67.30000305,24.422994284366382,82.0,0.4939759036144578,134.0,84.5,0.0,0.0,0.0,0.0,1.0,2.0,2.5714285714285716,0.8571428571428571,23120.0,1.5,2005,3.799999952,1.0,0.0,0.0
27.0,1.0,,169.0,60.70000076,21.252757522495713,79.0,0.46745562130177515,167.5,77.0,0.0,0.0,1.0,0.0,1.0,10.0,0.0,2.0,9120.0,0.3333333333333333,2005,,,0.0,0.0
64.0,1.0,0.0,156.1999969,48.29999924,19.796348109615828,72.5,0.4641485367404639,180.0,99.5,0.0,0.0,0.0,0.0,1.0,0.5,3.0,1.4285714285714286,13440.0,2.0,2005,3.200000048,1.0,0.0,0.0
36.0,0.0,4.0,141.5,44.40000153,22.175330709585584,70.19999695,0.4961130526501767,126.0,84.5,0.0,0.0,0.0,0.0,0.0,0.0,0.42857142857142855,1.7142857142857142,16800.0,2.0,2005,4.0,1.0,0.0,0.0
54.0,0.0,0.0,143.6000061,46.59999847,22.598363272586464,83.40000153,0.5807799302732759,184.0,90.0,0.0,1.0,0.0,0.0,0.0,0.0,3.4285714285714284,0.8571428571428571,10560.0,3.0,2005,5.599999905,1.0,0.0,0.0
26.0,1.0,4.0,174.1999969,61.20000076,20.167642843646096,73.0,0.4190585608443257,132.0,79.0,0.0,0.0,1.0,0.0,1.0,2.0,5.142857142857143,1.1428571428571428,13440.0,4.0,2005,5.099999905,1.0,0.0,0.0
26.0,0.0,3.0,156.6999969,50.5,20.566169100364764,72.30000305,0.4613912219547721,132.5,86.0,0.0,0.0,0.0,0.0,0.0,0.0,2.2857142857142856,1.7142857142857142,15120.0,3.0,2005,3.700000048,1.0,0.0,0.0
35.0,0.0,0.0,148.1000061,44.20000076,20.15172017690969,77.0,0.5199189522518189,164.0,90.5,0.0,0.0,0.0,0.0,0.0,0.0,3.0,2.0,21360.0,2.0,2005,4.599999905,1.0,0.0,0.0
55.0,1.0,3.0,162.8999939,57.29999924,21.59297490932065,77.5,0.47575201290415764,191.0,104.0,0.0,1.0,0.0,0.0,0.0,0.0,0.14285714285714285,1.4285714285714286,21360.0,2.0,2005,2.5,1.0,0.0,0.0
52.0,0.0,3.0,167.0,51.09999847,18.322635616192766,71.0,0.4251497005988024,134.5,77.0,0.0,0.0,0.0,0.0,0.0,0.0,3.0,1.4285714285714286,34320.0,0.5,2005,3.599999905,1.0,0.0,0.0
60.0,0.0,0.0,150.0,41.59999847,18.48888820888889,64.5,0.43,141.5,93.5,0.0,0.0,0.0,0.0,0.0,0.0,3.0,1.4285714285714286,24480.0,1.5,2005,5.199999809,1.0,0.0,0.0
53.0,1.0,5.0,,,,,,,,,0.0,0.0,0.0,1.0,2.0,3.0,1.7142857142857142,22800.0,2.0,2005,,,0.0,0.0
77.0,0.0,0.0,154.8999939,74.5,31.04941852889821,88.5,0.5713363685290629,152.5,93.5,0.0,0.0,0.0,0.0,1.0,2.0,0.8571428571428571,2.0,3360.0,3.0,2005,6.199999809,1.0,0.0,1.0
25.0,0.0,3.0,163.6999969,58.29999924,21.755607087052486,82.0,0.5009163198096555,147.0,92.5,0.0,0.0,0.0,0.0,0.0,0.0,2.0,2.0,40320.0,0.5,2005,4.099999905,1.0,0.0,0.0
61.0,0.0,0.0,162.3999939,56.20000076,21.30906058973824,77.0,0.4741379488438515,172.5,92.0,0.0,0.0,0.0,0.0,0.0,0.0,1.7142857142857142,1.4285714285714286,12320.0,1.0,2005,3.400000095,1.0,0.0,0.0
32.0,0.0,4.0,153.1999969,46.40000153,19.76971833598928,75.09999847,0.4902088772170204,125.0,70.5,0.0,0.0,0.0,0.0,0.0,0.0,0.5714285714285714,1.7142857142857142,14400.0,1.0,2005,4.400000095,1.0,0.0,0.0
33.0,0.0,6.0,,,,,,,,,0.0,0.0,0.0,0.0,0.0,0.42857142857142855,1.4285714285714286,10080.0,1.25,2005,,,0.0,0.0
40.0,1.0,10.0,178.3000031,62.29999924,19.596808102463072,78.0,0.4374649391130605,136.5,91.0,0.0,0.0,1.0,0.0,0.0,0.0,0.0,1.7142857142857142,40080.0,0.25,2005,4.0,1.0,0.0,0.0
36.0,0.0,0.0,149.5,45.20000076,20.223487773067415,71.69999695,0.4795986418060201,145.5,89.5,0.0,0.0,0.0,0.0,0.0,0.0,0.0,0.8571428571428571,30240.0,0.5,2005,4.699999809,1.0,0.0,0.0
26.0,0.0,0.0,152.3999939,46.29999924,19.934763360351006,63.29999924,0.41535434234686014,119.0,74.0,0.0,0.0,0.0,0.0,0.0,0.0,0.8571428571428571,0.5714285714285714,28796.0,0.5,2005,3.599999905,1.0,0.0,0.0
41.0,1.0,6.0,169.8000031,58.59999847,20.324609819598734,73.5,0.4328621829100544,116.0,79.0,0.0,0.0,0.0,0.0,0.0,0.0,0.14285714285714285,2.5714285714285716,8160.0,1.0,2005,3.099999905,1.0,0.0,0.0
36.0,0.0,3.0,154.6000061,50.40000153,21.086841623071244,71.30000305,0.4611901697072443,113.0,71.5,0.0,0.0,0.0,0.0,0.0,0.0,0.2857142857142857,1.7142857142857142,9600.0,1.1666666666666667,2005,3.099999905,1.0,0.0,0.0
39.0,0.0,0.0,151.0,45.90000153,20.130696693127494,73.0,0.48344370860927155,124.5,74.0,0.0,0.0,0.0,0.0,0.0,0.0,3.4285714285714284,0.8571428571428571,12360.0,1.5,2005,5.400000095,1.0,0.0,0.0
40.0,0.0,3.0,158.0,53.70000076,21.510976109597816,73.0,0.4620253164556962,125.0,69.0,0.0,0.0,0.0,0.0,0.0,0.0,4.285714285714286,0.8571428571428571,16440.0,1.0,2005,2.599999905,1.0,0.0,0.0
42.0,1.0,4.0,172.3999939,70.5,23.71999672596084,82.0,0.4756380678735047,134.0,79.0,0.0,0.0,0.0,0.0,0.0,0.0,5.0,1.1428571428571428,24360.0,1.0,2005,5.800000191,1.0,0.0,0.0
38.0,0.0,2.0,153.3999939,52.40000153,22.267969355795298,79.0,0.5149935015740571,125.5,77.0,0.0,0.0,0.0,0.0,0.0,0.0,0.8571428571428571,2.0,22080.0,1.5,2005,1.299999952,1.0,0.0,0.0
43.0,0.0,4.0,157.6000061,58.09999847,23.391801020869654,78.0,0.4949238387117042,135.0,83.0,0.0,0.0,0.0,0.0,0.0,0.0,6.0,0.8571428571428571,14400.0,1.0,2005,3.799999952,1.0,0.0,0.0
27.0,1.0,5.0,175.6000061,59.59999847,19.328457436276352,71.19999695,0.4054669389330961,100.0,60.5,0.0,0.0,0.0,0.0,0.0,0.0,6.0,0.8571428571428571,29520.0,1.5,2005,4.400000095,1.0,0.0,0.0
56.0,1.0,9.0,163.3999939,48.20000076,18.052733587660722,73.0,0.4467564426267705,169.5,95.0,0.0,0.0,1.0,0.0,1.0,10.0,1.7142857142857142,0.8571428571428571,14400.0,1.0,2005,3.799999952,1.0,0.0,0.0
30.0,0.0,0.0,156.8000031,57.40000153,23.346391827443785,74.5,0.47512754162694276,106.5,73.5,0.0,0.0,0.0,0.0,0.0,0.0,0.2857142857142857,0.2857142857142857,17520.0,1.5,2005,4.800000191,1.0,0.0,0.0
45.0,1.0,4.0,166.5,49.59999847,17.891765087610132,69.5,0.4174174174174174,148.0,89.0,0.0,0.0,1.0,0.0,1.0,10.0,1.7142857142857142,2.0,23520.0,1.5,2005,,1.0,0.0,0.0
36.0,0.0,1.0,163.6999969,64.59999847,24.106555795171428,78.40000153,0.4789248809692555,114.5,81.5,0.0,0.0,0.0,0.0,0.0,0.0,4.0,1.4285714285714286,8520.0,1.0,2005,3.099999905,1.0,0.0,0.0
33.0,1.0,10.0,165.1999969,70.09999847,25.686086386180847,70.40000153,0.42615013832364057,132.5,85.5,0.0,0.0,1.0,0.0,1.0,,0.0,0.5714285714285714,27120.0,0.3333333333333333,2005,4.5,1.0,0.0,0.0
50.0,1.0,4.0,177.6999969,59.70000076,18.90599314980762,84.0,0.47270681747547066,141.5,87.0,0.0,0.0,1.0,0.0,1.0,10.0,0.0,1.4285714285714286,18240.0,0.25,2005,4.800000191,1.0,0.0,0.0
41.0,1.0,8.0,170.0,86.80000305,30.03460313148789,103.0,0.6058823529411764,166.5,104.0,0.0,0.0,0.0,0.0,0.0,0.0,0.8571428571428571,0.5714285714285714,2160.0,6.0,2005,8.800000191,1.0,0.0,1.0
25.0,1.0,12.0,178.3000031,67.59999847,21.26395206908493,72.0,0.4038137899505174,142.0,71.0,0.0,0.0,0.0,0.0,1.0,2.0,1.2857142857142858,1.1428571428571428,960.0,1.0,2005,4.400000095,1.0,0.0,0.0
41.0,0.0,0.0,168.3999939,63.29999924,22.321303982242814,70.0,0.41567697467713505,115.5,82.5,0.0,0.0,0.0,0.0,0.0,0.0,3.4285714285714284,0.2857142857142857,360.0,1.0,2005,1.200000048,1.0,0.0,0.0
30.0,1.0,13.0,167.0,69.90000153,25.06364571336369,82.0,0.49101796407185627,143.0,86.5,0.0,0.0,0.0,0.0,,2.0,0.8571428571428571,1.1428571428571428,1440.0,2.0,2005,4.099999905,1.0,0.0,0.0
49.0,0.0,0.0,164.3000031,66.69999695,24.70874405592366,83.0,0.5051734536455404,106.0,74.0,0.0,0.0,0.0,0.0,0.0,0.0,0.0,2.0,5280.0,2.0,2005,3.799999952,1.0,0.0,0.0
31.0,1.0,11.0,172.8000031,67.5,22.60561261484491,77.19999695,0.44675923359401837,129.5,82.5,0.0,0.0,0.0,0.0,0.0,0.0,0.2857142857142857,1.1428571428571428,1200.0,3.0,2005,5.599999905,1.0,0.0,0.0
25.0,1.0,7.0,168.6999969,62.20000076,21.85547454872189,70.5,0.41790160815349725,121.5,63.5,0.0,0.0,0.0,0.0,0.0,0.0,0.2857142857142857,1.1428571428571428,11520.0,1.5,2005,,1.0,0.0,0.0
35.0,0.0,9.0,175.5,67.80000305,22.01280932784637,67.5,0.38461538461538464,103.0,64.0,0.0,0.0,0.0,0.0,0.0,0.0,3.0,1.1428571428571428,5520.0,2.5,2005,4.699999809,1.0,0.0,0.0
36.0,0.0,12.0,160.1999969,70.19999695,27.353448508829437,76.0,0.47440700044108425,158.0,116.5,0.0,0.0,0.0,0.0,0.0,0.0,1.1428571428571428,0.42857142857142855,12000.0,2.0,2005,4.199999809,1.0,0.0,0.0
29.0,1.0,10.0,165.0,68.59999847,25.197428271809002,83.0,0.503030303030303,133.5,88.5,0.0,0.0,0.0,0.0,1.0,0.5,2.142857142857143,0.42857142857142855,1680.0,0.25,2005,6.599999905,1.0,0.0,1.0
31.0,0.0,8.0,157.5,47.59999847,19.188711905265812,66.0,0.41904761904761906,123.0,72.5,0.0,0.0,0.0,0.0,0.0,0.0,0.0,1.7142857142857142,11520.0,0.75,2005,4.099999905,1.0,0.0,0.0
41.0,0.0,8.0,160.5,63.5,24.65038188682175,78.0,0.48598130841121495,161.5,103.0,1.0,1.0,0.0,0.0,0.0,0.0,1.7142857142857142,2.142857142857143,1260.0,2.0,2005,4.199999809,1.0,0.0,0.0
53.0,0.0,0.0,147.0,61.5,28.46036373733167,82.0,0.5578231292517006,164.5,73.0,0.0,0.0,0.0,0.0,0.0,0.0,0.0,1.7142857142857142,14160.0,0.3333333333333333,2005,4.800000191,1.0,0.0,0.0
39.0,1.0,11.0,171.5,79.19999695,26.927554658348136,89.0,0.5189504373177842,119.0,75.0,0.0,0.0,0.0,0.0,0.0,0.0,2.0,0.7142857142857143,0.0,2.0,2005,4.599999905,1.0,0.0,0.0
56.0,0.0,0.0,154.5,81.19999695,34.017237754108145,89.0,0.5760517799352751,143.5,84.5,0.0,0.0,0.0,0.0,1.0,0.5,0.8571428571428571,1.4285714285714286,12600.0,1.0,2005,4.5,1.0,0.0,0.0
36.0,1.0,5.0,161.6999969,65.59999847,25.089026260972226,86.80000305,0.5367965659497177,125.0,84.5,0.0,0.0,1.0,0.0,1.0,10.0,1.2857142857142858,0.8571428571428571,27840.0,0.3333333333333333,2005,5.099999905,1.0,0.0,0.0
42.0,0.0,5.0,173.5,65.19999695,21.659509488493384,84.30000305,0.4858789801152738,115.5,64.0,1.0,0.0,0.0,0.0,0.0,0.0,0.42857142857142855,1.4285714285714286,720.0,4.0,2005,,,0.0,0.0
28.0,0.0,6.0,167.5,87.40000153,31.151704711071506,85.0,0.5074626865671642,124.5,81.5,0.0,0.0,0.0,0.0,1.0,0.5,1.2857142857142858,0.14285714285714285,9120.0,5.0,2005,3.900000095,1.0,0.0,0.0
32.0,0.0,3.0,156.0,58.59999847,24.079552297008547,74.0,0.47435897435897434,126.0,72.5,,0.0,0.0,0.0,0.0,0.0,3.4285714285714284,0.8571428571428571,12240.0,1.1666666666666667,2005,4.199999809,1.0,0.0,0.0
29.0,0.0,2.0,160.6000061,49.0,18.997872345806588,65.30000305,0.40660025261356453,106.0,68.5,0.0,0.0,0.0,0.0,1.0,10.0,0.0,2.0,18480.0,0.25,2005,3.799999952,1.0,0.0,0.0
63.0,0.0,0.0,148.6999969,49.59999847,22.43157376847111,68.0,0.45729657980914185,174.0,103.5,0.0,0.0,0.0,0.0,0.0,0.0,0.0,2.0,24480.0,1.0,2005,4.300000191,1.0,0.0,0.0
47.0,0.0,0.0,157.6000061,68.80000305,27.699759448562087,85.5,0.5425126693570603,149.0,94.0,0.0,0.0,0.0,0.0,1.0,24.0,0.0,2.0,4200.0,1.0,2005,5.199999809,1.0,0.0,0.0
54.0,1.0,5.0,165.6999969,66.09999847,24.074454142996768,84.0,0.5069402629542233,214.5,113.5,,0.0,0.0,0.0,1.0,0.5,0.8571428571428571,1.1428571428571428,23040.0,1.0,2005,4.800000191,1.0,0.0,0.0
53.0,1.0,3.0,173.8000031,66.40000153,21.982067122540876,83.0,0.47756040575122405,187.0,96.0,0.0,0.0,0.0,0.0,1.0,0.5,0.2857142857142857,1.1428571428571428,12960.0,1.0,2005,4.199999809,1.0,0.0,0.0
25.0,0.0,12.0,151.0,54.5,23.9024604184027,69.0,0.45695364238410596,108.0,61.5,0.0,0.0,0.0,0.0,0.0,0.0,0.2857142857142857,2.0,16320.0,0.5,2005,4.199999809,1.0,0.0,0.0
51.0,0.0,7.0,148.0,64.40000153,29.401023342768443,79.0,0.5337837837837838,135.0,78.0,0.0,0.0,0.0,0.0,0.0,0.0,0.8571428571428571,2.0,15120.0,0.5,2005,5.199999809,1.0,0.0,0.0
29.0,1.0,5.0,166.8999939,54.59999847,19.601079445444753,71.0,0.42540444934072585,129.5,75.0,0.0,0.0,0.0,0.0,0.0,0.0,0.8571428571428571,2.0,21120.0,1.0,2005,5.300000191,1.0,0.0,0.0
50.0,1.0,6.0,178.5,75.19999695,23.601596544500154,89.0,0.49859943977591037,131.0,90.5,0.0,0.0,0.0,0.0,0.0,0.0,0.42857142857142855,2.0,25200.0,1.0,2005,5.199999809,1.0,0.0,0.0
29.0,0.0,0.0,145.0,60.09999847,28.585017108204518,82.0,0.5655172413793104,114.0,86.5,0.0,0.0,0.0,0.0,0.0,0.0,1.7142857142857142,0.2857142857142857,7560.0,0.6666666666666666,2005,5.900000095,1.0,0.0,0.0
25.0,0.0,6.0,145.3999939,46.70000076,22.089613189830747,67.5,0.46423660819699664,110.5,67.0,0.0,0.0,0.0,0.0,0.0,0.0,1.7142857142857142,0.5714285714285714,2520.0,0.5,2005,4.300000191,1.0,0.0,0.0
61.0,1.0,5.0,167.0,72.30000305,25.924200598802397,94.0,0.562874251497006,120.0,72.5,0.0,0.0,0.0,0.0,0.0,0.0,1.7142857142857142,1.1428571428571428,2640.0,0.5,2005,4.800000191,,0.0,0.0
40.0,0.0,2.0,156.8000031,46.90000153,19.075710509429545,64.0,0.40816325723656827,103.0,76.0,0.0,0.0,0.0,0.0,0.0,0.0,5.0,1.4285714285714286,10080.0,3.0,2005,3.099999905,1.0,0.0,0.0
30.0,0.0,10.0,165.0,81.09999847,29.78879649954087,87.19999695,0.52848483,130.5,90.0,0.0,0.0,0.0,0.0,0.0,0.0,5.0,0.8571428571428571,1440.0,2.0,2005,4.0,1.0,0.0,0.0
48.0,1.0,9.0,154.6000061,85.40000153,35.73048119455388,109.6999969,0.7095730438008049,171.0,95.5,0.0,0.0,0.0,0.0,0.0,0.0,7.714285714285714,1.1428571428571428,3360.0,2.0,2005,7.300000191,1.0,1.0,1.0
34.0,0.0,8.0,164.5,79.19999695,29.268021156493383,92.5,0.5623100303951368,160.0,96.0,0.0,0.0,0.0,0.0,0.0,0.0,1.1428571428571428,1.4285714285714286,15120.0,1.0,2005,5.5,1.0,0.0,0.0
25.0,0.0,5.0,154.0,57.09999847,24.076572132737393,72.5,0.4707792207792208,130.5,77.5,0.0,0.0,0.0,0.0,0.0,0.0,0.2857142857142857,1.1428571428571428,28560.0,3.0,2005,2.099999905,1.0,0.0,0.0
25.0,0.0,7.0,158.6000061,53.59999847,21.308769810766748,69.5,0.43820931479775016,106.0,70.0,0.0,0.0,0.0,0.0,0.0,0.0,1.7142857142857142,1.4285714285714286,30240.0,2.0,2005,2.799999952,1.0,0.0,0.0
28.0,1.0,5.0,168.3999939,66.09999847,23.308659980872616,74.0,0.4394299446586856,135.0,77.0,0.0,0.0,0.0,0.0,0.0,0.0,1.4285714285714286,1.4285714285714286,5040.0,9.0,2005,8.199999809,1.0,0.0,1.0
46.0,1.0,2.0,149.0,49.5,22.296292959776586,71.90000153,0.48255034583892614,144.5,82.0,0.0,0.0,0.0,0.0,0.0,0.0,2.0,0.8571428571428571,3360.0,10.0,2005,5.199999809,1.0,0.0,0.0
40.0,0.0,2.0,155.1000061,48.0,19.953432104647273,68.40000153,0.4410057952280119,170.0,104.0,0.0,0.0,0.0,0.0,0.0,0.0,2.0,0.8571428571428571,38640.0,1.0,2005,5.0,1.0,0.0,0.0
42.0,0.0,7.0,155.3000031,55.40000153,22.970309555309207,74.19999695,0.4777849032122782,108.5,69.0,0.0,0.0,0.0,0.0,0.0,0.0,1.1428571428571428,0.8571428571428571,5040.0,2.0,2005,5.699999809,1.0,0.0,0.0
37.0,1.0,13.0,174.0,80.09999847,26.456598781212843,88.0,0.5057471264367817,126.5,69.5,0.0,0.0,0.0,0.0,1.0,10.0,0.2857142857142857,1.0,13440.0,4.0,2005,5.300000191,1.0,0.0,0.0
34.0,0.0,3.0,154.3000031,65.90000153,27.679201361380535,89.0,0.5767984330001611,133.0,73.5,0.0,0.0,0.0,0.0,0.0,0.0,1.7142857142857142,1.1428571428571428,8160.0,2.5,2005,4.199999809,1.0,0.0,0.0
29.0,1.0,7.0,171.5,62.09999847,21.113651104556773,76.30000305,0.44489797696793004,127.0,68.0,0.0,0.0,0.0,0.0,0.0,0.0,1.2857142857142858,1.1428571428571428,8640.0,2.0,2005,4.300000191,1.0,0.0,0.0
34.0,1.0,7.0,161.8000031,71.09999847,27.15892277450586,89.69999695,0.5543881040259386,125.0,85.0,0.0,0.0,0.0,0.0,1.0,0.5,0.7142857142857143,0.14285714285714285,0.0,1.0,2005,3.799999952,1.0,0.0,0.0
25.0,0.0,12.0,156.6000061,57.70000076,23.528393212426476,72.5,0.462962944929285,122.5,84.0,0.0,1.0,0.0,0.0,0.0,0.0,0.0,0.2857142857142857,12192.0,1.0,2005,4.5,1.0,1.0,1.0
59.0,1.0,6.0,156.1999969,58.5,23.976943739855137,87.5,0.5601792684798702,140.5,80.0,0.0,0.0,0.0,0.0,1.0,2.0,0.2857142857142857,1.1428571428571428,12360.0,1.5,2005,16.20000076,1.0,1.0,1.0
49.0,0.0,7.0,158.0,75.40000153,30.203493642845693,90.0,0.569620253164557,128.0,81.5,0.0,0.0,0.0,0.0,1.0,2.0,0.8571428571428571,1.1428571428571428,9540.0,1.0,2005,5.5,1.0,0.0,0.0
47.0,0.0,,158.3000031,63.09999847,25.18068278308284,82.0,0.5180037801275318,124.5,77.0,0.0,0.0,0.0,0.0,0.0,0.0,5.0,0.8571428571428571,28560.0,0.5,2005,4.900000095,1.0,0.0,0.0
31.0,0.0,11.0,159.5,75.5,29.67738131504211,82.59999847,0.5178683289655173,108.5,72.5,0.0,0.0,0.0,0.0,1.0,2.0,0.8571428571428571,0.8571428571428571,3040.0,0.5,2005,3.200000048,1.0,0.0,0.0
61.0,0.0,2.0,164.8000031,78.0,28.71971802594424,100.5,0.6098300856160603,190.5,114.0,0.0,1.0,0.0,0.0,0.0,0.0,1.7142857142857142,0.8571428571428571,3080.0,1.3333333333333333,2005,2.700000048,1.0,0.0,0.0
50.0,0.0,3.0,155.5,87.69999695,36.26926808035484,95.0,0.6109324758842444,127.0,91.0,0.0,0.0,0.0,0.0,0.0,0.0,2.142857142857143,0.8571428571428571,4200.0,0.8333333333333334,2005,3.900000095,1.0,0.0,0.0
27.0,0.0,11.0,160.5,58.0,22.515309439931677,68.0,0.4236760124610592,128.0,85.5,0.0,0.0,0.0,0.0,0.0,0.0,3.0,0.5714285714285714,1260.0,1.0,2005,3.599999905,1.0,0.0,0.0
34.0,0.0,2.0,163.5,75.5,28.24303977405568,76.0,0.4648318042813456,116.0,81.5,0.0,1.0,0.0,0.0,0.0,0.0,1.7142857142857142,0.8571428571428571,5040.0,0.6666666666666666,2005,4.099999905,1.0,0.0,0.0
46.0,0.0,0.0,167.1000061,57.59999847,20.628589818935527,73.5,0.4398563573720899,162.5,98.0,0.0,0.0,0.0,0.0,0.0,0.0,2.857142857142857,0.8571428571428571,12240.0,0.5,2005,6.099999905,1.0,0.0,0.0
43.0,0.0,4.0,157.6999969,76.40000153,30.720621510979207,89.0,0.5643627251079546,143.0,90.0,0.0,0.0,0.0,0.0,1.0,0.5,3.0,2.0,14160.0,0.3333333333333333,2005,4.5,1.0,0.0,0.0
42.0,0.0,10.0,163.3999939,74.40000153,27.865630401758526,85.5,0.5232558334875189,149.5,105.0,1.0,1.0,0.0,0.0,0.0,0.0,3.0,0.8571428571428571,0.0,1.0,2005,5.099999905,1.0,0.0,0.0
25.0,0.0,2.0,160.0,53.90000153,21.054688097656246,75.0,0.46875,121.5,72.5,0.0,0.0,0.0,0.0,0.0,0.0,0.42857142857142855,2.0,28560.0,1.75,2005,4.800000191,1.0,0.0,0.0
26.0,0.0,5.0,161.3999939,61.70000076,23.685259180366085,75.0,0.46468403243229617,123.5,72.5,0.0,0.0,0.0,0.0,0.0,0.0,0.2857142857142857,1.7142857142857142,30600.0,0.5,2005,5.599999905,1.0,0.0,0.0
40.0,0.0,1.0,164.5,58.29999924,21.544516122356594,73.0,0.44376899696048633,135.5,78.0,0.0,0.0,0.0,0.0,0.0,0.0,1.0,1.4285714285714286,40040.0,1.0,2005,4.300000191,1.0,0.0,0.0
42.0,1.0,5.0,173.0,54.29999924,18.142938033345583,70.0,0.4046242774566474,132.0,79.0,0.0,0.0,1.0,0.0,1.0,2.0,0.0,1.4285714285714286,18720.0,2.5,2005,4.800000191,1.0,0.0,0.0
41.0,0.0,0.0,168.8999939,64.5,22.609993987834795,80.19999695,0.4748371808555761,203.0,105.5,0.0,1.0,0.0,0.0,0.0,0.0,0.2857142857142857,1.4285714285714286,28320.0,1.5,2005,5.5,1.0,0.0,0.0
64.0,1.0,3.0,168.3000031,50.5,17.82884175000562,68.40000153,0.40641711390437874,125.5,76.0,0.0,0.0,1.0,0.0,1.0,2.0,1.1428571428571428,1.4285714285714286,22800.0,2.0,2005,4.300000191,1.0,0.0,0.0
50.0,0.0,0.0,158.8000031,46.79999924,18.55858382642967,68.5,0.4313601930905756,149.0,76.5,0.0,0.0,0.0,0.0,1.0,0.5,0.0,1.1428571428571428,27000.0,2.0,2005,4.099999905,1.0,0.0,0.0
60.0,1.0,0.0,175.3000031,58.29999924,18.971632422179415,73.0,0.41642897152920816,155.0,95.0,0.0,0.0,0.0,1.0,1.0,10.0,0.0,1.1428571428571428,24480.0,0.5,2005,5.400000095,1.0,0.0,0.0
28.0,0.0,2.0,159.3999939,50.0,19.67856399502011,73.80000305,0.46298623509545817,107.0,61.5,0.0,0.0,0.0,0.0,0.0,0.0,2.0,2.0,27120.0,0.5,2005,5.0,1.0,0.0,0.0
26.0,0.0,9.0,162.8000031,65.09999847,24.562476980981547,78.0,0.479115469992273,138.5,78.0,,0.0,0.0,0.0,0.0,0.0,1.1428571428571428,0.8571428571428571,5040.0,4.0,2005,4.199999809,1.0,0.0,0.0
51.0,1.0,0.0,161.5,51.0,19.55352778230406,71.0,0.43962848297213625,212.5,90.0,0.0,0.0,0.0,0.0,0.0,0.0,0.0,2.0,11520.0,0.16666666666666666,2005,3.099999905,1.0,0.0,0.0
54.0,0.0,4.0,161.0,52.40000153,20.215270062883373,73.0,0.453416149068323,127.0,77.5,0.0,0.0,0.0,0.0,0.0,0.0,0.0,1.4285714285714286,17280.0,,2005,6.699999809,1.0,0.0,1.0
53.0,0.0,0.0,150.8000031,44.40000153,19.524516330470824,68.5,0.4542440224923311,176.5,93.5,0.0,0.0,0.0,1.0,1.0,2.0,0.0,1.7142857142857142,0.0,0.5,2005,5.099999905,1.0,0.0,0.0
26.0,0.0,2.0,157.0,58.70000076,23.81435383179845,69.5,0.4426751592356688,121.5,70.0,0.0,0.0,0.0,0.0,0.0,0.0,0.42857142857142855,1.7142857142857142,12960.0,0.5,2005,4.5,1.0,0.0,0.0
26.0,1.0,2.0,167.5,62.29999924,22.20539068478503,77.5,0.4626865671641791,138.0,74.0,0.0,0.0,1.0,0.0,1.0,0.5,0.0,2.0,7560.0,0.3333333333333333,2005,4.0,1.0,0.0,0.0
25.0,0.0,0.0,167.6000061,57.0,20.29209073015773,73.0,0.4355608433357927,116.0,75.0,0.0,0.0,0.0,0.0,0.0,0.0,0.0,2.0,0.0,,2005,4.5,1.0,0.0,0.0
33.0,1.0,0.0,166.5,59.90000153,21.6071933302672,79.0,0.4744744744744745,153.0,86.5,0.0,0.0,1.0,0.0,1.0,2.0,0.2857142857142857,2.0,8400.0,0.8333333333333334,2005,5.5,1.0,0.0,0.0
59.0,0.0,0.0,164.1000061,55.59999847,20.647029830290776,73.19999695,0.4460694346677419,104.5,63.0,0.0,0.0,0.0,0.0,0.0,0.0,0.5714285714285714,1.4285714285714286,14880.0,4.0,2005,4.599999905,1.0,0.0,0.0
62.0,0.0,0.0,151.5,44.5,19.388077421603548,73.69999695,0.48646862673267327,156.0,79.0,0.0,0.0,0.0,0.0,1.0,10.0,0.0,1.7142857142857142,13920.0,3.0,2005,4.699999809,1.0,0.0,0.0
35.0,0.0,5.0,159.3000031,51.59999847,20.333779991525176,66.5,0.4174513415310787,111.0,76.5,0.0,0.0,0.0,0.0,0.0,0.0,0.5714285714285714,1.7142857142857142,14160.0,2.0,2005,5.099999905,1.0,0.0,0.0
54.0,1.0,0.0,174.5,55.5,18.226451342764015,73.0,0.4183381088825215,139.0,90.5,0.0,0.0,0.0,0.0,1.0,2.0,0.0,1.7142857142857142,16320.0,4.0,2005,4.0,1.0,0.0,0.0
50.0,1.0,0.0,171.0,53.90000153,18.433022649704185,71.19999695,0.41637425116959065,101.0,68.5,0.0,0.0,1.0,0.0,1.0,2.0,0.0,2.0,19680.0,3.0,2005,3.700000048,1.0,0.0,0.0
35.0,0.0,3.0,161.6999969,50.40000153,19.27571633279049,69.80000305,0.4316636016583622,151.5,101.0,0.0,0.0,0.0,0.0,1.0,0.5,3.4285714285714284,0.5714285714285714,22080.0,4.0,2005,4.199999809,1.0,0.0,0.0
45.0,0.0,0.0,152.5,48.09999847,20.68261154313357,71.0,0.46557377049180326,156.5,89.0,0.0,0.0,0.0,0.0,0.0,0.0,4.0,1.7142857142857142,33960.0,0.4166666666666667,2005,4.300000191,1.0,0.0,0.0
40.0,0.0,0.0,153.8000031,52.0,21.983187048085348,74.30000305,0.48309493857220864,131.0,85.5,0.0,0.0,0.0,0.0,0.0,0.0,0.8571428571428571,1.1428571428571428,15600.0,1.0,2005,4.800000191,1.0,0.0,0.0
30.0,1.0,0.0,166.6000061,57.59999847,20.752596687652183,75.40000153,0.4525810250255447,143.5,82.5,0.0,0.0,0.0,0.0,0.0,0.0,3.4285714285714284,0.8571428571428571,13680.0,0.06666666666666667,2005,,1.0,0.0,0.0
60.0,0.0,0.0,158.3000031,57.40000153,22.906042239645707,65.5,0.41377131217504065,136.5,70.0,0.0,0.0,0.0,0.0,0.0,0.0,5.0,0.8571428571428571,17040.0,0.5,2005,5.099999905,1.0,0.0,0.0
26.0,0.0,0.0,164.8000031,55.0,20.25108322342222,73.0,0.4429611567161433,109.5,61.5,0.0,0.0,0.0,0.0,0.0,0.0,4.0,0.8571428571428571,17880.0,1.0,2005,6.5,1.0,0.0,1.0
35.0,0.0,1.0,165.0,54.90000153,20.16528981818182,71.0,0.4303030303030303,129.0,71.5,0.0,0.0,0.0,0.0,0.0,0.0,5.0,0.8571428571428571,18720.0,1.0,2005,2.299999952,1.0,0.0,0.0
63.0,0.0,0.0,164.5,54.40000153,20.103288598590183,73.0,0.44376899696048633,135.5,75.0,0.0,0.0,0.0,0.0,0.0,0.0,1.7142857142857142,0.8571428571428571,18720.0,1.0,2005,4.199999809,1.0,0.0,0.0
36.0,1.0,4.0,162.6999969,65.59999847,24.781565601757837,75.0,0.4609711212600521,154.5,85.5,0.0,0.0,0.0,0.0,0.0,0.0,4.0,0.5714285714285714,21480.0,0.6666666666666666,2005,5.199999809,1.0,0.0,0.0
32.0,0.0,2.0,156.5,48.40000153,19.76135370576407,73.80000305,0.4715655146964856,117.5,73.5,0.0,0.0,0.0,0.0,0.0,0.0,4.0,0.8571428571428571,15360.0,0.5,2005,4.199999809,1.0,0.0,0.0
25.0,1.0,0.0,166.8999939,57.20000076,20.53446502919399,73.0,0.4373876732658167,141.5,71.0,0.0,0.0,0.0,0.0,1.0,2.0,3.4285714285714284,0.8571428571428571,12720.0,0.3333333333333333,2005,3.799999952,1.0,0.0,0.0
36.0,0.0,3.0,156.3000031,59.29999924,24.273741045313642,84.5,0.5406269886375965,173.0,94.5,0.0,0.0,0.0,0.0,0.0,0.0,1.1428571428571428,1.1428571428571428,22800.0,1.5,2005,2.799999952,1.0,0.0,0.0
34.0,1.0,1.0,170.5,64.5,22.18763168531402,77.19999695,0.45278590586510264,148.0,79.5,0.0,0.0,1.0,0.0,1.0,10.0,0.0,2.142857142857143,22080.0,0.5,2005,4.400000095,1.0,0.0,0.0
47.0,1.0,0.0,161.1000061,52.70000076,20.30577210644189,78.0,0.48417130382715734,165.5,99.0,0.0,0.0,0.0,0.0,1.0,2.0,0.2857142857142857,0.5714285714285714,27720.0,3.5,2005,1.799999952,1.0,0.0,0.0
25.0,1.0,6.0,161.8999939,49.5,18.88476279407503,63.5,0.3922174329371608,120.0,76.0,0.0,0.0,0.0,0.0,0.0,0.0,0.0,0.8571428571428571,23280.0,0.75,2005,,,0.0,0.0
64.0,1.0,4.0,160.0,43.59999847,17.031249402343747,62.0,0.3875,175.5,100.5,0.0,0.0,0.0,0.0,0.0,0.0,0.0,1.7142857142857142,10320.0,1.0,2005,2.799999952,1.0,0.0,0.0
45.0,0.0,0.0,147.1000061,64.5,29.80810265198699,82.80000305,0.5628823903223482,159.5,94.5,0.0,0.0,0.0,0.0,1.0,0.5,0.14285714285714285,2.0,14400.0,0.5,2005,6.199999809,1.0,0.0,1.0
55.0,0.0,0.0,,,,,,,,,0.0,0.0,0.0,0.0,0.0,0.14285714285714285,2.0,12120.0,1.0,2005,,,0.0,0.0
26.0,0.0,0.0,153.3000031,48.29999924,20.55241196677038,79.0,0.5153294090181267,140.5,101.0,0.0,0.0,0.0,0.0,1.0,0.5,0.2857142857142857,3.0,12600.0,1.0,2005,4.699999809,1.0,0.0,0.0
28.0,1.0,4.0,161.5,57.59999847,22.08398373223169,73.0,0.4520123839009288,141.0,84.5,0.0,0.0,0.0,0.0,1.0,0.5,0.14285714285714285,2.142857142857143,18240.0,0.4166666666666667,2005,4.800000191,1.0,0.0,0.0
49.0,0.0,0.0,162.1999969,76.0,28.88762974918528,88.0,0.5425400843518758,128.0,79.0,0.0,0.0,0.0,0.0,1.0,0.5,0.0,0.8571428571428571,21600.0,4.0,2005,3.200000048,1.0,0.0,0.0
36.0,0.0,4.0,162.5,52.70000076,19.957396737514795,71.0,0.4369230769230769,119.5,72.5,0.0,0.0,0.0,0.0,1.0,0.5,2.2857142857142856,1.4285714285714286,15840.0,5.0,2005,5.199999809,1.0,0.0,0.0
30.0,0.0,0.0,167.5,75.09999847,26.76765372065048,84.09999847,0.5020895431044776,123.0,70.0,0.0,0.0,0.0,0.0,0.0,0.0,2.5714285714285716,0.8571428571428571,16560.0,5.0,2005,4.5,1.0,0.0,0.0
43.0,1.0,6.0,168.8000031,60.0,21.05747771985713,80.0,0.47393364058534193,110.0,74.0,0.0,0.0,1.0,0.0,0.0,0.0,1.7142857142857142,0.8571428571428571,7440.0,2.0,2005,,1.0,0.0,0.0
30.0,0.0,3.0,157.1999969,61.20000076,24.765457842775188,80.5,0.5120865240933093,171.5,96.5,0.0,0.0,0.0,0.0,0.0,0.0,2.142857142857143,1.7142857142857142,21660.0,3.0,2005,3.599999905,1.0,0.0,0.0
38.0,0.0,0.0,159.6000061,50.79999924,19.943340241578355,67.0,0.4197994827018995,104.5,65.5,0.0,0.0,0.0,0.0,0.0,0.0,1.7142857142857142,1.1428571428571428,28560.0,1.75,2005,2.200000048,1.0,0.0,0.0
45.0,1.0,0.0,171.0,53.79999924,18.39882330973633,69.5,0.4064327485380117,130.0,78.0,0.0,0.0,0.0,0.0,1.0,10.0,0.5714285714285714,0.8571428571428571,26100.0,1.5,2005,4.0,1.0,0.0,0.0
26.0,0.0,6.0,150.3999939,47.09999847,20.822134896752193,68.0,0.45212767791209335,129.5,84.0,0.0,0.0,0.0,0.0,0.0,0.0,5.714285714285714,1.1428571428571428,26640.0,2.0,2005,5.0,1.0,0.0,0.0
45.0,0.0,0.0,,,,,,,,,0.0,0.0,0.0,0.0,0.0,0.0,0.8571428571428571,8640.0,,2005,,,0.0,0.0
30.0,1.0,0.0,172.3999939,56.20000076,18.908706865619813,68.0,0.39443156848046734,150.0,74.5,0.0,0.0,1.0,0.0,0.0,0.0,0.0,0.8571428571428571,20640.0,,2005,4.300000191,1.0,0.0,0.0
43.0,0.0,0.0,167.3000031,75.80000305,27.08178744116571,88.0,0.5260011857106773,141.0,90.0,0.0,0.0,0.0,0.0,0.0,0.0,5.0,1.4285714285714286,15600.0,1.0,2005,5.199999809,1.0,0.0,0.0
33.0,0.0,9.0,152.0,54.40000153,23.545707033414125,73.0,0.48026315789473684,140.5,81.5,0.0,0.0,0.0,0.0,0.0,0.0,5.0,0.8571428571428571,15360.0,0.6666666666666666,2005,4.199999809,1.0,0.0,0.0
63.0,0.0,4.0,153.0,57.0,24.34960912469563,81.0,0.5294117647058824,161.0,89.0,0.0,0.0,0.0,0.0,1.0,2.0,2.5714285714285716,0.8571428571428571,15360.0,1.0,2005,2.700000048,1.0,0.0,0.0
25.0,0.0,2.0,152.0,65.30000305,28.263505475242383,85.09999847,0.5598684109868421,149.5,92.5,0.0,0.0,0.0,0.0,1.0,0.5,0.0,2.0,21960.0,0.5,2005,3.700000048,1.0,0.0,0.0
30.0,0.0,5.0,155.6999969,55.79999924,23.017438168259677,82.0,0.526653831937231,113.0,71.0,0.0,0.0,0.0,0.0,0.0,0.0,1.7142857142857142,0.8571428571428571,14760.0,1.5,2005,4.599999905,1.0,0.0,0.0
42.0,0.0,0.0,162.5,63.90000153,24.19881714745562,82.0,0.5046153846153846,122.0,70.5,0.0,0.0,0.0,0.0,0.0,0.0,1.1428571428571428,1.4285714285714286,18480.0,1.0,2005,4.5,1.0,0.0,0.0
31.0,1.0,5.0,168.6000061,53.20000076,18.71528592540598,71.0,0.42111505000710675,174.5,73.0,0.0,0.0,1.0,0.0,1.0,10.0,3.0,1.4285714285714286,22080.0,0.5,2005,4.0,1.0,0.0,0.0
50.0,0.0,2.0,156.1000061,61.90000153,25.402988972559385,80.5,0.5156950471124934,139.5,77.0,0.0,0.0,0.0,0.0,0.0,0.0,2.142857142857143,3.0,5760.0,2.0,2005,3.0,1.0,0.0,0.0
62.0,1.0,9.0,166.3999939,74.30000305,26.83380253266157,92.80000305,0.5576923464658853,181.5,81.5,0.0,0.0,0.0,0.0,0.0,0.0,2.857142857142857,1.1428571428571428,15120.0,1.5,2005,3.400000095,1.0,0.0,0.0
42.0,1.0,0.0,167.0,64.90000153,23.270824170820035,85.0,0.5089820359281437,148.5,86.0,0.0,0.0,0.0,0.0,1.0,2.0,4.0,0.8571428571428571,26640.0,0.5,2005,6.699999809,1.0,0.0,1.0
41.0,1.0,0.0,166.6999969,58.90000153,21.195522282697148,76.0,0.45590882671456123,170.0,104.0,0.0,0.0,1.0,0.0,1.0,0.5,0.0,1.4285714285714286,14400.0,4.0,2005,3.599999905,1.0,0.0,0.0
30.0,0.0,10.0,146.1000061,81.59999847,38.22871344720315,100.5,0.6878849815462122,155.0,101.0,,0.0,0.0,0.0,1.0,2.0,4.0,0.8571428571428571,13920.0,5.5,2005,4.199999809,1.0,0.0,0.0
31.0,1.0,5.0,158.3999939,74.19999695,29.572876278926852,92.0,0.5808081031750595,125.5,84.5,,0.0,0.0,0.0,1.0,10.0,0.5714285714285714,0.8571428571428571,8400.0,5.0,2005,4.400000095,1.0,0.0,0.0
49.0,0.0,0.0,151.1999969,45.0,19.683800252844154,,,136.0,98.5,,0.0,0.0,0.0,1.0,10.0,0.14285714285714285,1.4285714285714286,8000.0,6.0,2005,3.0,1.0,0.0,0.0
37.0,1.0,9.0,170.0,60.0,20.761245674740486,75.0,0.4411764705882353,118.0,86.5,,0.0,1.0,0.0,1.0,2.0,0.14285714285714285,0.2857142857142857,8400.0,7.0,2005,,,0.0,0.0
26.0,0.0,8.0,150.0,41.40000153,18.400000679999998,64.5,0.43,109.5,70.0,,0.0,0.0,0.0,1.0,0.5,0.14285714285714285,0.2857142857142857,240.0,12.0,2005,3.299999952,1.0,0.0,0.0
48.0,0.0,1.0,151.8999939,118.6999969,51.444055106032046,119.0,0.7834101697090325,,,,0.0,0.0,0.0,1.0,0.5,2.0,2.0,6120.0,0.5,2005,6.800000191,1.0,0.0,1.0
28.0,0.0,9.0,159.0,56.0,22.151022507021082,78.0,0.49056603773584906,149.5,73.0,,0.0,0.0,0.0,0.0,0.0,2.0,2.0,10080.0,2.5,2005,3.400000095,1.0,0.0,0.0
39.0,0.0,10.0,158.8999939,68.59999847,27.169168356934946,83.5,0.5254877483038091,118.0,74.0,,0.0,0.0,0.0,0.0,0.0,2.142857142857143,1.1428571428571428,9000.0,1.0,2005,4.199999809,1.0,0.0,0.0
62.0,0.0,3.0,142.0,63.79999924,31.640547133505258,91.80000305,0.6464788947183099,156.5,92.5,0.0,1.0,0.0,0.0,0.0,0.0,1.7142857142857142,1.4285714285714286,700.0,3.0,2005,3.299999952,1.0,0.0,0.0
48.0,1.0,11.0,171.8000031,64.40000153,21.819236166096644,75.5,0.43946448566740454,106.0,69.0,,0.0,0.0,0.0,1.0,0.5,0.5714285714285714,0.5714285714285714,8320.0,2.0,2005,3.299999952,1.0,0.0,0.0
28.0,0.0,7.0,150.3000031,60.20000076,26.6488527831009,72.19999695,0.48037255795638767,118.5,75.0,0.0,0.0,0.0,0.0,1.0,0.5,0.8571428571428571,0.5714285714285714,10320.0,2.5,2005,2.599999905,1.0,0.0,0.0
52.0,1.0,4.0,169.3000031,66.40000153,23.166165639600827,91.0,0.5375073735010464,128.5,84.5,0.0,0.0,0.0,0.0,1.0,0.5,1.2857142857142858,0.8571428571428571,6120.0,3.0,2005,3.900000095,1.0,0.0,0.0
48.0,0.0,6.0,157.3000031,60.5,24.451072438380137,77.0,0.4895104798634298,154.0,77.0,0.0,0.0,0.0,0.0,0.0,0.0,1.7142857142857142,1.1428571428571428,6480.0,2.5,2005,3.599999905,1.0,0.0,0.0
52.0,1.0,10.0,162.8999939,63.5,23.929387869602024,85.5,0.5248618981071674,168.0,94.5,0.0,0.0,0.0,0.0,1.0,10.0,1.7142857142857142,1.4285714285714286,9920.0,0.5,2005,5.699999809,1.0,0.0,0.0
25.0,0.0,12.0,154.3999939,50.5,21.18345626320724,70.5,0.4566062356560754,110.0,67.5,,0.0,0.0,0.0,1.0,2.0,1.1428571428571428,0.8571428571428571,9360.0,1.5,2005,6.0,,0.0,0.0
31.0,0.0,9.0,162.1999969,80.59999847,30.636090968240264,84.5,0.5209617855424262,118.0,76.5,,1.0,1.0,0.0,1.0,2.0,0.8571428571428571,0.2857142857142857,2880.0,9.0,2005,3.0,1.0,0.0,0.0
42.0,0.0,7.0,162.0,54.20000076,20.65233987197073,70.0,0.43209876543209874,114.5,77.0,,0.0,0.0,0.0,0.0,0.0,3.0,3.0,8400.0,1.0,2005,4.199999809,1.0,0.0,0.0
39.0,0.0,8.0,148.0,63.79999924,29.12709972607743,,,,,,0.0,0.0,0.0,0.0,0.0,0.0,2.0,27000.0,,2005,,,0.0,0.0
48.0,0.0,6.0,152.8999939,55.70000076,23.825403525878382,81.5,0.5330281442215283,111.5,68.5,,0.0,0.0,0.0,0.0,0.0,1.2857142857142858,0.8571428571428571,3800.0,1.0,2005,4.199999809,1.0,0.0,0.0
58.0,1.0,5.0,161.5,56.59999847,21.70058122669632,83.5,0.5170278637770898,133.5,82.5,,0.0,0.0,0.0,0.0,0.0,7.0,0.8571428571428571,560.0,0.5,2005,2.799999952,1.0,0.0,0.0
42.0,0.0,8.0,154.1999969,65.80000305,27.67305994020231,86.0,0.557717261536469,128.0,79.5,0.0,0.0,0.0,0.0,0.0,0.0,0.42857142857142855,0.42857142857142855,280.0,2.0,2005,3.400000095,1.0,0.0,0.0
45.0,0.0,4.0,159.3999939,61.70000076,24.28334826896899,83.69999695,0.5250941038461358,118.0,76.0,,0.0,1.0,1.0,1.0,24.0,0.8571428571428571,0.7142857142857143,280.0,6.5,2005,2.099999905,1.0,0.0,0.0
30.0,1.0,10.0,174.0,89.40000153,29.528339783987317,90.0,0.5172413793103449,145.0,72.0,0.0,0.0,0.0,0.0,1.0,10.0,0.42857142857142855,0.14285714285714285,3360.0,8.0,2005,5.800000191,1.0,0.0,0.0
58.0,0.0,1.0,159.8999939,72.09999847,28.199302163548655,79.5,0.4971857600552416,128.0,86.0,0.0,1.0,0.0,0.0,1.0,0.5,0.5714285714285714,0.7142857142857143,6900.0,2.0,2005,2.700000048,1.0,0.0,0.0
41.0,0.0,0.0,,,,,,115.5,70.0,,0.0,0.0,0.0,0.0,0.0,1.4285714285714286,1.7142857142857142,4440.0,3.0,2005,4.900000095,0.0,0.0,0.0
34.0,0.0,3.0,162.0,53.29999924,20.309403764670016,69.5,0.42901234567901236,119.0,84.0,,0.0,0.0,0.0,0.0,0.0,1.4285714285714286,1.7142857142857142,11400.0,0.5,2005,2.799999952,1.0,0.0,0.0
27.0,0.0,3.0,162.8999939,56.29999924,21.216134155468648,73.19999695,0.4493554308843961,156.0,97.5,0.0,0.0,0.0,0.0,0.0,0.0,1.7142857142857142,0.2857142857142857,10080.0,2.0,2005,3.200000048,1.0,0.0,0.0
26.0,0.0,7.0,157.0,54.70000076,22.191569946042435,73.0,0.46496815286624205,137.0,64.5,,0.0,0.0,0.0,0.0,0.0,4.285714285714286,1.7142857142857142,11760.0,3.0,2005,3.400000095,1.0,0.0,0.0
58.0,1.0,3.0,173.0,58.79999924,19.646496454943364,69.0,0.3988439306358382,145.0,86.5,0.0,0.0,0.0,0.0,0.0,0.0,4.285714285714286,1.7142857142857142,8400.0,4.0,2005,3.400000095,1.0,0.0,0.0
59.0,0.0,2.0,161.0,62.79999924,24.227460067127037,91.5,0.5683229813664596,134.0,68.0,0.0,0.0,0.0,0.0,1.0,2.0,6.0,2.0,22560.0,6.0,2005,3.200000048,1.0,0.0,0.0
61.0,1.0,3.0,174.8000031,66.0,21.600363690912847,84.5,0.4834096024109281,131.0,87.5,0.0,0.0,1.0,1.0,1.0,24.0,6.0,2.0,10080.0,6.0,2005,3.400000095,1.0,0.0,0.0
38.0,0.0,3.0,155.3000031,52.0,21.560578770548616,72.0,0.46361879306363,134.0,79.5,0.0,0.0,0.0,0.0,0.0,0.0,4.285714285714286,1.7142857142857142,0.0,4.0,2005,3.0,1.0,0.0,0.0
62.0,1.0,3.0,162.0,55.29999924,21.071482716049378,77.0,0.47530864197530864,159.0,90.0,,0.0,0.0,0.0,1.0,2.0,3.4285714285714284,2.0,10080.0,5.0,2005,3.400000095,1.0,0.0,0.0
60.0,0.0,0.0,162.0,60.59999847,23.090991643804294,74.0,0.4567901234567901,154.5,91.0,,0.0,0.0,0.0,0.0,0.0,1.7142857142857142,1.1428571428571428,25200.0,2.0,2005,3.700000048,1.0,0.0,0.0
28.0,0.0,3.0,158.8999939,59.20000076,23.446280222331275,76.5,0.48143488317654365,130.5,75.5,0.0,0.0,0.0,0.0,0.0,0.0,1.4285714285714286,2.0,18120.0,2.0,2005,3.400000095,1.0,0.0,0.0
33.0,1.0,10.0,176.6000061,64.5,20.68132150901444,76.0,0.4303510610127889,124.0,80.5,0.0,0.0,0.0,0.0,1.0,2.0,3.0,1.1428571428571428,38724.0,0.5,2005,3.599999905,1.0,0.0,0.0
50.0,0.0,2.0,163.0,68.80000305,25.894840998908503,83.59999847,0.512883426196319,169.0,90.0,0.0,0.0,0.0,0.0,0.0,0.0,0.8571428571428571,2.0,23880.0,3.0,2005,2.900000095,1.0,0.0,0.0
59.0,1.0,4.0,164.3999939,50.0,18.499773455662147,69.40000153,0.4221411441913685,131.5,71.5,0.0,0.0,0.0,0.0,0.0,0.0,1.7142857142857142,2.0,13920.0,3.0,2005,3.700000048,1.0,0.0,0.0
33.0,0.0,5.0,154.8999939,67.40000153,28.090347065145632,83.0,0.5358295885639799,124.5,75.5,0.0,0.0,0.0,0.0,1.0,0.5,4.0,0.8571428571428571,44400.0,1.0,2005,3.599999905,1.0,0.0,0.0
39.0,0.0,3.0,154.6000061,55.29999924,23.136950204966396,74.0,0.47865457361065394,155.0,95.0,0.0,0.0,0.0,0.0,1.0,0.5,0.8571428571428571,1.7142857142857142,26400.0,3.0,2005,3.200000048,1.0,0.0,0.0
36.0,0.0,5.0,144.6000061,56.5,27.0216475616701,76.5,0.5290456208355582,110.5,71.5,0.0,0.0,0.0,0.0,1.0,2.0,1.1428571428571428,2.0,26640.0,0.5,2005,2.799999952,1.0,0.0,0.0
48.0,0.0,2.0,153.3000031,47.09999847,20.041792700237206,69.0,0.4500978382563386,154.0,82.0,,0.0,0.0,0.0,1.0,0.5,1.7142857142857142,2.0,25800.0,2.0,2005,3.200000048,1.0,0.0,0.0
61.0,0.0,6.0,149.8999939,45.59999847,20.293716905900038,66.0,0.440293546936562,120.0,83.0,,0.0,0.0,0.0,0.0,0.0,5.714285714285714,2.0,1200.0,1.0,2005,3.099999905,1.0,0.0,0.0
57.0,1.0,5.0,155.0,54.90000153,22.8511973069719,72.0,0.4645161290322581,138.0,84.5,0.0,0.0,0.0,0.0,0.0,0.0,0.42857142857142855,1.1428571428571428,840.0,1.5,2005,3.700000048,1.0,0.0,0.0
54.0,0.0,0.0,154.1999969,52.0,21.86928647703946,70.0,0.4539559105529398,120.5,71.0,,0.0,0.0,0.0,1.0,0.5,3.0,1.4285714285714286,2640.0,0.25,2005,3.799999952,1.0,0.0,0.0
60.0,0.0,2.0,165.3999939,50.20000076,18.34985958439451,65.5,0.3960096881236947,131.0,80.5,0.0,0.0,0.0,0.0,1.0,0.5,2.142857142857143,1.1428571428571428,4320.0,1.0,2005,3.5,1.0,0.0,0.0
31.0,1.0,7.0,166.0,53.5,19.41500943533169,73.0,0.4397590361445783,110.5,76.0,0.0,0.0,0.0,0.0,1.0,2.0,1.4285714285714286,2.0,25320.0,2.0,2005,3.599999905,1.0,0.0,0.0
63.0,0.0,5.0,154.3000031,43.5,18.270792583698643,65.5,0.4244977231630399,131.0,82.5,0.0,0.0,0.0,1.0,1.0,10.0,1.0,2.0,6640.0,0.25,2005,1.799999952,1.0,0.0,0.0
49.0,0.0,0.0,150.0,48.09999847,21.37777709777778,65.0,0.43333333333333335,143.0,84.5,0.0,0.0,0.0,0.0,0.0,0.0,1.7142857142857142,1.4285714285714286,6000.0,0.6666666666666666,2005,3.200000048,1.0,0.0,0.0
51.0,0.0,0.0,161.8999939,50.29999924,19.189970791708166,72.90000153,0.45027797576711337,200.5,91.0,0.0,0.0,0.0,0.0,1.0,10.0,1.1428571428571428,1.4285714285714286,18840.0,1.0,2005,2.700000048,1.0,0.0,0.0
54.0,1.0,4.0,165.5,38.79999924,14.165624351730997,64.0,0.3867069486404834,81.5,53.0,0.0,0.0,0.0,0.0,0.0,0.0,0.8571428571428571,1.1428571428571428,2640.0,16.0,2005,2.599999905,1.0,0.0,0.0
63.0,1.0,1.0,164.3000031,46.09999847,17.077557949928845,75.0,0.45648203642669316,137.5,82.0,0.0,0.0,0.0,0.0,1.0,10.0,1.7142857142857142,1.1428571428571428,9720.0,1.0,2005,3.400000095,1.0,0.0,0.0
31.0,0.0,8.0,159.8000031,50.40000153,19.736811022600094,69.0,0.43178972879506783,109.0,71.0,0.0,0.0,0.0,0.0,0.0,0.0,1.4285714285714286,1.7142857142857142,14400.0,5.0,2005,2.099999905,1.0,0.0,0.0
36.0,0.0,2.0,165.0,67.40000153,24.756658045913685,81.0,0.4909090909090909,229.0,136.5,0.0,0.0,0.0,0.0,1.0,10.0,0.2857142857142857,2.0,21600.0,5.0,2005,1.899999976,1.0,0.0,0.0
52.0,1.0,0.0,173.0,64.69999695,21.617827842560725,80.5,0.4653179190751445,154.5,100.0,0.0,0.0,1.0,0.0,1.0,10.0,1.4285714285714286,2.0,17280.0,8.0,2005,2.700000048,1.0,0.0,0.0
30.0,0.0,1.0,153.0,43.5,18.582596437267718,65.0,0.42483660130718953,97.5,60.5,0.0,0.0,0.0,0.0,0.0,0.0,0.2857142857142857,2.0,18720.0,4.0,2005,3.299999952,1.0,0.0,0.0
47.0,0.0,0.0,152.3999939,47.0,20.236153203368765,67.0,0.4396325635286,119.0,77.5,0.0,1.0,0.0,0.0,1.0,24.0,0.5714285714285714,1.4285714285714286,14400.0,8.133333333333333,2005,3.200000048,1.0,0.0,0.0
45.0,0.0,0.0,159.5,51.59999847,20.282818946354695,72.90000153,0.4570533011285266,123.5,72.0,0.0,0.0,0.0,0.0,0.0,0.0,1.2857142857142858,1.7142857142857142,23040.0,,2005,3.400000095,1.0,0.0,0.0
63.0,1.0,4.0,166.1000061,75.80000305,27.4745081437673,91.5,0.5508729478607768,214.0,111.0,0.0,0.0,0.0,0.0,1.0,24.0,0.2857142857142857,1.4285714285714286,2160.0,3.0,2005,4.199999809,1.0,0.0,0.0
26.0,0.0,8.0,158.0,55.40000153,22.191957030123373,71.0,0.44936708860759494,,,,0.0,0.0,0.0,0.0,0.0,2.857142857142857,1.4285714285714286,1440.0,0.5,2005,,,0.0,0.0
63.0,0.0,0.0,171.0,59.20000076,20.24554589788311,76.0,0.4444444444444444,128.5,61.0,,0.0,0.0,0.0,0.0,0.0,0.5714285714285714,2.0,17880.0,2.5,2005,2.099999905,1.0,0.0,0.0
46.0,0.0,0.0,162.0,57.40000153,21.871666487578107,74.0,0.4567901234567901,194.0,105.0,,0.0,0.0,0.0,0.0,0.0,0.42857142857142855,2.0,19440.0,2.5,2005,3.200000048,1.0,0.0,0.0
42.0,0.0,0.0,163.0,55.0,20.70081674131507,72.0,0.44171779141104295,155.0,92.5,,0.0,0.0,1.0,1.0,10.0,1.1428571428571428,2.0,16800.0,2.0,2005,2.900000095,1.0,0.0,0.0
27.0,0.0,5.0,160.0,56.40000153,22.031250597656246,68.0,0.425,122.5,63.0,,0.0,0.0,0.0,0.0,0.0,0.8571428571428571,2.0,12720.0,1.5,2005,5.599999905,1.0,0.0,0.0
32.0,1.0,5.0,172.0,89.0,30.08382909680909,79.0,0.45930232558139533,117.5,53.5,,0.0,1.0,0.0,0.0,0.0,0.8571428571428571,2.0,15840.0,2.0,2005,4.699999809,1.0,0.0,0.0
27.0,0.0,5.0,153.3999939,54.09999847,22.99040215464155,72.5,0.4726206185331537,113.0,87.0,,0.0,0.0,0.0,0.0,0.0,3.0,0.8571428571428571,15960.0,3.0,2005,2.299999952,1.0,0.0,0.0
28.0,1.0,5.0,,,,,,,,,0.0,0.0,0.0,1.0,10.0,5.714285714285714,0.8571428571428571,29280.0,2.0,2005,,,0.0,0.0
27.0,0.0,0.0,162.8000031,69.5,26.222614290304413,75.5,0.4637592049284181,140.0,82.5,,0.0,0.0,0.0,0.0,0.0,3.4285714285714284,1.7142857142857142,10400.0,1.0,2005,3.599999905,1.0,0.0,0.0
32.0,0.0,6.0,156.0,51.79999924,21.285338280736354,65.0,0.4166666666666667,123.0,71.5,,0.0,0.0,0.0,0.0,0.0,5.0,1.7142857142857142,7200.0,2.0,2005,3.799999952,1.0,0.0,0.0
37.0,0.0,3.0,158.0,53.20000076,21.31068769427976,72.0,0.45569620253164556,107.5,86.5,,0.0,0.0,0.0,0.0,0.0,6.0,1.4285714285714286,6720.0,2.0,2005,6.0,1.0,0.0,0.0
47.0,0.0,2.0,149.0,50.70000076,22.83680949506779,74.0,0.4966442953020134,170.5,98.0,,0.0,0.0,0.0,0.0,0.0,1.1428571428571428,1.4285714285714286,8880.0,2.0,2005,3.700000048,1.0,0.0,0.0
27.0,0.0,3.0,156.0,57.79999924,23.750821515450358,89.0,0.5705128205128205,111.0,68.0,,0.0,0.0,0.0,0.0,0.0,1.1428571428571428,1.4285714285714286,7680.0,1.0,2005,3.0,1.0,0.0,0.0
25.0,1.0,8.0,173.0,65.40000153,21.851716238430953,73.0,0.42196531791907516,123.5,71.5,,0.0,0.0,0.0,0.0,0.0,2.142857142857143,1.1428571428571428,25440.0,3.0,2005,3.599999905,1.0,0.0,0.0
28.0,1.0,13.0,164.3000031,63.0,23.338095152989215,92.0,0.5599512980167436,104.5,73.5,,0.0,0.0,0.0,1.0,0.5,6.0,1.1428571428571428,1760.0,0.5,2005,3.0,1.0,0.0,0.0
48.0,1.0,6.0,167.8000031,69.09999847,24.54110472511887,90.5,0.5393325287727602,97.5,64.5,,0.0,1.0,0.0,1.0,2.0,0.42857142857142855,0.7142857142857143,180.0,0.16666666666666666,2005,4.300000191,1.0,0.0,0.0
47.0,0.0,3.0,116.5,90.0,66.31177586619756,,,151.5,91.5,,0.0,0.0,0.0,0.0,0.0,5.0,0.2857142857142857,2480.0,0.3333333333333333,2005,3.700000048,1.0,0.0,0.0
26.0,0.0,5.0,165.5,60.59999847,22.12466058907823,74.80000305,0.451963764652568,140.0,78.5,0.0,0.0,0.0,0.0,0.0,0.0,0.8571428571428571,1.1428571428571428,180.0,0.5,2005,2.5,1.0,0.0,0.0
35.0,0.0,2.0,166.5,71.5,25.791557323088853,79.5,0.4774774774774775,116.0,75.0,,0.0,0.0,0.0,0.0,0.0,3.5714285714285716,1.1428571428571428,560.0,0.3333333333333333,2005,1.200000048,1.0,0.0,0.0
58.0,1.0,6.0,164.0,68.09999847,25.31974957986318,81.5,0.4969512195121951,124.0,68.5,,1.0,0.0,0.0,1.0,10.0,3.5714285714285716,1.4285714285714286,1040.0,2.0,2005,8.0,1.0,0.0,1.0
49.0,0.0,3.0,154.1000061,64.0,26.950986230639224,77.5,0.5029201617922584,153.5,84.5,,0.0,0.0,0.0,0.0,0.0,1.7142857142857142,1.1428571428571428,1680.0,0.5,2005,3.799999952,1.0,0.0,0.0
35.0,0.0,10.0,165.8999939,68.0,24.70678139354341,72.90000153,0.43942136353508326,121.5,79.5,,0.0,0.0,0.0,0.0,0.0,1.4285714285714286,1.1428571428571428,14000.0,0.5,2005,2.799999952,1.0,0.0,0.0
35.0,1.0,11.0,165.5,62.5,22.81833864240012,82.0,0.4954682779456193,114.5,67.0,,0.0,0.0,0.0,1.0,10.0,1.4285714285714286,1.1428571428571428,280.0,0.5,2005,2.299999952,1.0,0.0,0.0
56.0,0.0,3.0,155.0,58.29999924,24.266388861602493,78.30000305,0.50516131,142.0,81.0,,0.0,0.0,0.0,0.0,0.0,1.1428571428571428,1.4285714285714286,32100.0,0.5,2005,3.799999952,1.0,0.0,0.0
41.0,0.0,0.0,161.0,98.30000305,37.9229208170981,103.1999969,0.6409937695652174,131.0,93.0,0.0,1.0,0.0,0.0,0.0,0.0,0.5714285714285714,1.1428571428571428,55280.0,4.0,2005,4.099999905,1.0,0.0,0.0
59.0,1.0,7.0,156.0,58.09999847,23.87409536078238,59.5,0.3814102564102564,122.0,77.0,,0.0,0.0,0.0,0.0,0.0,2.857142857142857,2.0,24240.0,4.0,2005,3.200000048,1.0,0.0,0.0
40.0,0.0,6.0,155.1999969,52.90000153,21.96201926150881,72.5,0.467139184588476,129.0,72.0,0.0,0.0,0.0,0.0,1.0,2.0,1.1428571428571428,1.1428571428571428,30600.0,2.0,2005,5.699999809,1.0,0.0,0.0
41.0,0.0,1.0,157.5,75.09999847,30.274627753086424,90.0,0.5714285714285714,133.5,102.5,,0.0,0.0,0.0,1.0,2.0,0.5714285714285714,1.4285714285714286,23020.0,1.0,2005,3.700000048,1.0,0.0,0.0
24.0,1.0,5.0,178.0,66.0,20.830703194041156,78.5,0.4410112359550562,135.5,81.0,,0.0,1.0,0.0,1.0,2.0,1.4285714285714286,1.4285714285714286,44876.0,1.0,2005,3.200000048,1.0,0.0,0.0
30.0,0.0,6.0,160.8999939,68.80000305,26.57519146946377,74.5,0.4630205271872294,123.5,72.0,,1.0,0.0,0.0,0.0,0.0,1.2857142857142858,1.1428571428571428,26040.0,2.0,2005,2.700000048,1.0,0.0,0.0
52.0,0.0,1.0,157.0,69.5,28.19587001501075,92.0,0.5859872611464968,139.5,84.0,,0.0,0.0,0.0,0.0,0.0,0.8571428571428571,2.0,21360.0,2.0,2005,2.400000095,1.0,0.0,0.0
51.0,0.0,0.0,158.0,49.5,19.82855311648774,77.0,0.4873417721518987,124.0,72.5,,0.0,0.0,0.0,1.0,24.0,0.8571428571428571,2.0,15360.0,2.5,2005,3.200000048,1.0,0.0,0.0
29.0,0.0,6.0,159.8000031,52.59999847,20.598337263412464,73.0,0.4568210174208689,150.5,80.0,,0.0,0.0,0.0,0.0,0.0,0.8571428571428571,2.0,17760.0,2.0,2005,1.100000024,1.0,0.0,0.0
28.0,1.0,3.0,169.0,61.5,21.532859493715208,77.0,0.4556213017751479,123.5,62.5,,0.0,0.0,0.0,0.0,0.0,2.2857142857142856,1.7142857142857142,30480.0,3.0,2005,2.299999952,1.0,0.0,0.0
58.0,0.0,3.0,160.0,62.09999847,24.257811902343747,91.5,0.571875,202.0,104.5,,0.0,0.0,0.0,0.0,0.0,0.8571428571428571,1.7142857142857142,16320.0,2.0,2005,2.400000095,1.0,0.0,0.0
62.0,1.0,1.0,172.0,62.20000076,21.024878569497027,83.0,0.48255813953488375,138.0,78.5,0.0,0.0,0.0,0.0,1.0,10.0,1.7142857142857142,1.1428571428571428,10080.0,4.0,2005,2.200000048,1.0,0.0,0.0
37.0,1.0,3.0,162.0,42.09999847,16.04176134354519,66.0,0.4074074074074074,123.5,88.0,,0.0,1.0,0.0,1.0,24.0,1.7142857142857142,2.0,16320.0,4.0,2005,2.400000095,1.0,0.0,0.0
53.0,0.0,0.0,155.0,43.70000076,18.189386372528613,67.0,0.432258064516129,139.0,81.0,,0.0,0.0,1.0,1.0,10.0,3.4285714285714284,1.7142857142857142,9840.0,1.0,2005,1.399999976,1.0,0.0,0.0
41.0,1.0,5.0,164.0,45.59999847,16.954193363325405,65.0,0.39634146341463417,140.0,92.5,,0.0,1.0,0.0,1.0,10.0,0.0,0.0,17760.0,4.0,2005,1.100000024,1.0,0.0,0.0
25.0,0.0,0.0,159.0,50.70000076,20.05458674894189,71.5,0.449685534591195,113.0,72.0,,0.0,0.0,0.0,0.0,0.0,2.5714285714285716,2.0,6720.0,2.0,2005,2.299999952,1.0,0.0,0.0
35.0,1.0,8.0,164.8000031,46.5,17.121370361620603,63.5,0.3853155267325356,135.5,87.0,,0.0,1.0,0.0,1.0,0.5,2.2857142857142856,1.4285714285714286,240.0,1.0,2005,3.200000048,1.0,0.0,0.0
25.0,0.0,0.0,154.0,45.20000076,19.058863535166132,67.0,0.43506493506493504,117.5,74.5,0.0,0.0,0.0,0.0,0.0,0.0,0.5714285714285714,1.4285714285714286,2160.0,0.3333333333333333,2005,1.700000048,1.0,0.0,0.0
30.0,0.0,1.0,167.0,59.70000076,21.40628949048012,73.0,0.437125748502994,128.0,66.5,0.0,0.0,0.0,0.0,0.0,0.0,2.857142857142857,1.4285714285714286,16080.0,6.0,2005,2.099999905,1.0,0.0,0.0
55.0,0.0,0.0,152.0,45.5,19.693559556786703,67.5,0.4440789473684211,120.0,73.0,,0.0,0.0,1.0,1.0,10.0,0.5714285714285714,1.4285714285714286,28560.0,9.0,2005,2.299999952,1.0,0.0,0.0
25.0,1.0,1.0,163.8000031,54.29999924,20.238206002096398,69.5,0.42429791626786606,117.5,65.5,,0.0,1.0,,1.0,24.0,3.4285714285714284,0.8571428571428571,15720.0,1.5,2005,3.099999905,1.0,0.0,0.0
53.0,0.0,1.0,158.0,74.80000305,29.963148153340807,100.0,0.6329113924050633,152.5,82.0,0.0,0.0,0.0,0.0,1.0,0.5,2.142857142857143,1.7142857142857142,240.0,0.5,2005,2.599999905,1.0,0.0,0.0
26.0,0.0,8.0,149.0,40.90000153,18.422594266024053,64.0,0.42953020134228187,146.5,85.0,,1.0,0.0,0.0,0.0,0.0,0.8571428571428571,1.7142857142857142,120.0,0.75,2005,2.099999905,1.0,0.0,0.0
51.0,0.0,0.0,159.0,46.40000153,18.353704968157903,63.0,0.39622641509433965,103.0,68.0,,0.0,0.0,0.0,1.0,0.5,2.857142857142857,1.7142857142857142,1120.0,2.0,2005,2.599999905,1.0,0.0,0.0
51.0,0.0,0.0,155.0,76.19999695,31.716960228928194,93.5,0.603225806451613,145.0,73.0,,0.0,0.0,0.0,1.0,0.5,1.2857142857142858,0.5714285714285714,480.0,1.0,2005,2.5,1.0,0.0,0.0
52.0,1.0,3.0,159.0,50.29999924,19.896364558363985,76.0,0.4779874213836478,197.0,94.0,,0.0,0.0,0.0,1.0,2.0,0.7142857142857143,1.7142857142857142,19380.0,1.0,2005,3.400000095,1.0,0.0,0.0
30.0,1.0,6.0,169.0,52.59999847,18.416721567872276,73.5,0.4349112426035503,127.5,69.0,,0.0,1.0,0.0,1.0,10.0,0.7142857142857143,2.0,9720.0,3.0,2005,2.099999905,1.0,0.0,0.0
45.0,0.0,0.0,156.0,49.29999924,20.25805359960552,66.0,0.4230769230769231,190.5,79.0,,0.0,0.0,0.0,1.0,0.5,0.8571428571428571,2.0,31440.0,0.5,2005,1.600000024,1.0,0.0,0.0
45.0,0.0,0.0,157.0,47.5,19.270558643352672,70.0,0.445859872611465,170.5,82.5,,0.0,0.0,0.0,1.0,10.0,1.1428571428571428,2.0,25440.0,0.5,2005,1.100000024,1.0,0.0,0.0
48.0,0.0,3.0,165.3000031,55.0,20.128757421412445,70.5,0.4264972696785146,138.0,84.0,,0.0,0.0,0.0,0.0,0.0,2.857142857142857,2.0,23160.0,1.0,2005,2.099999905,1.0,0.0,0.0
42.0,0.0,4.0,157.8999939,50.40000153,20.214654509576306,67.5,0.4274857669896338,128.0,84.5,,0.0,0.0,0.0,0.0,0.0,2.857142857142857,2.0,27240.0,2.0,2005,2.099999905,1.0,0.0,0.0
50.0,1.0,0.0,154.3999939,50.5,21.18345626320724,76.5,0.49546634081829455,132.5,73.5,0.0,0.0,0.0,0.0,1.0,0.5,3.0,1.4285714285714286,52680.0,2.0,2005,2.299999952,1.0,0.0,0.0
26.0,1.0,8.0,,,,,,129.5,78.5,0.0,0.0,0.0,0.0,1.0,0.5,1.4285714285714286,1.4285714285714286,720.0,2.0,2005,3.799999952,1.0,0.0,0.0
26.0,0.0,11.0,165.0,56.79999924,20.863176947658403,74.5,0.45151515151515154,112.5,79.5,0.0,0.0,0.0,0.0,0.0,0.0,1.7142857142857142,1.1428571428571428,180.0,0.5,2005,2.099999905,1.0,0.0,0.0
28.0,0.0,6.0,152.6999969,49.20000076,21.100223378292473,68.0,0.4453176252814973,130.0,83.0,0.0,0.0,0.0,0.0,1.0,0.5,2.5714285714285716,1.1428571428571428,1620.0,0.5,2005,2.599999905,1.0,0.0,0.0
32.0,0.0,4.0,159.0,56.20000076,22.230133602310033,70.5,0.44339622641509435,135.0,79.0,0.0,0.0,0.0,0.0,0.0,0.0,1.4285714285714286,1.1428571428571428,14640.0,1.5,2005,2.200000048,1.0,0.0,0.0
55.0,0.0,0.0,162.1000061,66.0,25.117584568324272,80.5,0.49660701400800256,146.0,86.0,,0.0,0.0,0.0,1.0,0.5,0.42857142857142855,1.1428571428571428,15120.0,1.0,2005,1.399999976,1.0,0.0,0.0
40.0,0.0,4.0,163.0,59.59999847,22.432157202002337,71.5,0.4386503067484663,112.5,72.5,0.0,0.0,0.0,0.0,0.0,0.0,0.8571428571428571,1.7142857142857142,12960.0,1.0,2005,3.099999905,1.0,0.0,0.0
51.0,0.0,0.0,158.1000061,61.5,24.60431862005757,80.19999695,0.5072738384290296,144.5,93.0,0.0,0.0,0.0,0.0,1.0,10.0,1.4285714285714286,1.7142857142857142,25560.0,3.0,2005,2.400000095,1.0,0.0,0.0
42.0,0.0,1.0,154.0,46.29999924,19.52268478664193,70.5,0.4577922077922078,147.0,91.5,,0.0,0.0,0.0,0.0,0.0,1.7142857142857142,2.0,13440.0,3.0,2005,4.5,1.0,0.0,0.0
35.0,0.0,5.0,,,,68.5,,113.5,72.0,,0.0,0.0,0.0,0.0,0.0,2.142857142857143,1.7142857142857142,21840.0,4.0,2005,3.400000095,1.0,0.0,0.0
63.0,0.0,0.0,149.8999939,47.40000153,21.094786067194544,78.5,0.5236824762806078,168.0,79.0,,0.0,0.0,0.0,1.0,24.0,1.7142857142857142,2.0,13440.0,4.0,2005,3.200000048,1.0,0.0,0.0
31.0,0.0,3.0,153.1000061,57.20000076,24.40313477994454,75.5,0.4931417177781549,135.0,83.5,,0.0,0.0,0.0,0.0,0.0,0.2857142857142857,2.0,18960.0,1.0,2005,2.099999905,1.0,0.0,0.0
53.0,0.0,3.0,157.0,73.40000153,29.778084924337698,,,141.0,84.5,,0.0,0.0,0.0,0.0,0.0,0.5714285714285714,1.7142857142857142,17040.0,0.6666666666666666,2005,2.5,1.0,0.0,0.0
34.0,0.0,3.0,158.0,52.90000153,21.190514953533082,,,132.0,73.5,,0.0,0.0,0.0,0.0,0.0,2.2857142857142856,2.0,21600.0,2.0,2005,3.200000048,1.0,0.0,0.0
27.0,0.0,5.0,158.8999939,53.29999924,21.109572668712985,,,129.5,77.5,0.0,0.0,0.0,0.0,0.0,0.0,1.7142857142857142,1.1428571428571428,0.0,1.0,2005,2.700000048,1.0,0.0,0.0
42.0,0.0,7.0,150.1999969,46.70000076,20.70031909859047,73.5,0.4893475467175592,164.0,90.0,,0.0,0.0,0.0,0.0,0.0,2.857142857142857,1.7142857142857142,20400.0,1.0,2005,3.099999905,1.0,0.0,0.0
45.0,1.0,4.0,176.3999939,66.80000305,21.46739516647998,79.0,0.447845820475394,115.5,72.0,0.0,0.0,0.0,0.0,0.0,0.0,0.7142857142857143,1.4285714285714286,27360.0,0.6666666666666666,2005,3.799999952,1.0,0.0,0.0
28.0,0.0,0.0,153.3000031,54.59999847,23.233161068274843,71.5,0.4664057309467856,121.0,67.5,0.0,0.0,0.0,0.0,0.0,0.0,0.42857142857142855,2.0,24360.0,3.0,2005,1.600000024,1.0,0.0,0.0
53.0,0.0,0.0,161.0,44.5,17.16754754831989,62.0,0.38509316770186336,215.0,119.5,0.0,0.0,0.0,0.0,0.0,0.0,1.4285714285714286,1.4285714285714286,0.0,9.0,2005,1.200000048,1.0,0.0,0.0
58.0,0.0,0.0,159.3000031,60.09999847,23.683336872393124,,,155.0,88.0,,0.0,0.0,0.0,0.0,0.0,1.7142857142857142,2.0,240.0,1.5,2005,3.200000048,1.0,0.0,0.0
56.0,0.0,0.0,168.0,82.09999847,29.088718278769846,96.0,0.5714285714285714,186.5,96.5,,1.0,0.0,0.0,0.0,0.0,1.7142857142857142,1.1428571428571428,11520.0,4.0,2005,3.400000095,1.0,0.0,0.0
47.0,1.0,0.0,157.0,55.5,22.5161264148647,76.5,0.4872611464968153,119.5,72.5,0.0,0.0,0.0,0.0,0.0,0.0,2.857142857142857,1.7142857142857142,26160.0,2.0,2005,2.0,1.0,0.0,0.0
32.0,0.0,6.0,162.0,50.70000076,19.31870170705685,65.0,0.4012345679012346,115.0,65.0,0.0,0.0,0.0,0.0,0.0,0.0,1.4285714285714286,1.4285714285714286,18360.0,0.75,2005,1.299999952,1.0,0.0,0.0
51.0,0.0,0.0,159.6000061,65.30000305,25.63583067097413,78.5,0.491854617792524,137.5,84.0,0.0,1.0,0.0,0.0,0.0,0.0,1.4285714285714286,2.0,3000.0,1.0,2005,1.399999976,1.0,0.0,0.0
37.0,1.0,4.0,176.0,50.09999847,16.17381148954029,65.5,0.3721590909090909,120.5,84.5,0.0,0.0,0.0,0.0,1.0,0.5,2.5714285714285716,0.5714285714285714,14040.0,2.0,2005,2.299999952,1.0,0.0,0.0
27.0,1.0,9.0,,,,,,,,,0.0,1.0,0.0,1.0,10.0,1.1428571428571428,0.8571428571428571,0.0,2.0,2005,,,0.0,0.0
36.0,0.0,2.0,,,,,,,,,0.0,0.0,0.0,0.0,0.0,1.0,2.0,32880.0,2.0,2005,,,0.0,0.0
49.0,0.0,0.0,159.1999969,57.29999924,22.608331178321215,,,118.0,76.5,,1.0,0.0,0.0,1.0,0.5,2.0,1.1428571428571428,32520.0,1.0,2005,3.599999905,1.0,0.0,0.0
25.0,0.0,4.0,153.3000031,63.70000076,27.10535566259165,78.5,0.5120678304800373,132.0,66.0,,0.0,0.0,0.0,1.0,0.5,1.0,2.0,36240.0,0.5,2005,2.400000095,1.0,0.0,0.0
25.0,0.0,8.0,166.5,61.90000153,22.328635493150806,72.0,0.43243243243243246,145.0,86.0,,0.0,0.0,0.0,0.0,0.0,0.2857142857142857,2.0,41940.0,0.3333333333333333,2005,3.400000095,1.0,0.0,0.0
26.0,0.0,2.0,161.0,63.59999847,24.536089838355,71.5,0.4440993788819876,149.0,79.5,,0.0,0.0,0.0,0.0,0.0,2.142857142857143,2.0,16920.0,0.5,2005,2.099999905,1.0,0.0,0.0
35.0,1.0,4.0,168.1999969,58.5,20.67777946684611,69.0,0.410225929082642,107.5,76.0,,0.0,0.0,0.0,0.0,0.0,1.4285714285714286,0.5714285714285714,10800.0,1.0,2005,2.400000095,,0.0,0.0
34.0,1.0,6.0,171.0,58.5,20.006155740227765,71.0,0.4152046783625731,133.5,84.5,,0.0,1.0,0.0,1.0,10.0,2.2857142857142856,2.0,32160.0,0.5,2005,3.299999952,1.0,0.0,0.0
25.0,0.0,5.0,162.8000031,55.40000153,20.90263124897071,71.09999847,0.43673216901799927,121.5,80.0,,0.0,0.0,0.0,0.0,0.0,1.7142857142857142,2.0,28320.0,0.5,2005,3.299999952,1.0,0.0,0.0
30.0,0.0,1.0,155.5,51.90000153,21.463798567012336,73.0,0.4694533762057878,124.0,86.5,,0.0,0.0,0.0,0.0,0.0,0.5714285714285714,2.0,25920.0,2.0,2005,3.099999905,,0.0,0.0
25.0,0.0,0.0,164.0,65.30000305,24.278704286882814,76.40000153,0.46585366786585364,125.5,75.0,,0.0,0.0,0.0,0.0,0.0,1.1428571428571428,2.0,35040.0,1.0,2005,1.200000048,1.0,0.0,0.0
28.0,1.0,0.0,173.0,59.79999924,19.98062054863176,71.5,0.41329479768786126,134.5,85.0,,0.0,1.0,0.0,1.0,0.5,0.5714285714285714,2.0,22800.0,2.0,2005,4.099999905,1.0,0.0,0.0
27.0,0.0,7.0,147.0,37.90000153,17.53898909250775,63.0,0.42857142857142855,103.5,70.0,0.0,0.0,0.0,0.0,0.0,0.0,0.8571428571428571,0.8571428571428571,10640.0,3.0,2005,2.299999952,1.0,0.0,0.0
30.0,1.0,3.0,165.3999939,56.09999847,20.50651551841225,75.5,0.45646918249372437,125.5,80.0,0.0,0.0,0.0,0.0,0.0,0.0,0.8571428571428571,1.1428571428571428,11220.0,3.0,2005,2.099999905,1.0,0.0,0.0
55.0,0.0,0.0,148.1000061,70.0,31.914488419200616,91.5,0.6178257679356031,141.0,91.5,0.0,0.0,0.0,0.0,0.0,0.0,0.2857142857142857,0.8571428571428571,12000.0,4.0,2005,2.700000048,1.0,0.0,0.0
38.0,1.0,8.0,162.3999939,46.90000153,17.782828483036237,68.0,0.41871922755041435,158.0,107.5,0.0,0.0,1.0,,1.0,24.0,2.2857142857142856,0.8571428571428571,19040.0,1.5,2005,2.099999905,,0.0,0.0
40.0,0.0,3.0,157.3000031,48.5,19.601272946470026,65.0,0.41322313235224595,123.0,81.5,,0.0,0.0,1.0,0.0,0.0,0.2857142857142857,1.4285714285714286,40.0,0.25,2005,2.099999905,1.0,0.0,0.0
47.0,0.0,0.0,162.0,60.90000153,23.205304652491993,79.0,0.4876543209876543,199.5,117.5,,0.0,0.0,0.0,1.0,0.5,0.8571428571428571,2.5714285714285716,60.0,0.5,2005,3.099999905,,0.0,0.0
30.0,0.0,0.0,163.0,69.90000153,26.308856761639504,83.69999695,0.513496913803681,132.0,76.0,0.0,0.0,0.0,0.0,1.0,0.5,3.5714285714285716,0.42857142857142855,1040.0,1.0,2005,2.099999905,1.0,0.0,0.0
38.0,1.0,9.0,178.0,61.0,19.252619618735007,75.5,0.4241573033707865,144.5,81.5,,0.0,0.0,0.0,1.0,0.5,3.5714285714285716,0.42857142857142855,200.0,1.0,2005,2.799999952,1.0,0.0,0.0
25.0,1.0,1.0,169.0,58.40000153,20.44746385980883,72.0,0.4260355029585799,121.0,70.5,0.0,0.0,0.0,0.0,1.0,2.0,1.1428571428571428,1.4285714285714286,1520.0,0.75,2005,1.899999976,1.0,0.0,0.0
42.0,0.0,4.0,157.5,67.80000305,27.331822847064753,,,126.0,79.5,0.0,0.0,0.0,0.0,1.0,0.5,0.8571428571428571,0.8571428571428571,1520.0,0.5,2005,3.200000048,1.0,0.0,0.0
29.0,0.0,6.0,162.0,56.40000153,21.490627011888428,73.5,0.4537037037037037,120.5,73.0,,0.0,0.0,0.0,1.0,0.5,0.42857142857142855,1.4285714285714286,10080.0,4.0,2005,4.099999905,1.0,0.0,0.0
46.0,1.0,7.0,168.0,54.29999924,19.238945308956918,69.80000305,0.41547620863095236,144.0,69.0,,0.0,0.0,0.0,0.0,0.0,0.2857142857142857,1.1428571428571428,1920.0,8.0,2005,1.200000048,1.0,0.0,0.0
43.0,0.0,3.0,160.3999939,55.29999924,21.49395971033681,84.19999695,0.5249376568087264,137.0,72.0,,0.0,0.0,0.0,1.0,24.0,0.2857142857142857,1.7142857142857142,21840.0,3.5,2005,1.100000024,1.0,0.0,0.0
42.0,1.0,0.0,160.0,56.5,22.070312499999996,,,125.0,77.0,,0.0,1.0,0.0,0.0,0.0,2.142857142857143,2.0,10800.0,6.0,2005,2.599999905,1.0,0.0,0.0
41.0,0.0,0.0,155.0,58.70000076,24.432882730489073,80.0,0.5161290322580645,128.0,89.5,,0.0,0.0,0.0,0.0,0.0,3.0,0.8571428571428571,240.0,3.0,2005,3.0,1.0,0.0,0.0
28.0,1.0,6.0,157.0,55.29999924,22.43498691224796,72.40000153,0.46114650656050954,109.0,70.5,0.0,0.0,0.0,0.0,0.0,0.0,2.857142857142857,1.7142857142857142,8160.0,3.0,2005,3.5,1.0,0.0,0.0
27.0,1.0,5.0,164.5,54.09999847,19.992423747008992,,,123.0,72.5,,0.0,1.0,0.0,0.0,0.0,1.1428571428571428,0.42857142857142855,3360.0,2.0,2005,2.099999905,1.0,0.0,0.0
34.0,0.0,4.0,161.0,62.0,23.9188302920412,80.0,0.4968944099378882,175.0,100.0,,0.0,0.0,0.0,0.0,0.0,1.7142857142857142,0.42857142857142855,5200.0,1.0,2005,3.400000095,1.0,0.0,0.0
57.0,0.0,0.0,153.0,41.5,17.728224187278396,64.5,0.4215686274509804,140.5,73.0,,0.0,0.0,0.0,1.0,2.0,1.7142857142857142,2.0,11280.0,3.0,2005,2.099999905,1.0,0.0,0.0
27.0,1.0,5.0,173.0,60.5,20.21450766814795,72.19999695,0.41734102283236996,144.5,82.0,0.0,0.0,0.0,0.0,1.0,10.0,1.7142857142857142,2.0,7260.0,2.0,2005,2.099999905,1.0,0.0,0.0
36.0,0.0,5.0,157.0,49.5,20.08195058623068,68.5,0.43630573248407645,124.0,80.5,,0.0,0.0,0.0,0.0,0.0,0.2857142857142857,1.7142857142857142,10080.0,3.0,2005,2.200000048,1.0,0.0,0.0
45.0,0.0,1.0,145.5,56.5,26.688395271666604,85.5,0.5876288659793815,173.0,101.5,0.0,0.0,0.0,0.0,1.0,0.5,0.2857142857142857,1.7142857142857142,17640.0,3.0,2005,2.900000095,1.0,0.0,0.0
39.0,1.0,4.0,172.8999939,66.40000153,22.211512525335657,76.0,0.4395604550683561,129.5,87.0,0.0,0.0,0.0,0.0,1.0,10.0,0.0,,5880.0,1.0,2005,2.599999905,1.0,0.0,0.0
39.0,0.0,0.0,163.0,61.0,22.95908765854944,78.69999695,0.4828220671779141,158.0,97.0,0.0,0.0,0.0,0.0,1.0,24.0,10.0,1.7142857142857142,1680.0,5.0,2005,3.200000048,1.0,0.0,0.0
45.0,0.0,0.0,158.0,72.0,28.841531805800347,94.30000305,0.5968354623417722,175.0,106.5,0.0,0.0,0.0,0.0,0.0,0.0,0.0,1.4285714285714286,18480.0,5.0,2005,1.100000024,1.0,0.0,0.0
42.0,0.0,0.0,163.0,66.80000305,25.14208402649705,,,119.0,81.0,0.0,0.0,0.0,0.0,0.0,0.0,0.8571428571428571,1.7142857142857142,15480.0,3.0,2005,1.100000024,1.0,0.0,0.0
32.0,0.0,5.0,159.0,59.70000076,23.61457250899885,71.80000305,0.4515723462264151,133.5,76.5,0.0,1.0,0.0,0.0,1.0,0.5,0.5714285714285714,0.5714285714285714,2880.0,4.0,2005,2.700000048,1.0,0.0,0.0
36.0,1.0,1.0,174.0,61.79999924,20.412207438234905,77.0,0.4425287356321839,137.5,93.5,0.0,0.0,0.0,0.0,1.0,10.0,1.2857142857142858,0.5714285714285714,2880.0,7.0,2005,4.099999905,1.0,0.0,0.0
37.0,0.0,4.0,,,,,,,,,0.0,0.0,0.0,0.0,0.0,0.5714285714285714,0.8571428571428571,27120.0,2.0,2005,,,0.0,0.0
51.0,0.0,2.0,153.5,48.0,20.37156892911331,75.0,0.48859934853420195,133.0,95.5,0.0,0.0,0.0,0.0,1.0,2.0,4.0,1.1428571428571428,22944.0,1.0,2005,2.700000048,1.0,0.0,0.0
52.0,1.0,0.0,175.0,59.79999924,19.526530364081633,75.0,0.42857142857142855,219.0,93.0,0.0,0.0,1.0,1.0,1.0,24.0,0.42857142857142855,1.7142857142857142,6720.0,2.0,2005,2.400000095,1.0,0.0,0.0
50.0,0.0,0.0,162.0,55.59999847,21.185794265355888,72.30000305,0.4462963151234568,121.0,69.0,0.0,0.0,0.0,0.0,1.0,2.0,1.7142857142857142,0.8571428571428571,5040.0,1.0,2005,2.200000048,1.0,0.0,0.0
45.0,0.0,0.0,161.5,51.79999924,19.86024949534645,67.5,0.4179566563467492,135.0,76.5,0.0,0.0,0.0,0.0,0.0,0.0,0.42857142857142855,1.7142857142857142,29700.0,3.0,2005,2.400000095,1.0,0.0,0.0
43.0,1.0,4.0,164.0,59.29999924,22.04788787923855,76.5,0.46646341463414637,115.5,67.0,0.0,0.0,0.0,0.0,1.0,10.0,1.4285714285714286,3.0,22480.0,0.5,2005,2.200000048,1.0,0.0,0.0
40.0,0.0,4.0,159.1999969,49.0,19.333477180299866,68.90000153,0.4327889627615941,133.0,88.0,0.0,0.0,0.0,0.0,1.0,2.0,2.857142857142857,2.142857142857143,21120.0,0.3333333333333333,2005,2.099999905,1.0,0.0,0.0
36.0,1.0,4.0,172.8999939,57.59999847,19.267817138493367,73.0,0.4222093844735526,132.5,93.5,0.0,1.0,0.0,0.0,1.0,24.0,0.5714285714285714,0.42857142857142855,6720.0,6.0,2005,2.299999952,1.0,0.0,0.0
62.0,1.0,0.0,158.0,48.70000076,19.50809195641724,70.0,0.4430379746835443,112.0,68.0,0.0,0.0,1.0,0.0,1.0,24.0,3.4285714285714284,0.5714285714285714,7440.0,3.0,2005,4.199999809,1.0,0.0,0.0
27.0,1.0,5.0,182.0,84.80000305,25.60077377430262,83.0,0.45604395604395603,139.0,81.5,0.0,0.0,0.0,0.0,1.0,10.0,1.2857142857142858,0.42857142857142855,500.0,2.0,2005,2.700000048,1.0,0.0,0.0
27.0,0.0,3.0,164.1999969,87.09999847,32.30515716358285,97.69999695,0.5950060827924413,132.5,87.0,0.0,0.0,0.0,0.0,0.0,0.0,4.285714285714286,0.5714285714285714,7200.0,1.5,2005,3.599999905,1.0,0.0,0.0
45.0,0.0,0.0,166.1999969,65.09999847,23.567795205101312,80.80000305,0.48616127892358585,121.0,74.0,0.0,0.0,0.0,0.0,1.0,0.5,1.7142857142857142,1.4285714285714286,6000.0,2.0,2005,3.0,1.0,0.0,0.0
61.0,1.0,1.0,166.1000061,70.80000305,25.662205568684005,91.0,0.5478627131730129,202.0,101.5,0.0,0.0,0.0,0.0,1.0,10.0,0.8571428571428571,1.1428571428571428,9600.0,2.0,2005,4.5,1.0,0.0,0.0
30.0,0.0,0.0,161.0,46.09999847,17.784807094633695,61.0,0.37888198757763975,139.5,80.5,0.0,0.0,0.0,0.0,0.0,0.0,2.857142857142857,0.5714285714285714,17760.0,4.0,2005,2.400000095,1.0,0.0,0.0
39.0,1.0,4.0,170.1000061,72.09999847,24.918769744949618,81.0,0.47619045911368724,141.5,90.5,0.0,0.0,0.0,0.0,0.0,0.0,1.2857142857142858,0.5714285714285714,26400.0,10.0,2005,3.900000095,1.0,0.0,0.0
33.0,0.0,3.0,158.5,50.40000153,20.06189793111684,66.30000305,0.41829654921135645,130.5,89.0,0.0,0.0,0.0,0.0,0.0,0.0,2.142857142857143,1.4285714285714286,360.0,1.0,2005,1.899999976,1.0,0.0,0.0
28.0,0.0,7.0,159.5,70.40000153,27.672684635567652,82.40000153,0.5166144296551723,122.0,72.5,0.0,0.0,0.0,0.0,1.0,0.5,0.5714285714285714,0.42857142857142855,360.0,0.5,2005,2.599999905,1.0,0.0,0.0
42.0,1.0,5.0,161.3000031,63.79999924,24.521776063776315,89.5,0.554866697333622,124.5,79.5,0.0,0.0,0.0,0.0,1.0,10.0,2.142857142857143,0.5714285714285714,360.0,1.0,2005,14.39999962,1.0,0.0,1.0
44.0,0.0,2.0,170.0,88.09999847,30.484428536332185,102.0,0.6,129.5,77.0,0.0,0.0,0.0,0.0,1.0,0.5,2.857142857142857,2.0,11040.0,1.0,2005,3.700000048,1.0,0.0,0.0
61.0,0.0,0.0,154.1999969,56.20000076,23.63565224288991,80.0,0.5188067549176455,136.0,90.0,0.0,0.0,0.0,0.0,0.0,0.0,2.5714285714285716,2.0,20280.0,3.0,2005,2.799999952,1.0,0.0,0.0
41.0,1.0,5.0,170.0,61.29999924,21.211072401384083,76.0,0.4470588235294118,151.5,71.0,0.0,0.0,0.0,0.0,0.0,0.0,5.0,2.0,840.0,2.0,2005,2.900000095,1.0,0.0,0.0
33.0,0.0,4.0,160.6000061,51.79999924,20.083464756620373,66.5,0.4140722134131974,115.0,80.5,0.0,1.0,0.0,0.0,0.0,0.0,2.857142857142857,0.5714285714285714,22320.0,1.0,2005,3.299999952,1.0,0.0,0.0
41.0,0.0,4.0,170.1000061,56.79999924,19.630875625660373,69.5,0.40858317170865754,127.5,81.0,0.0,1.0,0.0,0.0,1.0,0.5,5.0,2.0,25440.0,2.0,2005,3.200000048,1.0,0.0,0.0
46.0,1.0,5.0,178.1000061,97.09999847,30.611975310720613,102.3000031,0.5743964042458278,150.0,99.0,0.0,1.0,0.0,0.0,1.0,10.0,1.0,1.1428571428571428,2160.0,2.0,2005,4.599999905,,0.0,0.0
25.0,1.0,5.0,164.5,62.0,22.91183562605667,74.0,0.44984802431610943,174.5,90.0,0.0,0.0,1.0,0.0,1.0,10.0,1.7142857142857142,0.8571428571428571,9840.0,2.0,2005,1.100000024,1.0,0.0,0.0
36.0,0.0,3.0,164.0,57.29999924,21.30428288221297,72.0,0.43902439024390244,100.5,68.0,0.0,0.0,0.0,0.0,0.0,0.0,0.42857142857142855,0.8571428571428571,18960.0,0.5,2005,4.300000191,1.0,0.0,0.0
41.0,1.0,4.0,170.5,71.5,24.59559171317756,80.30000305,0.4709677598240469,131.0,88.5,0.0,0.0,0.0,0.0,0.0,0.0,2.0,0.14285714285714285,15840.0,2.0,2005,4.0,1.0,0.0,0.0
27.0,1.0,12.0,166.8000031,71.69999695,25.770748252079006,,,,,,0.0,0.0,0.0,1.0,2.0,1.0,0.14285714285714285,432.0,1.0,2005,,,0.0,0.0
43.0,1.0,11.0,170.8999939,77.19999695,26.432192512999258,90.5,0.5295494630207824,113.5,83.0,0.0,1.0,0.0,0.0,1.0,0.5,0.8571428571428571,0.42857142857142855,0.0,1.5,2005,,,0.0,0.0
36.0,0.0,18.0,161.6000061,86.0,32.93181792357447,91.30000305,0.5649752450720978,104.0,75.0,0.0,0.0,0.0,0.0,1.0,0.5,1.2857142857142858,2.0,4320.0,3.0,2005,,,0.0,0.0
56.0,0.0,2.0,157.0,45.79999924,18.580875183577426,65.0,0.4140127388535032,204.0,114.0,0.0,0.0,0.0,0.0,1.0,24.0,0.0,2.0,21840.0,3.0,2005,4.300000191,1.0,0.0,0.0
50.0,1.0,8.0,165.3000031,69.09999847,25.289038309501837,87.0,0.5263157796032734,124.5,82.0,0.0,0.0,1.0,0.0,1.0,10.0,0.0,1.4285714285714286,35340.0,0.5,2005,3.700000048,,0.0,0.0
55.0,0.0,0.0,150.0,60.59999847,26.933332653333334,85.69999695,0.571333313,126.5,74.0,0.0,0.0,0.0,0.0,1.0,0.5,0.0,1.0,24240.0,3.0,2005,5.099999905,1.0,0.0,0.0
42.0,0.0,6.0,155.5,59.0,24.400078576524233,75.0,0.48231511254019294,135.0,91.5,0.0,1.0,0.0,0.0,1.0,0.5,0.0,1.7142857142857142,11360.0,0.3333333333333333,2005,4.0,1.0,0.0,0.0
32.0,1.0,10.0,,,,,,,,,0.0,0.0,0.0,1.0,2.0,0.0,1.1428571428571428,6840.0,1.0,2005,,,0.0,0.0
51.0,0.0,1.0,162.0,76.5,29.149519890260624,101.5,0.6265432098765432,126.0,87.5,1.0,1.0,0.0,0.0,1.0,0.5,0.5714285714285714,0.8571428571428571,80.0,5.0,2005,3.099999905,1.0,0.0,0.0
44.0,0.0,15.0,165.6000061,83.69999695,30.52142070982411,95.80000305,0.578502412567242,124.0,86.0,0.0,1.0,0.0,0.0,0.0,0.0,0.0,1.1428571428571428,8160.0,1.0,2005,3.900000095,1.0,0.0,0.0
61.0,1.0,9.0,158.1000061,71.59999847,28.645027244740074,84.30000305,0.5332068298383197,121.5,66.0,0.0,0.0,0.0,0.0,1.0,2.0,0.5714285714285714,1.1428571428571428,4000.0,1.5,2005,4.099999905,1.0,0.0,0.0
57.0,0.0,2.0,158.1000061,72.5,29.005091056165426,88.69999695,0.5610372772148805,168.0,101.0,0.0,1.0,0.0,0.0,1.0,0.5,1.4285714285714286,1.4285714285714286,15200.0,2.0,2005,9.199999809,1.0,0.0,1.0
47.0,0.0,2.0,159.0,68.0,26.897670187097027,83.0,0.5220125786163522,144.0,93.5,1.0,1.0,0.0,0.0,1.0,0.5,0.8571428571428571,0.5714285714285714,22320.0,1.0,2005,4.900000095,1.0,0.0,0.0
47.0,1.0,7.0,178.0,80.19999695,25.312459585279637,86.0,0.48314606741573035,127.5,84.0,0.0,0.0,0.0,0.0,1.0,2.0,0.0,1.1428571428571428,13840.0,2.0,2005,4.300000191,1.0,0.0,0.0
40.0,0.0,6.0,160.0,54.0,21.093749999999996,70.0,0.4375,129.5,91.0,,0.0,0.0,0.0,1.0,2.0,0.0,0.8571428571428571,3040.0,4.0,2005,1.200000048,1.0,0.0,0.0
27.0,1.0,7.0,,,,,,,,,0.0,1.0,0.0,1.0,10.0,3.0,0.0,11880.0,,2005,,,0.0,0.0
37.0,0.0,15.0,149.5,95.09999847,42.54985893670093,,,,,,0.0,0.0,0.0,0.0,0.0,0.5714285714285714,0.42857142857142855,8280.0,0.3333333333333333,2005,6.0,0.0,0.0,0.0
28.0,0.0,10.0,163.6000061,55.5,20.736065311230494,77.0,0.470660129150203,110.5,69.5,0.0,0.0,0.0,0.0,1.0,0.5,0.0,1.4285714285714286,4200.0,2.0,2005,4.199999809,0.0,0.0,0.0
52.0,0.0,0.0,160.8999939,89.30000305,34.49367113476384,95.59999847,0.594157875042654,137.0,80.5,0.0,0.0,0.0,0.0,0.0,0.0,0.0,1.7142857142857142,31080.0,1.5,2005,5.0,1.0,0.0,0.0
60.0,0.0,10.0,154.0,65.30000305,27.534155443582392,86.30000305,0.5603896301948053,146.0,98.5,1.0,1.0,0.0,0.0,0.0,0.0,0.2857142857142857,0.42857142857142855,14400.0,2.5,2005,3.200000048,0.0,0.0,0.0
51.0,1.0,6.0,,,,,,,,,0.0,1.0,0.0,1.0,10.0,0.0,2.0,25200.0,1.5,2005,,,0.0,0.0
54.0,0.0,0.0,160.5,53.5,20.768431983385256,72.5,0.4517133956386293,106.5,70.5,0.0,0.0,0.0,0.0,0.0,0.0,0.0,1.7142857142857142,10080.0,2.0,2005,4.199999809,1.0,0.0,0.0
45.0,0.0,0.0,170.1000061,67.30000305,23.259824069693313,80.5,0.4732510118352077,114.0,73.0,0.0,0.0,0.0,0.0,0.0,0.0,0.0,0.5714285714285714,13800.0,2.0,2005,3.900000095,1.0,0.0,0.0
35.0,0.0,6.0,166.3000031,67.5,24.407272963886886,80.5,0.48406493385086413,119.0,78.0,0.0,0.0,0.0,0.0,1.0,0.5,0.14285714285714285,1.1428571428571428,14400.0,2.5,2005,3.799999952,1.0,0.0,0.0
38.0,1.0,4.0,179.0,56.20000076,17.54002707780656,78.5,0.43854748603351956,114.0,67.0,0.0,0.0,1.0,0.0,1.0,10.0,0.2857142857142857,0.5714285714285714,18000.0,3.0,2005,3.599999905,1.0,0.0,0.0
31.0,0.0,13.0,163.5,74.80000305,27.98118491709452,90.80000305,0.5553517006116208,122.5,88.5,0.0,0.0,1.0,0.0,1.0,2.0,1.4285714285714286,0.8571428571428571,18480.0,5.0,2005,3.799999952,1.0,0.0,0.0
51.0,0.0,1.0,145.6000061,42.09999847,19.859087700001535,66.0,0.45329668430556475,116.0,77.5,0.0,0.0,0.0,0.0,0.0,0.0,0.42857142857142855,0.5714285714285714,20980.0,0.8333333333333334,2005,4.400000095,1.0,0.0,0.0
53.0,1.0,12.0,174.1000061,86.40000153,28.50468050030624,108.5,0.6232050327308978,163.5,107.0,0.0,1.0,1.0,0.0,1.0,0.5,2.0,0.14285714285714285,14760.0,2.0,2005,21.70000076,0.0,1.0,1.0
47.0,0.0,2.0,159.1999969,56.09999847,22.134857963971477,78.5,0.4930904618629424,123.0,86.0,0.0,0.0,0.0,0.0,1.0,24.0,0.2857142857142857,1.7142857142857142,11040.0,1.0,2005,1.5,0.0,0.0,0.0
37.0,0.0,10.0,160.8000031,81.5,31.519948785916174,100.0,0.6218905352744984,133.0,82.5,1.0,1.0,0.0,0.0,1.0,0.5,0.42857142857142855,0.8571428571428571,6840.0,3.0,2005,6.800000191,1.0,0.0,1.0
55.0,0.0,0.0,152.6000061,59.09999847,25.379225682361437,70.0,0.4587155779936761,184.5,102.5,0.0,0.0,0.0,1.0,1.0,24.0,0.0,0.8571428571428571,10680.0,3.0,2005,4.699999809,1.0,0.0,0.0
45.0,1.0,17.0,167.6000061,80.0,28.480127340572253,99.0,0.590692102606075,133.5,77.5,0.0,0.0,0.0,0.0,1.0,2.0,1.2857142857142858,1.1428571428571428,3360.0,0.5,2005,1.899999976,0.0,0.0,0.0
50.0,1.0,0.0,153.3000031,67.69999695,28.807417170996587,91.0,0.5936072939322726,194.5,110.5,0.0,1.0,0.0,0.0,0.0,0.0,0.0,1.7142857142857142,10920.0,2.0,2005,2.700000048,1.0,0.0,0.0
29.0,1.0,15.0,169.1999969,64.40000153,22.494957458618707,77.19999695,0.4562647657471677,119.5,53.0,0.0,0.0,0.0,0.0,1.0,10.0,0.7142857142857143,0.2857142857142857,416.0,2.0,2005,1.799999952,1.0,0.0,0.0
30.0,0.0,7.0,163.6000061,81.40000153,30.412896361447604,86.80000305,0.5305623460487144,111.5,73.5,0.0,0.0,0.0,0.0,0.0,0.0,4.0,0.2857142857142857,11160.0,2.0,2005,2.200000048,1.0,0.0,0.0
29.0,1.0,13.0,175.8999939,64.69999695,20.910894523264282,79.69999695,0.45309834970949364,108.5,64.5,0.0,0.0,0.0,0.0,1.0,24.0,0.7142857142857143,0.0,11880.0,1.0,2005,2.900000095,1.0,0.0,0.0
45.0,1.0,7.0,188.8000031,65.5,18.37542132992233,89.90000153,0.4761652545227103,136.0,84.5,0.0,0.0,0.0,0.0,1.0,2.0,0.0,2.0,17880.0,2.0,2005,3.0,0.0,0.0,0.0
55.0,0.0,4.0,171.6000061,69.59999847,23.636035422048835,87.19999695,0.508158472320707,162.5,83.5,0.0,1.0,0.0,0.0,0.0,0.0,0.0,2.0,2080.0,1.0,2005,3.700000048,1.0,0.0,0.0
34.0,0.0,4.0,155.0,60.09999847,25.01560810405827,78.0,0.5032258064516129,116.5,76.0,0.0,0.0,0.0,0.0,0.0,0.0,0.0,1.7142857142857142,7080.0,2.0,2005,2.700000048,1.0,0.0,0.0
40.0,0.0,0.0,151.1000061,55.09999847,24.13362849413525,81.69999695,0.5407014801569886,127.5,78.0,0.0,0.0,0.0,1.0,1.0,10.0,0.0,1.7142857142857142,240.0,1.0,2005,3.5,1.0,0.0,0.0
54.0,1.0,,167.6999969,59.5,21.156842673727557,66.5,0.3965414503832945,143.0,89.0,0.0,0.0,1.0,0.0,0.0,0.0,0.42857142857142855,0.5714285714285714,11040.0,0.5,2005,2.0,1.0,0.0,0.0
47.0,0.0,5.0,163.1000061,73.19999695,27.517128277042886,90.90000153,0.5573267819148169,146.5,92.5,0.0,0.0,0.0,0.0,1.0,0.5,0.0,1.1428571428571428,1080.0,1.0,2005,3.5,1.0,0.0,0.0
28.0,0.0,0.0,153.0,48.70000076,20.803964611901407,63.59999847,0.41568626450980395,123.0,82.5,0.0,0.0,0.0,0.0,1.0,2.0,0.0,0.8571428571428571,320.0,0.5,2005,3.5,1.0,0.0,0.0
45.0,1.0,5.0,179.6000061,57.90000153,17.950059026532173,73.19999695,0.4075723522483778,134.5,95.5,0.0,0.0,1.0,0.0,1.0,10.0,0.0,1.1428571428571428,200.0,0.3333333333333333,2005,3.599999905,1.0,0.0,0.0
38.0,0.0,14.0,171.8000031,66.09999847,22.39520874116285,71.30000305,0.41501747242983605,109.0,72.5,0.0,0.0,0.0,0.0,1.0,0.5,0.5714285714285714,0.5714285714285714,4080.0,2.0,2005,2.299999952,1.0,0.0,0.0
26.0,1.0,4.0,177.8000031,75.40000153,23.851067762578015,79.30000305,0.44600675853419036,143.5,80.5,0.0,0.0,1.0,0.0,1.0,10.0,0.14285714285714285,0.42857142857142855,39480.0,2.0,2005,3.299999952,1.0,0.0,0.0
26.0,0.0,8.0,165.3999939,69.40000153,25.36813274805743,79.09999847,0.4782345912166325,115.5,79.0,0.0,0.0,0.0,0.0,0.0,0.0,0.8571428571428571,0.2857142857142857,19840.0,4.0,2005,3.5,1.0,0.0,0.0
61.0,0.0,0.0,150.0,,,103.0,0.6866666666666666,186.5,107.5,0.0,1.0,0.0,0.0,0.0,0.0,0.14285714285714285,0.8571428571428571,0.0,9.0,2005,2.700000048,1.0,0.0,0.0
43.0,0.0,4.0,165.1000061,70.09999847,25.71720873606998,88.09999847,0.5336159613261213,133.0,87.5,1.0,0.0,0.0,0.0,0.0,0.0,0.42857142857142855,1.7142857142857142,7200.0,3.0,2005,3.900000095,1.0,0.0,0.0
26.0,1.0,12.0,179.0,67.0,20.91070815517618,74.40000153,0.41564246664804466,122.5,77.0,,0.0,0.0,0.0,0.0,0.0,0.42857142857142855,0.8571428571428571,20640.0,2.0,2005,3.5,1.0,0.0,0.0
28.0,1.0,10.0,171.5,58.29999924,19.821672684000713,69.0,0.40233236151603496,117.0,60.0,0.0,0.0,0.0,0.0,1.0,0.5,0.2857142857142857,0.8571428571428571,36960.0,0.5,2005,2.799999952,1.0,0.0,0.0
25.0,0.0,6.0,166.1999969,56.40000153,20.41818305478127,67.30000305,0.4049338405854086,143.0,82.5,0.0,0.0,0.0,0.0,0.0,0.0,0.42857142857142855,0.14285714285714285,20120.0,2.5,2005,3.0,1.0,0.0,0.0
34.0,1.0,10.0,167.3000031,55.59999847,19.864739837812955,71.30000305,0.4261805243803968,113.5,71.0,0.0,0.0,0.0,0.0,1.0,10.0,0.42857142857142855,0.14285714285714285,31680.0,3.0,2005,3.599999905,0.0,0.0,0.0
26.0,0.0,7.0,169.3999939,87.19999695,30.387130364285692,85.30000305,0.5035419487698104,141.0,100.5,0.0,0.0,0.0,0.0,0.0,0.0,0.2857142857142857,4.571428571428571,4320.0,2.0,2005,2.099999905,1.0,0.0,0.0
57.0,0.0,1.0,149.6999969,38.0,16.956648355189266,65.5,0.43754175922765165,177.0,115.0,0.0,0.0,0.0,0.0,0.0,0.0,0.14285714285714285,0.8571428571428571,7640.0,4.0,2005,4.199999809,1.0,0.0,0.0
30.0,1.0,8.0,,,,,,,,,0.0,0.0,0.0,1.0,0.5,0.5714285714285714,1.1428571428571428,24080.0,1.5,2005,,,0.0,0.0
42.0,1.0,10.0,159.6000061,63.09999847,24.77214089679352,81.09999847,0.5081453344004603,129.0,73.0,0.0,0.0,0.0,0.0,1.0,24.0,4.0,1.1428571428571428,1920.0,4.0,2005,2.599999905,0.0,0.0,0.0
41.0,1.0,7.0,185.0,60.20000076,17.589481595325054,76.0,0.41081081081081083,110.5,70.5,0.0,0.0,1.0,0.0,1.0,10.0,0.0,0.5714285714285714,8440.0,1.8333333333333333,2005,3.700000048,1.0,0.0,0.0
29.0,1.0,10.0,170.6000061,64.40000153,22.127267847362866,75.30000305,0.44138335496812153,124.0,77.5,0.0,0.0,0.0,0.0,1.0,0.5,1.7142857142857142,4.571428571428571,11480.0,1.1666666666666667,2005,2.799999952,1.0,0.0,0.0
25.0,0.0,4.0,151.1000061,41.09999847,18.00167190067269,62.20000076,0.4116479036991912,125.5,74.5,0.0,0.0,0.0,0.0,0.0,0.0,0.2857142857142857,2.5714285714285716,14880.0,2.0,2005,4.5,1.0,0.0,0.0
44.0,1.0,16.0,164.3999939,59.0,21.829732677681335,82.59999847,0.5024330993603523,117.0,79.5,0.0,0.0,0.0,0.0,1.0,2.0,0.14285714285714285,1.1428571428571428,2160.0,5.0,2005,2.700000048,1.0,0.0,0.0
25.0,0.0,6.0,164.1999969,48.09999847,17.840161164602655,67.80000305,0.41291111041427797,118.5,68.5,0.0,0.0,0.0,0.0,0.0,0.0,0.14285714285714285,2.5714285714285716,14040.0,3.0,2005,3.599999905,1.0,0.0,0.0
39.0,0.0,5.0,158.0,58.29999924,23.353628921647168,76.5,0.48417721518987344,143.0,94.0,0.0,0.0,0.0,0.0,1.0,10.0,0.0,1.2857142857142858,11760.0,1.6666666666666667,2005,3.5,1.0,0.0,0.0
30.0,0.0,15.0,169.3000031,56.5,19.712173621653932,66.5,0.39279384986614924,104.5,66.5,0.0,1.0,0.0,0.0,0.0,0.0,2.0,0.42857142857142855,3060.0,1.5,2005,3.099999905,1.0,1.0,1.0
55.0,0.0,0.0,158.3000031,75.5,30.129026881460625,93.5,0.5906506517307832,132.5,93.0,0.0,1.0,0.0,0.0,0.0,0.0,0.0,2.142857142857143,6360.0,2.0,2005,3.799999952,1.0,0.0,0.0
54.0,0.0,4.0,159.3000031,66.40000153,26.16595082522984,79.5,0.4990583707025678,184.0,110.0,0.0,0.0,0.0,0.0,0.0,0.0,0.5714285714285714,0.42857142857142855,3360.0,0.5,2005,3.200000048,1.0,0.0,0.0
35.0,0.0,7.0,159.0,76.19999695,30.14121156204264,97.5,0.6132075471698113,139.0,89.0,1.0,1.0,0.0,0.0,1.0,0.5,0.5714285714285714,2.0,23520.0,0.25,2005,6.199999809,1.0,1.0,1.0
61.0,1.0,4.0,168.0,81.09999847,28.73440988874717,102.0999985,0.6077380863095238,150.0,102.5,0.0,1.0,0.0,0.0,0.0,0.0,1.7142857142857142,0.42857142857142855,800.0,1.5,2005,11.0,1.0,1.0,1.0
26.0,1.0,15.0,171.1999969,66.30000305,22.620700174091205,78.5,0.45852804568596345,127.0,78.5,0.0,0.0,0.0,0.0,1.0,0.5,0.2857142857142857,0.7142857142857143,11280.0,1.0,2005,2.799999952,1.0,0.0,0.0
28.0,0.0,8.0,163.1999969,54.0,20.274654749476856,66.0,0.40441177238772363,120.0,85.5,0.0,0.0,0.0,0.0,1.0,10.0,0.0,1.4285714285714286,6840.0,1.0,2005,2.099999905,1.0,0.0,0.0
25.0,0.0,12.0,165.6999969,62.70000076,22.836132042386755,81.59999847,0.4924562462076908,117.0,77.5,0.0,0.0,1.0,0.0,1.0,10.0,0.0,0.5714285714285714,3920.0,2.5,2005,3.299999952,1.0,0.0,0.0
25.0,1.0,11.0,181.8000031,69.0,20.8766744142927,72.5,0.39878987218785145,113.0,72.0,0.0,0.0,1.0,0.0,1.0,2.0,0.42857142857142855,0.2857142857142857,11640.0,4.0,2005,2.799999952,1.0,0.0,0.0
42.0,0.0,5.0,159.8000031,65.69999695,25.728340964745854,78.5,0.4912390392813453,116.5,84.5,1.0,0.0,0.0,0.0,0.0,0.0,5.0,1.0,9360.0,1.0,2005,4.5,1.0,0.0,0.0
56.0,0.0,0.0,159.3999939,80.0,31.485702392032177,109.1999969,0.6850690155515746,147.0,91.5,0.0,0.0,0.0,0.0,0.0,0.0,0.0,0.2857142857142857,16800.0,,2005,3.799999952,1.0,0.0,0.0
60.0,1.0,2.0,169.3000031,90.0,31.399922583165555,104.0999985,0.614884799727449,166.5,96.5,0.0,0.0,0.0,0.0,1.0,0.5,0.8571428571428571,0.42857142857142855,9120.0,2.0,2005,6.599999905,1.0,0.0,1.0
59.0,0.0,0.0,164.8000031,84.69999695,31.186667041055603,103.0999985,0.6256067752464745,175.0,90.0,0.0,0.0,0.0,0.0,0.0,0.0,0.0,1.4285714285714286,10920.0,1.0,2005,4.599999905,1.0,0.0,0.0
40.0,1.0,10.0,170.1000061,74.19999695,25.64455864506503,89.19999695,0.5243973765501234,119.0,73.0,0.0,0.0,0.0,0.0,0.0,0.0,0.2857142857142857,1.4285714285714286,1960.0,1.0,2005,4.099999905,0.0,0.0,0.0
41.0,1.0,12.0,173.0,75.30000305,25.159545273814693,76.40000153,0.44161850595375723,137.0,93.5,0.0,1.0,1.0,0.0,1.0,2.0,0.0,2.0,6160.0,0.6666666666666666,2005,3.700000048,1.0,0.0,0.0
48.0,1.0,10.0,175.0,52.5,17.142857142857142,74.09999847,0.4234285626857143,133.5,80.0,0.0,0.0,1.0,0.0,1.0,2.0,0.0,0.8571428571428571,11760.0,1.0,2005,2.299999952,1.0,0.0,0.0
34.0,1.0,10.0,178.5,60.09999847,18.862446459368062,72.09999847,0.4039215600560224,131.5,81.0,0.0,0.0,1.0,0.0,1.0,2.0,0.14285714285714285,1.1428571428571428,9760.0,0.5,2005,2.599999905,1.0,0.0,0.0
28.0,0.0,4.0,154.0,58.5,24.666891550008433,54.40000153,0.3532467631818182,115.5,77.0,0.0,0.0,0.0,0.0,1.0,2.0,0.5714285714285714,0.2857142857142857,7560.0,2.0,2005,3.599999905,1.0,0.0,0.0
30.0,1.0,6.0,178.1000061,83.19999695,26.229827936324067,81.5,0.45760806967204254,145.5,87.5,0.0,0.0,1.0,0.0,1.0,2.0,0.2857142857142857,2.0,19760.0,2.0,2005,4.0,1.0,0.0,0.0
42.0,1.0,7.0,161.0,60.29999924,23.26299110373828,74.0,0.45962732919254656,170.0,96.5,0.0,0.0,1.0,0.0,0.0,0.0,0.14285714285714285,0.14285714285714285,720.0,1.5,2005,4.5,1.0,0.0,0.0
32.0,1.0,15.0,179.0,100.9000015,31.490902749602075,98.0,0.547486033519553,143.0,90.0,0.0,0.0,0.0,0.0,0.0,0.0,2.0,1.1428571428571428,240.0,3.0,2005,4.0,0.0,0.0,0.0
59.0,1.0,3.0,175.0,57.70000076,18.84081657469388,74.0,0.4228571428571429,178.0,89.0,0.0,0.0,0.0,0.0,1.0,2.0,2.0,0.42857142857142855,26760.0,2.0,2005,2.599999905,1.0,0.0,0.0
26.0,1.0,8.0,161.0,56.09999847,21.642682948188725,81.09999847,0.5037266985714286,159.0,105.5,0.0,0.0,0.0,0.0,1.0,0.5,0.42857142857142855,0.42857142857142855,21000.0,5.0,2005,3.200000048,1.0,0.0,0.0
27.0,0.0,20.0,173.1000061,71.80000305,23.962399053242436,81.0,0.467937591828889,137.5,96.0,0.0,0.0,0.0,0.0,0.0,0.0,3.0,0.8571428571428571,10920.0,3.0,2005,3.200000048,1.0,0.0,0.0
29.0,1.0,9.0,160.3000031,52.20000076,20.31437418729293,68.30000305,0.4260761180858642,116.5,83.5,0.0,0.0,0.0,0.0,1.0,0.5,0.8571428571428571,0.42857142857142855,22560.0,1.0,2005,4.0,1.0,0.0,0.0
54.0,0.0,4.0,149.3999939,53.5,23.96914940834683,71.0,0.475234289818803,122.5,82.0,0.0,0.0,0.0,0.0,0.0,0.0,0.0,0.8571428571428571,17760.0,4.0,2005,3.599999905,1.0,0.0,0.0
35.0,0.0,9.0,165.3999939,79.5,29.060036152863262,85.0,0.5139057021452527,143.0,96.0,0.0,0.0,0.0,0.0,0.0,0.0,2.0,0.42857142857142855,11320.0,2.0,2005,2.799999952,1.0,0.0,0.0
52.0,0.0,0.0,167.5,67.09999847,23.916239151704165,78.09999847,0.4662686475820896,202.5,122.5,0.0,1.0,0.0,0.0,0.0,0.0,0.2857142857142857,0.42857142857142855,14640.0,2.5,2005,2.599999905,1.0,0.0,0.0
44.0,1.0,12.0,176.3000031,51.90000153,16.697933640292934,72.30000305,0.4100964366347195,165.5,110.0,0.0,1.0,0.0,0.0,1.0,0.5,0.42857142857142855,0.42857142857142855,30240.0,3.0,2005,2.5,1.0,0.0,0.0
39.0,0.0,11.0,165.8000031,80.90000153,29.42926808237173,88.80000305,0.5355850506012445,142.0,98.0,0.0,1.0,0.0,0.0,0.0,0.0,1.7142857142857142,1.1428571428571428,18480.0,3.0,2005,5.5,1.0,0.0,0.0
26.0,1.0,0.0,162.0,54.5,20.766651425087634,67.0,0.41358024691358025,129.5,81.0,0.0,0.0,1.0,0.0,1.0,0.5,0.42857142857142855,2.0,11400.0,2.0,2005,4.800000191,1.0,0.0,0.0
60.0,1.0,6.0,162.6000061,71.19999695,26.930155426279864,95.0,0.5842558206398493,175.0,92.0,0.0,1.0,1.0,0.0,1.0,2.0,0.2857142857142857,0.2857142857142857,7120.0,1.0,2005,2.599999905,1.0,0.0,0.0
34.0,1.0,6.0,181.8000031,79.30000305,23.993048474308235,72.30000305,0.3976897789722865,150.5,83.0,0.0,0.0,0.0,0.0,1.0,2.0,0.8571428571428571,0.8571428571428571,8680.0,0.5,2005,2.799999952,1.0,0.0,0.0
40.0,0.0,11.0,156.0,69.5,28.55851413543721,86.5,0.5544871794871795,217.5,131.0,1.0,1.0,0.0,0.0,0.0,0.0,0.8571428571428571,0.8571428571428571,9240.0,2.3333333333333335,2005,3.599999905,1.0,0.0,0.0
60.0,1.0,5.0,158.5,65.0,25.873478689209765,93.0,0.5867507886435331,148.0,80.0,0.0,0.0,0.0,0.0,1.0,0.5,0.0,1.1428571428571428,600.0,8.0,2005,2.799999952,1.0,0.0,0.0
44.0,1.0,13.0,180.3999939,63.5,19.511950621661803,78.0,0.43237252016337235,155.5,107.5,0.0,0.0,1.0,0.0,1.0,2.0,4.0,0.5714285714285714,17480.0,3.0,2005,3.0,1.0,0.0,0.0
47.0,0.0,4.0,163.6999969,75.40000153,28.136755214987485,88.5,0.5406231012579817,151.5,96.5,0.0,1.0,0.0,0.0,0.0,0.0,0.5714285714285714,0.8571428571428571,3200.0,2.0,2005,2.700000048,1.0,0.0,0.0
27.0,0.0,2.0,147.3999939,49.40000153,22.73694081342018,71.09999847,0.48236093224153115,133.0,91.5,0.0,0.0,0.0,0.0,1.0,24.0,1.7142857142857142,0.8571428571428571,10720.0,4.0,2005,2.299999952,1.0,0.0,0.0
25.0,1.0,12.0,172.6000061,69.30000305,23.26224579420676,63.70000076,0.3690614050331717,130.0,87.5,0.0,0.0,0.0,0.0,1.0,0.5,0.8571428571428571,1.1428571428571428,16800.0,1.5,2005,3.599999905,1.0,0.0,0.0
31.0,0.0,10.0,157.3000031,42.29999924,17.09554290182917,79.5,0.5054036772615932,106.0,77.5,0.0,1.0,0.0,0.0,0.0,0.0,1.1428571428571428,0.8571428571428571,8400.0,1.6666666666666667,2005,2.799999952,1.0,0.0,0.0
51.0,0.0,5.0,155.1000061,62.79999924,26.105740020984175,87.80000305,0.5660863932744874,175.5,103.0,0.0,1.0,0.0,1.0,0.0,0.0,0.0,1.7142857142857142,7600.0,1.5,2005,3.5,1.0,0.0,0.0
29.0,0.0,6.0,172.5,47.40000153,15.92942710522999,59.0,0.34202898550724636,119.5,75.0,0.0,0.0,0.0,0.0,0.0,0.0,1.0,1.0,5880.0,4.0,2005,2.0,0.0,0.0,0.0
47.0,1.0,12.0,159.5,69.90000153,27.476145686461415,84.0,0.5266457680250783,176.0,101.0,0.0,0.0,0.0,0.0,1.0,0.5,0.5714285714285714,1.2857142857142858,14840.0,4.0,2005,3.799999952,1.0,0.0,0.0
44.0,1.0,14.0,,,,85.0,,111.5,77.5,0.0,0.0,0.0,0.0,1.0,2.0,0.5714285714285714,0.8571428571428571,13100.0,2.0,2005,3.299999952,0.0,0.0,0.0
37.0,0.0,6.0,151.1000061,54.59999847,23.91463004436873,50.5,0.33421573766567836,115.5,84.0,0.0,0.0,0.0,0.0,0.0,0.0,2.0,1.1428571428571428,1680.0,2.5,2005,5.300000191,1.0,0.0,0.0
44.0,1.0,13.0,179.1000061,98.59999847,30.738714901366187,101.5,0.5667224820937624,154.0,102.0,0.0,0.0,1.0,0.0,1.0,24.0,0.0,0.5714285714285714,6720.0,1.5,2005,3.900000095,1.0,0.0,0.0
37.0,0.0,4.0,144.3999939,50.40000153,24.171088019281303,74.0,0.5124653956096877,124.0,73.0,0.0,0.0,0.0,0.0,0.0,0.0,0.2857142857142857,0.8571428571428571,9660.0,3.0,2005,2.799999952,0.0,0.0,0.0
39.0,1.0,7.0,181.3999939,66.09999847,20.087547336572115,83.30000305,0.4592062064562175,152.5,94.0,0.0,0.0,1.0,0.0,1.0,2.0,0.5714285714285714,1.1428571428571428,24780.0,2.0,2005,2.099999905,1.0,0.0,0.0
36.0,0.0,11.0,165.1000061,61.5,22.56217363464236,71.0,0.4300423826574286,142.0,96.0,0.0,0.0,0.0,0.0,0.0,0.0,0.42857142857142855,0.8571428571428571,14000.0,4.0,2005,1.700000048,0.0,0.0,0.0
29.0,0.0,4.0,169.6000061,66.30000305,23.049516579235522,74.90000153,0.4416273516277898,119.5,79.0,0.0,0.0,0.0,0.0,0.0,0.0,0.8571428571428571,0.8571428571428571,8300.0,3.0,2005,2.700000048,1.0,0.0,0.0
42.0,0.0,3.0,,,,,,,,,0.0,0.0,0.0,0.0,0.0,0.2857142857142857,1.1428571428571428,12360.0,2.5,2005,,,0.0,0.0
47.0,1.0,4.0,,,,101.0,,173.0,93.5,0.0,0.0,0.0,0.0,1.0,10.0,0.2857142857142857,0.42857142857142855,23100.0,2.5,2005,4.300000191,1.0,0.0,0.0
31.0,0.0,11.0,152.3000031,50.40000153,21.72854897621888,71.0,0.46618515137771527,124.5,82.0,0.0,0.0,0.0,0.0,0.0,0.0,0.2857142857142857,2.0,14820.0,0.25,2005,2.400000095,1.0,0.0,0.0
32.0,1.0,10.0,,,,,,,,,0.0,0.0,0.0,1.0,10.0,1.0,0.2857142857142857,11940.0,4.0,2005,,,0.0,0.0
27.0,0.0,15.0,151.6999969,51.90000153,22.552579728647864,65.0,0.428477266501513,117.0,73.0,0.0,0.0,0.0,0.0,0.0,0.0,0.8571428571428571,0.2857142857142857,15480.0,2.0,2005,3.5,1.0,0.0,0.0
32.0,0.0,6.0,146.1999969,42.09999847,19.696422575451102,67.59999847,0.4623803002967095,120.5,80.0,0.0,0.0,0.0,0.0,1.0,0.5,0.0,0.8571428571428571,23520.0,2.0,2005,1.899999976,0.0,0.0,0.0
36.0,0.0,7.0,162.5,74.30000305,28.137279261538463,84.40000153,0.5193846248,127.5,65.5,0.0,0.0,0.0,0.0,1.0,0.5,0.14285714285714285,2.0,21900.0,3.0,2005,2.599999905,0.0,0.0,0.0
38.0,1.0,7.0,180.0,68.40000153,21.11111158333333,80.0,0.4444444444444444,128.0,77.0,0.0,0.0,0.0,0.0,1.0,10.0,0.2857142857142857,1.1428571428571428,23520.0,3.5,2005,2.799999952,1.0,0.0,0.0
33.0,0.0,8.0,162.3999939,85.5,32.41858818121873,92.30000305,0.5683497938234836,147.5,100.5,0.0,0.0,0.0,0.0,0.0,0.0,0.0,1.0,18480.0,2.0,2005,4.199999809,1.0,0.0,0.0
41.0,1.0,6.0,174.0,60.09999847,19.850706325142028,43.29999924,0.24885057034482758,117.5,82.0,0.0,0.0,0.0,0.0,1.0,0.5,0.14285714285714285,0.8571428571428571,12660.0,3.0,2005,2.799999952,1.0,0.0,0.0
34.0,0.0,13.0,152.3000031,50.5,21.771660515643116,67.30000305,0.441891015627957,160.0,100.5,0.0,0.0,0.0,0.0,0.0,0.0,1.0,0.8571428571428571,8400.0,3.0,2005,1.299999952,0.0,0.0,0.0
42.0,0.0,0.0,165.5,56.70000076,20.70079709385639,78.59999847,0.47492446205438066,158.5,90.5,0.0,0.0,0.0,0.0,0.0,0.0,0.0,0.8571428571428571,7200.0,2.5,2005,2.299999952,1.0,0.0,0.0
50.0,1.0,6.0,161.8000031,54.29999924,20.741624722216212,77.40000153,0.47836835628589675,134.0,87.5,0.0,0.0,0.0,0.0,1.0,2.0,0.14285714285714285,1.4285714285714286,2880.0,2.0,2005,1.700000048,1.0,0.0,0.0
54.0,1.0,4.0,173.5,75.0,24.915081098588974,95.5,0.5504322766570605,161.5,101.0,0.0,0.0,0.0,0.0,1.0,0.5,0.0,0.42857142857142855,10200.0,3.0,2005,,,0.0,0.0
33.0,1.0,6.0,159.8000031,50.0,19.580169070879883,70.0,0.4380475509515181,123.0,67.0,0.0,0.0,1.0,0.0,1.0,2.0,0.0,3.0,16920.0,2.5,2005,3.200000048,1.0,0.0,0.0
27.0,0.0,7.0,163.6000061,68.5,25.593161690437636,80.0,0.4889975367794317,131.0,88.5,0.0,0.0,0.0,0.0,1.0,2.0,1.7142857142857142,0.42857142857142855,240.0,0.5,2005,4.199999809,1.0,0.0,0.0
46.0,1.0,0.0,172.3999939,77.69999695,26.14246345051301,89.30000305,0.5179814745341473,165.5,105.0,0.0,0.0,1.0,0.0,1.0,10.0,0.5714285714285714,5.0,15120.0,2.0,2005,3.5,1.0,0.0,0.0
41.0,0.0,6.0,152.1999969,68.69999695,29.657014574050365,82.0,0.5387647941535536,152.0,80.5,0.0,0.0,0.0,0.0,1.0,0.5,0.0,1.7142857142857142,18240.0,1.0,2005,2.099999905,1.0,0.0,0.0
47.0,1.0,4.0,,,,,,,,,0.0,0.0,0.0,1.0,0.5,0.0,1.0,240.0,7.0,2005,,,0.0,0.0
29.0,1.0,8.0,189.0,79.0,22.11584222166233,81.0,0.42857142857142855,145.5,84.5,0.0,0.0,0.0,0.0,1.0,2.0,0.2857142857142857,0.5714285714285714,17640.0,1.0,2005,2.700000048,1.0,0.0,0.0
34.0,0.0,7.0,163.8000031,91.0,33.91669929958497,94.69999695,0.5781440485821334,122.5,80.5,0.0,1.0,0.0,0.0,1.0,0.5,0.0,2.0,11760.0,1.0,2005,2.5,0.0,0.0,0.0
39.0,1.0,12.0,,,,,,,,,1.0,0.0,0.0,1.0,2.0,0.2857142857142857,0.8571428571428571,7280.0,0.6666666666666666,2005,,,0.0,0.0
48.0,1.0,5.0,162.1000061,60.79999924,23.13862307067805,80.0,0.493522498393046,171.0,92.5,0.0,0.0,1.0,0.0,1.0,2.0,0.0,0.5714285714285714,14560.0,2.0,2005,2.599999905,1.0,0.0,0.0
62.0,0.0,0.0,152.6999969,91.0,39.02683532041098,109.5,0.7170923524753523,157.5,99.5,0.0,0.0,0.0,0.0,1.0,0.5,0.0,2.0,5280.0,2.0,2005,2.900000095,0.0,0.0,0.0
38.0,0.0,4.0,149.3000031,51.29999924,23.01429762632338,73.09999847,0.4896181979382692,146.0,82.0,0.0,0.0,0.0,0.0,0.0,0.0,0.0,2.0,6300.0,2.0,2005,2.400000095,0.0,0.0,0.0
56.0,1.0,10.0,167.0,60.29999924,21.62142753056761,66.40000153,0.39760479958083833,130.5,81.5,0.0,0.0,0.0,0.0,0.0,0.0,0.2857142857142857,0.8571428571428571,2000.0,0.3333333333333333,2005,4.599999905,1.0,0.0,0.0
26.0,0.0,15.0,152.5,50.40000153,21.671594315506585,62.20000076,0.40786885744262297,122.0,68.0,0.0,0.0,0.0,0.0,1.0,0.5,0.8571428571428571,1.1428571428571428,7040.0,3.0,2005,1.299999952,1.0,0.0,0.0
42.0,0.0,15.0,160.6000061,116.0,44.974554941093146,112.0,0.697384780485385,133.0,76.0,1.0,1.0,0.0,0.0,0.0,0.0,0.0,2.0,10920.0,1.0,2005,2.700000048,0.0,0.0,0.0
47.0,0.0,13.0,171.6999969,85.5,29.001839187135044,97.0,0.564938857025687,139.5,93.5,0.0,0.0,1.0,0.0,1.0,2.0,0.14285714285714285,0.8571428571428571,21480.0,1.0,2005,5.5,1.0,0.0,0.0
34.0,1.0,15.0,169.5,100.6999969,35.0501638168829,108.3000031,0.6389380713864307,148.5,116.5,0.0,0.0,0.0,0.0,1.0,10.0,2.0,1.1428571428571428,1680.0,2.0,2005,6.300000191,1.0,0.0,1.0
62.0,0.0,0.0,150.6000061,48.0,21.163683518054395,65.69999695,0.43625494215700433,119.0,81.0,0.0,0.0,0.0,0.0,1.0,24.0,0.0,2.0,23720.0,2.0,2005,4.900000095,1.0,0.0,0.0
49.0,0.0,0.0,161.8999939,68.5,26.133459624124033,90.40000153,0.5583693942931025,157.0,88.5,0.0,0.0,0.0,1.0,1.0,10.0,0.14285714285714285,3.0,23000.0,1.0,2005,4.5,1.0,0.0,0.0
41.0,0.0,1.0,155.3000031,67.09999847,27.82143850992551,96.0,0.6181583907515067,124.5,86.5,0.0,0.0,0.0,0.0,1.0,10.0,0.0,2.0,21960.0,1.5,2005,3.099999905,1.0,0.0,0.0
64.0,1.0,0.0,163.0,49.20000076,18.517821807369494,73.30000305,0.4496932702453988,118.5,74.5,,0.0,0.0,0.0,1.0,24.0,0.0,2.0,21040.0,4.0,2005,4.199999809,1.0,0.0,0.0
64.0,0.0,0.0,153.6999969,46.0,19.471979972461053,69.80000305,0.45413145385691284,176.0,98.0,0.0,0.0,0.0,0.0,1.0,24.0,0.5714285714285714,2.0,21600.0,3.5,2005,2.799999952,1.0,0.0,0.0
64.0,0.0,0.0,163.0,48.40000153,18.216719308216344,82.0,0.5030674846625767,130.5,71.5,,0.0,0.0,0.0,1.0,0.5,0.0,2.0,29400.0,1.0,2005,1.200000048,1.0,0.0,0.0
58.0,0.0,1.0,157.0,63.5,25.76169418637673,82.59999847,0.5261146399363057,147.0,80.5,0.0,0.0,0.0,0.0,1.0,0.5,0.14285714285714285,2.0,27720.0,1.0,2005,3.900000095,1.0,0.0,0.0
55.0,0.0,0.0,160.0,60.59999847,23.671874402343747,81.90000153,0.5118750095625,138.5,88.0,0.0,1.0,0.0,0.0,1.0,0.5,0.0,2.0,20400.0,2.5,2005,4.099999905,1.0,0.0,0.0
26.0,0.0,6.0,154.1999969,48.79999924,20.523483912670535,79.80000305,0.517509757809859,113.5,64.0,0.0,1.0,0.0,0.0,0.0,0.0,0.0,2.0,12960.0,1.0,2005,3.799999952,1.0,0.0,0.0
30.0,1.0,1.0,161.0,57.0,21.98989236526368,71.59999847,0.4447204873913044,119.0,73.0,0.0,0.0,0.0,0.0,1.0,0.5,0.0,3.0,15840.0,2.0,2005,3.799999952,1.0,0.0,0.0
37.0,1.0,0.0,161.3000031,56.0,21.52381623714066,75.30000305,0.4668320000174879,133.0,77.5,0.0,0.0,0.0,0.0,0.0,0.0,0.0,2.0,27840.0,2.0,2005,6.0,1.0,0.0,0.0
50.0,0.0,0.0,161.0,78.69999695,30.361481790825966,107.5999985,0.6683229720496894,129.0,85.0,1.0,1.0,0.0,0.0,1.0,0.5,0.0,2.0,18360.0,2.0,2005,,,0.0,0.0
33.0,0.0,0.0,161.0,59.70000076,23.031519138922107,71.5,0.4440993788819876,141.0,91.0,0.0,0.0,0.0,0.0,0.0,0.0,1.1428571428571428,1.7142857142857142,21840.0,2.0,2005,,,0.0,0.0
38.0,0.0,4.0,153.3000031,57.59999847,24.509708415489897,85.40000153,0.5570776242861015,141.0,105.0,0.0,0.0,0.0,0.0,1.0,2.0,0.14285714285714285,1.7142857142857142,24360.0,3.5,2005,4.0,1.0,0.0,0.0
27.0,0.0,1.0,,,,,,,,,0.0,0.0,0.0,0.0,0.0,0.0,2.0,14440.0,2.0,2005,,,0.0,0.0
50.0,0.0,0.0,149.5,40.90000153,18.29957227771501,66.5,0.44481605351170567,126.0,68.5,0.0,0.0,0.0,0.0,0.0,0.0,0.0,3.0,22320.0,2.5,2005,3.200000048,1.0,0.0,0.0
58.0,1.0,4.0,149.1000061,63.0,28.339046055933515,96.5,0.64721660665311,169.0,95.5,0.0,0.0,0.0,0.0,1.0,10.0,0.0,3.0,9980.0,3.0,2005,10.19999981,0.0,0.0,0.0
30.0,0.0,0.0,162.0,58.29999924,22.214601143118422,71.5,0.44135802469135804,106.5,64.0,0.0,1.0,0.0,0.0,0.0,0.0,0.0,3.0,18480.0,1.0,2005,2.599999905,1.0,0.0,0.0
32.0,1.0,10.0,159.0,49.29999924,19.500810585024325,76.59999847,0.48176099666666666,135.0,82.5,0.0,0.0,1.0,0.0,1.0,2.0,0.0,2.0,23040.0,0.5,2005,3.799999952,1.0,0.0,0.0
43.0,0.0,0.0,161.0,58.59999847,22.607151911577485,84.30000305,0.5236025034161491,168.0,93.0,0.0,1.0,0.0,0.0,0.0,0.0,0.0,3.0,13680.0,2.0,2005,3.099999905,1.0,0.0,0.0
40.0,0.0,4.0,163.1000061,51.59999847,19.397320166066027,63.5,0.3893316837834257,125.5,75.5,0.0,0.0,0.0,0.0,1.0,0.5,0.8571428571428571,3.0,26040.0,3.0,2005,3.0,1.0,0.0,0.0
28.0,0.0,8.0,167.1000061,79.19999695,28.364310662150867,84.0,0.502692979853817,109.5,61.5,0.0,0.0,0.0,0.0,0.0,0.0,0.0,3.0,15600.0,3.5,2005,2.5,1.0,0.0,0.0
47.0,0.0,4.0,162.8999939,60.79999924,22.911917547802652,77.0,0.4726826450789695,129.0,86.0,0.0,0.0,0.0,0.0,1.0,0.5,0.2857142857142857,1.0,17160.0,3.0,2005,2.700000048,1.0,0.0,0.0
56.0,1.0,4.0,163.3999939,57.40000153,21.498483801111206,80.30000305,0.4914321055552989,201.5,104.5,0.0,0.0,0.0,0.0,1.0,10.0,0.0,3.0,19200.0,3.0,2005,2.299999952,1.0,0.0,0.0
55.0,1.0,0.0,174.0,63.40000153,20.940679591095254,73.40000153,0.42183908925287356,157.5,79.0,0.0,0.0,0.0,0.0,1.0,24.0,0.2857142857142857,2.0,26040.0,1.0,2005,2.099999905,1.0,0.0,0.0
50.0,0.0,0.0,165.0,58.70000076,21.561065476584027,70.5,0.42727272727272725,115.5,79.0,0.0,0.0,0.0,0.0,1.0,2.0,0.2857142857142857,1.1428571428571428,20520.0,2.5,2005,3.5,1.0,0.0,0.0
46.0,0.0,0.0,,,,,,,,,0.0,0.0,0.0,1.0,2.0,0.0,2.0,11520.0,0.3333333333333333,2005,,,0.0,0.0
50.0,0.0,0.0,163.0,82.0,30.863035868869737,95.80000305,0.5877300800613497,161.5,100.0,0.0,0.0,0.0,0.0,1.0,2.0,0.0,2.0,10080.0,0.5,2005,3.400000095,1.0,0.0,0.0
51.0,1.0,2.0,173.3000031,57.70000076,19.212269846730845,74.5,0.42989035584154583,166.5,100.0,0.0,1.0,0.0,1.0,1.0,2.0,0.0,2.0,9240.0,1.0,2005,3.400000095,1.0,0.0,0.0
37.0,1.0,4.0,176.5,61.5,19.741752200884367,68.0,0.38526912181303113,115.5,70.5,0.0,0.0,0.0,0.0,1.0,0.5,0.0,2.0,7680.0,1.0,2005,3.799999952,1.0,0.0,0.0
28.0,0.0,3.0,155.3000031,58.59999847,24.29711313397045,74.80000305,0.48164843243328953,135.5,84.0,0.0,0.0,0.0,0.0,1.0,2.0,0.2857142857142857,2.0,5280.0,2.0,2005,3.099999905,1.0,0.0,0.0
51.0,0.0,0.0,160.5,86.09999847,33.4235880746499,99.5,0.6199376947040498,170.5,86.5,0.0,0.0,0.0,0.0,1.0,0.5,0.0,3.0,7680.0,2.5,2005,3.299999952,1.0,0.0,0.0
54.0,1.0,6.0,174.3000031,74.09999847,24.390651972433552,91.30000305,0.523809531991913,150.0,88.5,0.0,0.0,0.0,0.0,1.0,10.0,0.0,2.5714285714285716,11760.0,1.0,2005,4.099999905,1.0,0.0,0.0
42.0,0.0,0.0,157.6000061,57.79999924,23.27101750143122,77.90000153,0.49428933067788755,234.0,142.0,0.0,0.0,0.0,0.0,1.0,0.5,0.0,0.14285714285714285,19440.0,2.5,2005,2.700000048,1.0,0.0,0.0
38.0,1.0,6.0,159.1999969,53.0,20.911720215426385,65.5,0.41143216881557615,124.0,87.0,0.0,0.0,0.0,0.0,0.0,0.0,0.2857142857142857,0.14285714285714285,12480.0,2.0,2005,1.899999976,1.0,0.0,0.0
38.0,0.0,4.0,163.0,59.40000153,22.356882656479357,74.59999847,0.45766870226993867,119.5,86.0,0.0,0.0,0.0,0.0,0.0,0.0,0.0,0.14285714285714285,19320.0,3.0,2005,3.599999905,1.0,0.0,0.0
48.0,0.0,0.0,152.0,58.09999847,25.147160002596955,77.5,0.5098684210526315,138.5,86.0,0.0,0.0,0.0,0.0,1.0,0.5,0.2857142857142857,2.0,10560.0,0.6666666666666666,2005,2.900000095,1.0,0.0,0.0
43.0,0.0,3.0,160.3000031,91.09999847,35.45286265205398,102.8000031,0.6412975739986121,142.5,102.5,0.0,1.0,0.0,0.0,1.0,0.5,0.0,1.1428571428571428,21840.0,2.0,2005,5.300000191,1.0,0.0,0.0
64.0,0.0,0.0,150.8999939,67.09999847,29.467552491508812,92.59999847,0.6136514394517812,213.0,98.5,0.0,1.0,0.0,0.0,1.0,0.5,0.0,0.8571428571428571,5040.0,4.0,2005,2.0,1.0,0.0,0.0
26.0,0.0,10.0,155.1999969,60.0,24.90966195801032,72.19999695,0.4652061752070821,129.5,82.0,0.0,1.0,0.0,0.0,1.0,0.5,0.5714285714285714,0.5714285714285714,7260.0,0.5,2005,3.0,1.0,0.0,0.0
46.0,0.0,5.0,150.0,73.90000153,32.84444512444444,97.59999847,0.6506666564666667,,,,0.0,0.0,0.0,1.0,2.0,1.2857142857142858,0.8571428571428571,17560.0,0.6666666666666666,2005,3.0,1.0,0.0,0.0
61.0,0.0,2.0,162.3000031,92.30000305,35.040045314432355,103.3000031,0.6364756692971375,145.0,98.0,0.0,0.0,0.0,0.0,0.0,0.0,0.5714285714285714,0.8571428571428571,20280.0,1.0,2005,1.299999952,1.0,0.0,0.0
57.0,0.0,3.0,163.3000031,61.59999847,23.099805088346304,81.0,0.49601958641971394,172.5,90.0,0.0,1.0,0.0,0.0,0.0,0.0,0.0,0.42857142857142855,22800.0,0.5,2005,3.0,1.0,0.0,0.0
26.0,1.0,6.0,164.3999939,50.20000076,18.573772830681353,71.0,0.431873495343238,157.5,105.5,0.0,0.0,0.0,0.0,0.0,0.0,0.8571428571428571,0.8571428571428571,5200.0,3.0,2005,3.400000095,1.0,0.0,0.0
57.0,0.0,0.0,165.3000031,65.90000153,24.117911724874162,85.5,0.5172413696101135,170.5,90.0,0.0,1.0,0.0,0.0,0.0,0.0,0.0,0.2857142857142857,39900.0,1.0,2005,3.200000048,1.0,0.0,0.0
43.0,0.0,3.0,154.0,60.09999847,25.341540930173725,83.30000305,0.5409091107142857,132.0,84.5,0.0,0.0,0.0,0.0,1.0,0.5,1.7142857142857142,1.4285714285714286,17600.0,1.0,2005,2.200000048,1.0,0.0,0.0
63.0,0.0,2.0,149.3999939,66.40000153,29.748627240879028,88.40000153,0.5917001682688824,236.0,124.0,0.0,0.0,0.0,0.0,0.0,0.0,0.2857142857142857,1.1428571428571428,13040.0,3.0,2005,4.099999905,1.0,0.0,0.0
27.0,0.0,4.0,163.1000061,59.70000076,22.442249282805165,70.0,0.42918453330456374,121.5,74.5,0.0,0.0,0.0,0.0,0.0,0.0,0.0,0.2857142857142857,18000.0,3.0,2005,2.299999952,1.0,0.0,0.0
39.0,0.0,3.0,169.3000031,67.30000305,23.480165395742286,73.59999847,0.43473122931088715,135.5,87.0,0.0,0.0,0.0,0.0,0.0,0.0,0.8571428571428571,0.5714285714285714,12120.0,0.5,2005,3.5,1.0,0.0,0.0
26.0,1.0,5.0,139.3999939,67.09999847,34.53003358441982,74.0,0.5308465081647324,154.0,81.5,0.0,0.0,0.0,0.0,1.0,10.0,0.0,0.5714285714285714,21760.0,1.0,2005,3.900000095,1.0,0.0,0.0
26.0,1.0,3.0,176.3000031,62.40000153,20.076128207815827,72.30000305,0.4100964366347195,127.0,69.0,0.0,0.0,0.0,0.0,1.0,10.0,0.0,0.42857142857142855,20160.0,2.5,2005,2.299999952,1.0,0.0,0.0
48.0,1.0,2.0,166.8000031,62.09999847,22.32027189821047,77.5,0.4646282887269323,146.5,82.5,0.0,0.0,1.0,0.0,0.0,0.0,0.0,0.8571428571428571,8000.0,2.0,2005,2.700000048,1.0,0.0,0.0
32.0,0.0,2.0,154.0,53.90000153,22.727273372406813,72.59999847,0.47142856149350654,126.5,86.5,0.0,1.0,0.0,0.0,0.0,0.0,0.5714285714285714,0.8571428571428571,7680.0,1.0,2005,,,0.0,0.0
41.0,0.0,3.0,152.1000061,61.59999847,26.62700000952716,81.0,0.5325443573404302,129.5,72.0,0.0,0.0,0.0,0.0,1.0,0.5,0.5714285714285714,0.2857142857142857,14640.0,2.0,2005,2.0,1.0,0.0,0.0
62.0,0.0,0.0,152.1999969,81.59999847,35.225799873449304,100.0,0.6570302367726264,134.5,79.5,0.0,0.0,0.0,0.0,0.0,0.0,1.1428571428571428,0.8571428571428571,18240.0,1.0,2005,3.299999952,1.0,0.0,0.0
45.0,1.0,4.0,168.3000031,70.0,24.713245990106795,91.30000305,0.5424836682608475,177.5,118.0,0.0,0.0,0.0,0.0,0.0,0.0,0.8571428571428571,0.2857142857142857,8160.0,1.0,2005,3.799999952,1.0,0.0,0.0
34.0,0.0,5.0,,,,,,,,,0.0,0.0,0.0,0.0,0.0,0.0,0.2857142857142857,10080.0,1.0,2005,,,0.0,0.0
28.0,1.0,9.0,184.5,77.19999695,22.679033482421545,81.19999695,0.4401083845528455,135.5,87.0,0.0,0.0,0.0,0.0,1.0,2.0,2.0,0.2857142857142857,12960.0,1.0,2005,4.599999905,1.0,0.0,0.0
48.0,0.0,4.0,161.0,82.5,31.827475791829016,89.0,0.5527950310559007,142.0,95.0,0.0,1.0,0.0,0.0,1.0,2.0,0.0,1.1428571428571428,10080.0,1.0,2005,5.5,1.0,0.0,0.0
29.0,0.0,6.0,150.1999969,43.59999847,19.326206987990126,63.20000076,0.42077231733950854,96.5,62.5,0.0,0.0,0.0,0.0,0.0,0.0,0.0,0.5714285714285714,960.0,2.0,2005,4.0,0.0,0.0,0.0
50.0,0.0,2.0,152.5,91.90000153,39.51625972803011,110.9000015,0.727213124590164,164.0,101.5,0.0,0.0,0.0,0.0,1.0,0.5,0.0,2.0,5160.0,2.0,2005,4.599999905,0.0,0.0,0.0
31.0,0.0,7.0,162.5,65.0,24.615384615384617,75.5,0.4646153846153846,105.0,69.0,0.0,0.0,0.0,0.0,1.0,0.5,3.0,0.2857142857142857,9520.0,3.0,2005,4.099999905,0.0,0.0,0.0
45.0,1.0,4.0,168.3000031,54.70000076,19.31163677772727,68.80000305,0.4087938311511534,108.0,64.0,0.0,0.0,0.0,0.0,1.0,0.5,0.2857142857142857,1.4285714285714286,16140.0,1.5,2005,4.099999905,1.0,0.0,0.0
50.0,1.0,14.0,,,,,,,,,1.0,0.0,0.0,0.0,0.0,3.0,1.0,15960.0,3.0,2005,,,0.0,0.0
48.0,0.0,6.0,,,,,,,,,0.0,0.0,0.0,0.0,0.0,3.0,0.5714285714285714,10920.0,3.0,2005,,,0.0,0.0
29.0,0.0,8.0,,,,,,,,,0.0,0.0,0.0,1.0,0.5,3.0,1.0,2480.0,2.0,2005,,,0.0,0.0
30.0,0.0,0.0,162.0,65.09999847,24.805669284407863,77.40000153,0.4777777872222222,115.5,77.0,0.0,0.0,0.0,0.0,0.0,0.0,0.8571428571428571,0.8571428571428571,10080.0,1.0,2005,4.400000095,0.0,0.0,0.0
52.0,1.0,10.0,184.0,92.09999847,27.20344945356805,110.5,0.6005434782608695,151.0,109.0,0.0,0.0,0.0,0.0,0.0,0.0,3.0,0.8571428571428571,12960.0,0.5,2005,4.800000191,1.0,0.0,0.0
28.0,0.0,15.0,156.3000031,76.40000153,31.27342119339943,88.5,0.5662187987506189,120.5,84.0,0.0,0.0,0.0,0.0,0.0,0.0,3.0,1.0,16020.0,3.0,2005,,,0.0,0.0
45.0,0.0,4.0,159.6000061,84.5,33.17346999262221,100.8000031,0.6315789426526845,118.0,85.5,0.0,0.0,0.0,0.0,1.0,0.5,1.2857142857142858,0.2857142857142857,8220.0,2.0,2005,4.699999809,0.0,0.0,0.0
46.0,0.0,6.0,158.0,94.40000153,37.8144534249319,105.0,0.6645569620253164,118.0,85.0,0.0,0.0,0.0,0.0,0.0,0.0,0.8571428571428571,0.8571428571428571,10800.0,1.5,2005,4.300000191,0.0,0.0,0.0
51.0,0.0,0.0,155.6000061,75.90000153,31.348918680723408,94.90000153,0.6098971581595587,196.0,113.0,0.0,1.0,0.0,0.0,0.0,0.0,0.42857142857142855,2.0,0.0,2.0,2005,4.0,1.0,0.0,0.0
29.0,0.0,6.0,,,,,,,,,0.0,0.0,0.0,0.0,0.0,0.0,2.0,720.0,2.0,2005,,,0.0,0.0
32.0,1.0,4.0,167.6999969,67.80000305,24.108134416926024,82.30000305,0.49075733196987315,127.0,85.5,0.0,0.0,0.0,0.0,0.0,0.0,0.0,2.0,24360.0,1.0,2005,5.300000191,1.0,0.0,0.0
38.0,0.0,0.0,162.0,51.70000076,19.69974118274653,73.59999847,0.45432097820987655,104.5,67.5,0.0,0.0,0.0,0.0,0.0,0.0,0.0,1.4285714285714286,5200.0,1.0,2005,,,0.0,0.0
41.0,0.0,9.0,,,,,,,,,0.0,0.0,0.0,1.0,0.5,0.2857142857142857,0.2857142857142857,5680.0,2.0,2005,,,0.0,0.0
47.0,1.0,8.0,163.3000031,75.19999695,28.19976161257909,97.5,0.597060613282989,104.5,68.5,0.0,0.0,0.0,0.0,0.0,0.0,0.5714285714285714,0.5714285714285714,11760.0,,2005,7.400000095,1.0,0.0,1.0
25.0,1.0,6.0,169.1000061,56.59999847,19.793799779225477,70.40000153,0.416321697164031,115.0,62.5,0.0,0.0,0.0,0.0,1.0,0.5,0.8571428571428571,0.0,0.0,4.0,2005,3.0,1.0,0.0,0.0
43.0,1.0,4.0,163.8999939,54.59999847,20.325196629213554,80.0,0.48810251969143,138.5,97.5,0.0,1.0,0.0,0.0,1.0,24.0,0.0,3.0,1120.0,4.0,2005,4.400000095,1.0,0.0,0.0
45.0,1.0,7.0,170.8999939,62.29999924,21.330642986137935,75.30000305,0.44060857658111363,105.0,66.5,0.0,0.0,1.0,0.0,1.0,10.0,2.0,0.5714285714285714,15240.0,2.0,2005,4.300000191,1.0,0.0,0.0
55.0,1.0,5.0,156.1999969,54.29999924,22.255521826524046,75.30000305,0.4820742928580686,167.5,99.0,0.0,0.0,0.0,0.0,1.0,10.0,0.0,0.0,17520.0,3.0,2005,2.299999952,1.0,0.0,0.0
41.0,0.0,7.0,167.0,73.90000153,26.497902947398615,93.0,0.5568862275449101,140.5,78.0,0.0,1.0,0.0,0.0,1.0,2.0,2.0,1.2857142857142858,240.0,2.0,2005,4.900000095,1.0,0.0,0.0
25.0,0.0,10.0,180.0,71.30000305,22.006173780864195,78.0,0.43333333333333335,150.0,89.0,0.0,0.0,0.0,0.0,1.0,0.5,2.0,0.14285714285714285,33600.0,2.0,2005,1.5,0.0,0.0,0.0
28.0,0.0,10.0,167.8999939,67.80000305,24.05073497565462,80.90000153,0.48183445187129337,116.0,80.0,0.0,0.0,0.0,0.0,1.0,0.5,0.8571428571428571,0.2857142857142857,12800.0,2.0,2005,4.099999905,0.0,0.0,0.0
26.0,0.0,6.0,163.6000061,46.59999847,17.410821833822723,63.5,0.3881417948186739,124.5,82.0,0.0,0.0,0.0,0.0,1.0,2.0,2.0,14.0,8320.0,4.0,2005,5.099999905,0.0,0.0,0.0
39.0,0.0,4.0,158.1999969,81.59999847,32.6044748314146,99.40000153,0.6283186060542837,138.5,94.0,0.0,0.0,0.0,0.0,1.0,0.5,1.0,8.0,9240.0,4.0,2005,5.099999905,0.0,0.0,0.0
32.0,0.0,13.0,154.1000061,45.29999924,19.076244621331362,65.0,0.42180400666447476,110.0,68.0,0.0,0.0,0.0,0.0,0.0,0.0,0.2857142857142857,1.2857142857142858,27360.0,1.6666666666666667,2005,3.299999952,0.0,0.0,0.0
45.0,0.0,6.0,170.1000061,67.90000153,23.467191951631072,87.80000305,0.5161669600316375,144.0,93.5,0.0,0.0,1.0,0.0,1.0,2.0,0.8571428571428571,1.1428571428571428,21120.0,8.0,2005,,,0.0,0.0
33.0,0.0,7.0,155.1999969,63.90000153,26.52879062047737,86.59999847,0.5579896920088148,134.0,89.5,0.0,0.0,0.0,0.0,1.0,0.5,0.42857142857142855,10.285714285714286,12360.0,3.0,2005,4.099999905,1.0,0.0,0.0
43.0,0.0,2.0,150.6999969,57.29999924,25.230632010757517,77.5,0.5142667657214796,122.5,82.5,0.0,0.0,0.0,0.0,0.0,0.0,0.0,10.285714285714286,16080.0,3.0,2005,4.099999905,1.0,0.0,0.0
64.0,0.0,1.0,141.6000061,46.59999847,23.241243364289396,74.80000305,0.5282485863536979,163.0,81.0,0.0,0.0,0.0,0.0,0.0,0.0,0.14285714285714285,1.1428571428571428,0.0,12.0,2005,5.199999809,0.0,0.0,0.0
42.0,1.0,5.0,170.1000061,72.5,25.05701587858643,86.40000153,0.507936498715975,138.5,88.0,0.0,0.0,1.0,0.0,0.0,0.0,3.0,4.571428571428571,15600.0,1.0,2005,4.199999809,0.0,0.0,0.0
25.0,0.0,12.0,164.1999969,61.70000076,22.884365746935256,73.40000153,0.4470158521056586,134.5,84.5,0.0,0.0,0.0,0.0,0.0,0.0,4.0,1.2857142857142858,5040.0,1.0,2005,1.299999952,1.0,0.0,0.0
39.0,1.0,9.0,171.5,86.5,29.40951474300674,99.5,0.5801749271137027,126.5,74.0,0.0,0.0,0.0,0.0,1.0,2.0,5.0,2.0,12736.0,1.75,2005,,,0.0,0.0
41.0,0.0,1.0,159.0,77.59999847,30.694987725960207,92.30000305,0.580503163836478,167.5,105.5,0.0,0.0,0.0,0.0,1.0,0.5,0.0,4.571428571428571,12600.0,1.6666666666666667,2005,4.699999809,0.0,0.0,0.0
35.0,0.0,1.0,165.5,97.30000305,35.523590712023434,99.0,0.5981873111782477,123.0,85.5,0.0,0.0,0.0,0.0,0.0,0.0,0.8571428571428571,2.0,11160.0,0.6666666666666666,2005,2.700000048,1.0,0.0,0.0
26.0,0.0,0.0,147.8000031,42.09999847,19.272284303279378,83.19999695,0.5629228362986415,135.0,90.5,,0.0,0.0,0.0,0.0,0.0,1.0,0.8571428571428571,17760.0,0.5,2005,3.400000095,1.0,0.0,0.0
41.0,0.0,6.0,166.1000061,49.70000076,18.01428787179793,65.0,0.391330509409295,138.0,85.0,0.0,0.0,0.0,0.0,0.0,0.0,0.5714285714285714,2.0,30880.0,1.0,2005,3.799999952,0.0,0.0,0.0
25.0,0.0,0.0,155.8000031,50.59999847,20.845656628504393,74.59999847,0.4788189793688137,157.5,104.0,0.0,0.0,0.0,0.0,0.0,0.0,0.5714285714285714,1.4285714285714286,17580.0,2.5,2005,1.899999976,1.0,0.0,0.0
50.0,1.0,0.0,,,,,,,,,0.0,1.0,0.0,1.0,2.0,0.0,2.0,18720.0,0.5,2005,,,0.0,0.0
26.0,0.0,1.0,157.0,54.20000076,21.988721960322934,76.0,0.4840764331210191,155.0,102.0,0.0,0.0,0.0,0.0,0.0,0.0,0.0,2.0,8440.0,0.8333333333333334,2005,,,0.0,0.0
41.0,0.0,4.0,164.1000061,55.5,20.60989545169565,74.5,0.45399145174072,123.5,80.0,0.0,0.0,0.0,0.0,0.0,0.0,0.0,2.0,18000.0,0.5,2005,2.599999905,0.0,0.0,0.0
61.0,0.0,0.0,152.0,42.40000153,18.35180121623961,72.0,0.47368421052631576,181.0,78.5,0.0,0.0,0.0,1.0,1.0,2.0,0.0,2.0,25920.0,1.0,2005,1.899999976,0.0,0.0,0.0
47.0,0.0,10.0,171.1000061,58.59999847,20.016933880790305,75.0,0.43834013633036334,122.5,84.5,0.0,0.0,0.0,0.0,0.0,0.0,3.0,2.0,19360.0,0.5,2005,1.899999976,1.0,0.0,0.0
63.0,1.0,5.0,174.3000031,106.5,35.055391210511765,120.0,0.6884681461029761,155.5,85.5,1.0,1.0,0.0,0.0,1.0,0.5,0.0,2.0,6480.0,2.0,2005,2.799999952,0.0,1.0,1.0
50.0,1.0,3.0,162.6999969,67.69999695,25.57487735952428,82.0,0.503995092577657,128.5,77.5,0.0,0.0,0.0,0.0,1.0,10.0,0.0,2.0,18720.0,9.0,2005,1.899999976,1.0,0.0,0.0
48.0,1.0,3.0,164.0,44.79999924,16.656751650803095,65.59999847,0.3999999906707317,149.5,103.0,0.0,0.0,1.0,0.0,1.0,2.0,0.0,2.0,7800.0,0.25,2005,3.200000048,1.0,0.0,0.0
35.0,0.0,4.0,154.1999969,65.80000305,27.67305994020231,85.0,0.5512321770999984,153.5,96.5,0.0,0.0,0.0,0.0,1.0,0.5,0.8571428571428571,0.8571428571428571,12600.0,2.0,2005,3.299999952,1.0,0.0,0.0
51.0,0.0,2.0,156.1000061,79.69999695,32.70788519532798,101.5,0.6502241898374916,166.0,98.0,0.0,0.0,0.0,0.0,1.0,0.5,0.2857142857142857,1.1428571428571428,12600.0,2.5,2005,,,0.0,0.0
43.0,0.0,0.0,,,,,,,,,0.0,0.0,0.0,1.0,24.0,0.0,3.0,25200.0,1.0,2005,,,0.0,0.0
49.0,1.0,4.0,177.1000061,63.79999924,20.341525584243165,74.19999695,0.41897230036289645,145.0,83.0,1.0,1.0,1.0,0.0,1.0,0.5,0.0,0.2857142857142857,6240.0,2.0,2005,3.0,1.0,0.0,0.0
45.0,0.0,0.0,153.8999939,58.70000076,24.783400870535534,74.90000153,0.4866796913498773,162.5,101.0,0.0,0.0,0.0,0.0,1.0,0.5,0.0,2.0,11280.0,,2005,2.400000095,1.0,0.0,0.0
25.0,1.0,5.0,166.1000061,58.09999847,21.058955367903284,71.80000305,0.43226971952531434,137.0,90.5,0.0,0.0,1.0,0.0,1.0,10.0,2.0,0.5714285714285714,14832.0,3.0,2005,1.600000024,1.0,0.0,0.0
26.0,1.0,3.0,171.5,55.09999847,18.73369037390883,,,,,,0.0,1.0,0.0,1.0,2.0,0.42857142857142855,0.5714285714285714,15600.0,1.0,2005,3.0,1.0,0.0,0.0
40.0,1.0,5.0,175.8000031,68.80000305,22.261309140857893,85.0,0.48350397327154543,116.0,73.5,0.0,0.0,1.0,0.0,1.0,2.0,0.0,2.0,12400.0,2.0,2005,2.900000095,1.0,0.0,0.0
31.0,0.0,4.0,156.5,60.20000076,24.579203935938924,82.30000305,0.5258786137380191,147.0,85.0,0.0,0.0,0.0,0.0,1.0,0.5,1.0,0.2857142857142857,21420.0,2.0,2005,2.299999952,0.0,0.0,0.0
25.0,0.0,0.0,155.0,54.09999847,22.518209560874087,75.59999847,0.48774192561290325,134.0,91.5,0.0,0.0,0.0,0.0,0.0,0.0,0.0,1.4285714285714286,32640.0,4.0,2005,3.299999952,0.0,0.0,0.0
46.0,1.0,3.0,167.3000031,57.0,20.364931689095034,174.0,1.0400477990188393,176.0,105.0,0.0,0.0,1.0,0.0,1.0,2.0,0.0,0.42857142857142855,27840.0,4.0,2005,3.5,0.0,0.0,0.0
52.0,0.0,0.0,157.6000061,60.90000153,24.51911799440048,78.0,0.4949238387117042,184.0,94.5,0.0,0.0,0.0,0.0,1.0,0.5,1.0,1.0,30240.0,2.0,2005,2.5,0.0,0.0,0.0
46.0,0.0,0.0,160.8999939,56.29999924,21.74684873845605,78.40000153,0.48725919516644556,135.5,76.5,,0.0,0.0,0.0,1.0,2.0,0.42857142857142855,2.0,16320.0,0.5,2005,3.099999905,1.0,1.0,1.0
41.0,1.0,6.0,166.6999969,51.09999847,18.388643940272495,71.5,0.42891422513277805,153.5,98.0,0.0,0.0,1.0,0.0,1.0,2.0,0.14285714285714285,7.142857142857143,23520.0,2.0,2005,2.599999905,0.0,0.0,0.0
27.0,0.0,3.0,157.0,58.90000153,23.895493338472146,69.0,0.4394904458598726,120.5,82.0,0.0,0.0,0.0,0.0,0.0,0.0,0.42857142857142855,0.5714285714285714,18600.0,2.0,2005,2.599999905,1.0,0.0,0.0
36.0,1.0,12.0,159.1999969,51.20000076,20.20151114948563,72.09999847,0.45288944644445533,133.5,84.0,0.0,0.0,0.0,0.0,0.0,0.0,0.0,1.0,28680.0,2.0,2005,3.0,1.0,0.0,0.0
45.0,0.0,2.0,159.5,43.79999924,17.216811642967343,71.0,0.445141065830721,109.0,73.5,0.0,0.0,0.0,0.0,1.0,0.5,2.0,2.0,4200.0,4.0,2005,2.5,1.0,0.0,0.0
48.0,1.0,4.0,166.6999969,58.59999847,21.08756436456588,77.40000153,0.4643071563848361,134.0,80.0,0.0,0.0,1.0,0.0,1.0,10.0,0.5714285714285714,0.8571428571428571,21360.0,1.5,2005,3.0,0.0,0.0,0.0
43.0,1.0,5.0,172.8000031,56.09999847,18.78777530527722,72.0,0.41666665919174395,161.5,99.0,0.0,0.0,0.0,0.0,1.0,2.0,0.14285714285714285,1.7142857142857142,18480.0,2.0,2005,2.5,0.0,0.0,0.0
55.0,1.0,8.0,174.0,57.29999924,18.92588163561897,72.40000153,0.41609196281609195,119.5,75.5,0.0,0.0,1.0,0.0,1.0,2.0,1.0,0.8571428571428571,8940.0,2.0,2005,2.5,1.0,0.0,0.0
42.0,0.0,6.0,161.3999939,54.09999847,20.76778719020811,67.5,0.4182156291890665,178.0,106.0,0.0,0.0,0.0,0.0,1.0,0.5,2.0,2.0,16800.0,2.0,2005,2.400000095,1.0,0.0,0.0
43.0,0.0,5.0,159.8999939,66.19999695,25.891730330560286,92.0,0.5753596216991476,198.5,111.5,0.0,1.0,0.0,0.0,1.0,0.5,2.0,1.1428571428571428,24360.0,2.0,2005,3.400000095,0.0,0.0,0.0
48.0,1.0,2.0,164.5,59.79999924,22.098834726212804,76.5,0.46504559270516715,163.0,99.5,0.0,0.0,1.0,0.0,1.0,0.5,0.14285714285714285,2.0,23760.0,1.0,2005,4.0,0.0,0.0,0.0
51.0,1.0,4.0,,,,,,,,,0.0,0.0,0.0,1.0,0.5,1.2857142857142858,0.5714285714285714,16560.0,2.0,2005,,,0.0,0.0
47.0,0.0,0.0,154.0,51.90000153,21.883960840782592,74.19999695,0.481818162012987,121.5,70.0,0.0,0.0,0.0,0.0,1.0,2.0,0.42857142857142855,1.1428571428571428,15840.0,2.0,2005,,,0.0,0.0
53.0,0.0,0.0,152.0,50.20000076,21.727839664127423,69.69999695,0.4585526115131579,99.0,64.5,0.0,0.0,0.0,0.0,1.0,0.5,2.0,0.8571428571428571,19080.0,2.0,2005,3.299999952,1.0,0.0,0.0
47.0,1.0,4.0,162.0,69.5,26.482243560432856,88.69999695,0.5475308453703703,145.5,95.0,0.0,0.0,0.0,0.0,1.0,24.0,1.1428571428571428,2.0,7920.0,0.5,2005,1.200000048,1.0,0.0,0.0
28.0,0.0,2.0,160.0,66.30000305,25.898438691406245,77.59999847,0.48499999043750003,131.0,83.5,0.0,0.0,0.0,0.0,1.0,0.5,0.8571428571428571,1.1428571428571428,18000.0,1.0,2005,3.299999952,1.0,0.0,0.0
45.0,0.0,4.0,164.0,72.80000305,27.067223025728737,94.0,0.573170731707317,122.0,85.5,0.0,0.0,0.0,0.0,1.0,0.5,0.5714285714285714,1.7142857142857142,9360.0,2.0,2005,2.799999952,1.0,0.0,0.0
25.0,1.0,0.0,170.5,67.69999695,23.28841236315477,75.0,0.4398826979472141,137.5,69.5,0.0,0.0,1.0,0.0,0.0,0.0,0.8571428571428571,0.42857142857142855,21000.0,4.0,2005,3.200000048,1.0,0.0,0.0
34.0,1.0,0.0,173.6000061,65.0,21.56819912560122,75.5,0.4349078188194833,149.0,92.0,0.0,0.0,1.0,0.0,1.0,24.0,2.857142857142857,0.5714285714285714,15840.0,0.6666666666666666,2005,3.0,1.0,0.0,0.0
35.0,0.0,0.0,158.3999939,51.59999847,20.565504494217166,78.0,0.49242426138755047,130.0,84.0,0.0,0.0,0.0,0.0,0.0,0.0,1.1428571428571428,1.4285714285714286,480.0,1.0,2005,4.199999809,1.0,0.0,0.0
28.0,1.0,11.0,189.3000031,80.0,22.324860038421214,79.0,0.4173269873549199,155.5,103.5,0.0,0.0,0.0,0.0,1.0,0.5,0.0,0.2857142857142857,8480.0,1.5,2005,2.799999952,1.0,0.0,0.0
61.0,1.0,0.0,167.1999969,62.5,22.356689091647326,82.5,0.49342106177993594,145.5,86.5,0.0,0.0,1.0,0.0,1.0,10.0,1.4285714285714286,2.0,15840.0,2.0,2005,4.099999905,1.0,0.0,0.0
43.0,0.0,0.0,160.3000031,48.59999847,18.91338199324279,71.30000305,0.44479102726854536,127.5,84.0,,0.0,0.0,1.0,1.0,24.0,1.4285714285714286,0.2857142857142857,13560.0,1.0,2005,2.200000048,1.0,0.0,0.0
38.0,0.0,3.0,150.3999939,40.0,17.683342312645465,62.20000076,0.4135638516139594,125.5,80.5,0.0,0.0,0.0,0.0,0.0,0.0,0.8571428571428571,0.2857142857142857,12080.0,2.0,2005,1.100000024,1.0,0.0,0.0
43.0,1.0,5.0,164.1999969,53.09999847,19.694647831138578,76.0,0.4628501914423605,160.5,86.0,0.0,0.0,1.0,0.0,1.0,10.0,1.4285714285714286,2.0,15120.0,1.0,2005,2.299999952,1.0,0.0,0.0
31.0,0.0,0.0,159.6000061,59.0,23.1625411782806,66.30000305,0.4154135370675277,132.5,89.0,0.0,0.0,0.0,0.0,0.0,0.0,0.2857142857142857,0.8571428571428571,18720.0,1.5,2005,3.5,0.0,0.0,0.0
36.0,0.0,0.0,148.5,67.30000305,30.51842920790395,75.5,0.5084175084175084,141.0,93.0,0.0,0.0,0.0,0.0,1.0,10.0,0.5714285714285714,1.7142857142857142,15360.0,2.0,2005,3.200000048,0.0,0.0,0.0
39.0,1.0,2.0,177.1999969,62.09999847,19.77717104380121,74.40000153,0.41986457579898523,163.5,95.5,0.0,0.0,0.0,0.0,1.0,10.0,0.2857142857142857,1.7142857142857142,21120.0,1.0,2005,1.299999952,1.0,0.0,0.0
49.0,0.0,0.0,156.1999969,41.40000153,16.96829927375601,70.09999847,0.44878360986702426,119.5,80.0,0.0,0.0,0.0,0.0,1.0,10.0,0.14285714285714285,1.7142857142857142,19600.0,2.0,2005,3.299999952,0.0,0.0,0.0
40.0,0.0,2.0,140.6000061,47.29999924,23.927121488951485,79.30000305,0.5640113770236885,110.5,68.5,0.0,0.0,0.0,1.0,1.0,0.5,0.2857142857142857,1.7142857142857142,12720.0,2.0,2005,1.799999952,1.0,0.0,0.0
29.0,1.0,9.0,,,,,,,,,0.0,0.0,0.0,0.0,0.0,1.2857142857142858,0.5714285714285714,18720.0,1.0,2005,,,0.0,0.0
35.0,1.0,4.0,171.6000061,64.5,21.904085032117813,81.0,0.4720279552484235,133.5,92.0,0.0,0.0,0.0,0.0,1.0,0.5,0.8571428571428571,0.5714285714285714,13120.0,1.0,2005,2.700000048,0.0,0.0,0.0
39.0,1.0,5.0,160.3000031,52.79999924,20.5478721462406,70.5,0.439800365793006,133.5,86.5,0.0,0.0,0.0,0.0,1.0,0.5,3.0,0.2857142857142857,31360.0,2.0,2005,2.599999905,1.0,0.0,0.0
44.0,0.0,0.0,153.6000061,74.90000153,31.746756481980935,92.59999847,0.6028645494305095,148.5,92.0,0.0,0.0,0.0,1.0,0.0,0.0,0.0,1.1428571428571428,17220.0,4.0,2005,3.900000095,0.0,0.0,0.0
36.0,0.0,1.0,137.1999969,68.0,36.12440557977884,81.19999695,0.591836725835961,134.0,72.5,0.0,0.0,0.0,0.0,1.0,2.0,3.0,2.0,31800.0,2.0,2005,4.800000191,0.0,0.0,0.0
42.0,0.0,0.0,163.5,70.30000305,26.2978249305614,85.30000305,0.5217125568807339,107.0,76.5,0.0,0.0,0.0,0.0,1.0,0.5,3.0,1.4285714285714286,16560.0,1.5,2005,2.900000095,0.0,0.0,0.0
37.0,1.0,2.0,170.6000061,62.5,21.474444217457755,76.0,0.4454865022422763,139.0,82.0,0.0,0.0,0.0,0.0,0.0,0.0,2.0,2.0,21360.0,2.0,2005,3.200000048,0.0,0.0,0.0
51.0,0.0,0.0,152.5,68.30000305,29.36845065305026,71.19999695,0.46688522590163933,133.0,81.5,0.0,0.0,0.0,1.0,1.0,2.0,5.0,2.0,26520.0,2.0,2005,3.400000095,0.0,0.0,0.0
35.0,0.0,0.0,152.1999969,57.40000153,24.77893387920628,71.19999695,0.46780550854268776,100.0,55.0,0.0,0.0,0.0,0.0,1.0,2.0,1.0,2.0,27720.0,1.0,2005,4.300000191,0.0,0.0,0.0
30.0,1.0,3.0,178.6999969,48.59999847,15.219036746513774,63.09999847,0.35310576141369815,137.5,81.0,0.0,0.0,0.0,0.0,0.0,0.0,2.0,2.0,17440.0,2.0,2005,4.599999905,0.0,0.0,0.0
41.0,1.0,1.0,169.5,53.09999847,18.48226119508184,71.09999847,0.4194690175221239,141.0,85.0,0.0,0.0,0.0,0.0,1.0,0.5,2.0,2.0,34680.0,1.0,2005,2.700000048,0.0,0.0,0.0
37.0,0.0,2.0,153.1999969,49.5,21.09053933971862,72.69999695,0.47454307063370443,140.5,90.0,0.0,0.0,0.0,1.0,1.0,2.0,4.0,2.0,18160.0,1.0,2005,2.5,0.0,0.0,0.0
40.0,0.0,7.0,163.5,46.70000076,17.469536144544513,69.0,0.42201834862385323,115.0,81.0,0.0,0.0,0.0,0.0,0.0,0.0,1.0,0.42857142857142855,1920.0,12.0,2005,3.200000048,1.0,0.0,0.0
47.0,1.0,17.0,176.1999969,73.0,23.51316368919336,89.59999847,0.5085130536117507,144.0,100.0,1.0,1.0,0.0,0.0,1.0,0.5,1.7142857142857142,0.2857142857142857,2880.0,12.0,2005,5.099999905,1.0,0.0,0.0
29.0,1.0,20.0,169.5,49.0,17.05519443791822,70.0,0.41297935103244837,109.0,73.5,0.0,0.0,0.0,0.0,1.0,10.0,0.14285714285714285,0.5714285714285714,11040.0,8.0,2005,3.5,1.0,0.0,0.0
45.0,0.0,9.0,153.8000031,74.30000305,31.410593552335804,92.0,0.598179441779218,128.5,87.5,0.0,1.0,0.0,0.0,1.0,0.5,0.2857142857142857,0.2857142857142857,12240.0,,2005,3.200000048,1.0,0.0,0.0
24.0,0.0,14.0,169.1000061,61.20000076,21.402483997839003,74.0,0.4376108653493419,109.5,82.0,0.0,0.0,0.0,0.0,0.0,0.0,1.1428571428571428,0.42857142857142855,5760.0,8.0,2005,4.5,1.0,0.0,0.0
26.0,0.0,16.0,165.6000061,58.79999924,21.441572042272075,68.19999695,0.41183571520411916,120.0,61.5,0.0,0.0,0.0,0.0,0.0,0.0,0.2857142857142857,2.0,5880.0,6.0,2005,1.799999952,1.0,0.0,0.0
39.0,0.0,14.0,164.8999939,94.69999695,34.82640818251649,98.0,0.5942995974847032,135.0,83.0,0.0,0.0,0.0,0.0,0.0,0.0,4.0,1.0,5040.0,5.0,2005,3.400000095,1.0,0.0,0.0
25.0,1.0,11.0,171.3999939,62.29999924,21.206375008483427,75.0,0.43757294439436967,119.5,65.0,0.0,0.0,1.0,0.0,1.0,2.0,0.8571428571428571,0.8571428571428571,17040.0,3.5,2005,4.099999905,1.0,0.0,0.0
25.0,1.0,14.0,167.0,54.59999847,19.577610695973323,69.5,0.4161676646706587,117.5,71.5,0.0,0.0,0.0,0.0,1.0,2.0,1.7142857142857142,0.5714285714285714,8400.0,10.0,2005,5.599999905,1.0,0.0,0.0
52.0,0.0,7.0,165.1999969,86.90000153,31.84195427927272,105.0999985,0.6361985500739438,117.5,80.5,0.0,0.0,1.0,0.0,1.0,0.5,0.2857142857142857,2.0,7200.0,6.0,2005,12.0,1.0,1.0,1.0
28.0,0.0,14.0,168.5,76.90000153,27.08485644145849,88.19999695,0.5234421183976261,120.0,75.0,0.0,0.0,0.0,0.0,0.0,0.0,1.1428571428571428,1.1428571428571428,3360.0,12.0,2005,4.5,1.0,0.0,0.0
49.0,0.0,9.0,163.3999939,90.09999847,33.7458764103876,109.0,0.6670746883057258,142.5,78.0,0.0,1.0,1.0,0.0,0.0,0.0,3.0,1.1428571428571428,8520.0,10.0,2005,7.099999905,1.0,0.0,1.0
25.0,1.0,16.0,180.0,58.0,17.901234567901234,69.19999695,0.3844444275,130.0,68.0,0.0,0.0,0.0,0.0,0.0,0.0,0.8571428571428571,1.1428571428571428,2520.0,9.0,2005,5.5,1.0,0.0,0.0
33.0,0.0,9.0,154.3999939,76.0,31.880052990173272,90.0,0.5829015774332877,115.0,64.0,0.0,0.0,0.0,0.0,0.0,0.0,2.5714285714285716,0.8571428571428571,2520.0,10.0,2005,5.199999809,1.0,0.0,0.0
26.0,0.0,18.0,162.1999969,64.30000305,24.44045632868269,67.90000153,0.41861900633612154,121.5,48.0,0.0,0.0,0.0,0.0,0.0,0.0,1.0,0.42857142857142855,7680.0,6.0,2005,2.799999952,1.0,0.0,0.0
42.0,1.0,17.0,164.5,79.30000305,29.304977984312785,96.0,0.5835866261398176,137.0,82.0,0.0,1.0,0.0,0.0,1.0,2.0,0.2857142857142857,2.0,18240.0,5.0,2005,3.5,1.0,0.0,0.0
35.0,1.0,15.0,170.3000031,71.40000153,24.618915026671257,85.0,0.4991191923237258,130.0,86.5,0.0,0.0,0.0,0.0,1.0,10.0,2.0,0.8571428571428571,19800.0,7.0,2005,3.400000095,1.0,0.0,0.0
30.0,0.0,15.0,,,,,,,,,0.0,0.0,0.0,1.0,0.5,2.0,2.0,4560.0,8.0,2005,,,0.0,0.0
30.0,1.0,13.0,164.0,68.0,25.282569898869724,102.0999985,0.6225609664634146,126.5,85.0,0.0,0.0,0.0,0.0,1.0,2.0,3.0,1.1428571428571428,17760.0,4.0,2005,5.400000095,0.0,0.0,0.0
27.0,0.0,18.0,,,,,,,,,0.0,0.0,0.0,1.0,0.5,0.8571428571428571,1.7142857142857142,17340.0,5.0,2005,,,0.0,0.0
59.0,1.0,10.0,166.0,90.0,32.660763536072004,111.0,0.6686746987951807,148.0,89.5,0.0,0.0,0.0,0.0,1.0,10.0,2.0,1.0,11520.0,4.0,2005,3.599999905,0.0,0.0,0.0
46.0,0.0,19.0,162.3999939,58.0,21.991556894861827,74.0,0.4556650417460391,102.0,66.0,0.0,0.0,0.0,0.0,1.0,10.0,2.0,1.0,16800.0,11.0,2005,3.799999952,1.0,0.0,0.0
29.0,1.0,17.0,175.6000061,62.09999847,20.139214899886248,70.0,0.3986332435554511,115.0,75.0,0.0,0.0,0.0,0.0,0.0,0.0,0.5714285714285714,0.8571428571428571,17520.0,8.0,2005,7.400000095,0.0,0.0,0.0
25.0,0.0,18.0,161.5,52.70000076,20.205312333100096,66.0,0.4086687306501548,100.5,65.0,0.0,0.0,0.0,0.0,0.0,0.0,0.42857142857142855,1.1428571428571428,7200.0,8.0,2005,4.900000095,1.0,0.0,0.0
50.0,1.0,17.0,176.0,85.0,27.44059917355372,95.0,0.5397727272727273,236.5,132.0,0.0,1.0,1.0,0.0,1.0,2.0,3.4285714285714284,2.0,12480.0,6.0,2005,3.5,1.0,0.0,0.0
41.0,0.0,9.0,159.1000061,75.5,29.826792920485612,103.4000015,0.6499057041833766,162.0,111.0,0.0,0.0,0.0,0.0,1.0,2.0,1.7142857142857142,2.0,11760.0,5.0,2005,3.900000095,1.0,0.0,0.0
64.0,0.0,4.0,166.0,70.80000305,25.69313508854696,96.19999695,0.5795180539156627,129.5,85.5,0.0,1.0,0.0,0.0,0.0,0.0,2.142857142857143,2.0,9840.0,6.0,2005,7.0,1.0,1.0,1.0
27.0,1.0,8.0,163.1999969,60.20000076,22.60248576531934,70.40000153,0.43137256658857204,119.5,83.5,0.0,0.0,1.0,0.0,1.0,0.5,1.0,2.0,12960.0,4.0,2005,3.599999905,1.0,0.0,0.0
48.0,0.0,9.0,169.0,65.80000305,23.038410087181823,91.0,0.5384615384615384,134.5,90.5,0.0,0.0,0.0,0.0,0.0,0.0,6.0,2.0,17520.0,3.0,2005,1.799999952,1.0,0.0,0.0
40.0,0.0,8.0,180.1000061,86.5,26.667889836165976,99.09999847,0.5502498340559467,152.5,103.0,1.0,1.0,1.0,0.0,0.0,0.0,0.2857142857142857,1.7142857142857142,10920.0,7.0,2005,4.5,1.0,1.0,1.0
43.0,0.0,18.0,164.3000031,79.30000305,29.376365346241826,93.40000153,0.5684723053422754,147.0,107.5,0.0,0.0,0.0,0.0,1.0,2.0,0.8571428571428571,0.8571428571428571,8880.0,6.0,2005,3.299999952,1.0,1.0,1.0
43.0,0.0,8.0,168.6999969,98.59999847,34.64549406325606,81.5,0.4831061143902131,160.5,110.0,1.0,1.0,0.0,0.0,1.0,0.5,2.0,0.2857142857142857,8880.0,3.5,2005,4.099999905,1.0,0.0,0.0
49.0,1.0,14.0,171.1000061,64.59999847,22.066449348716937,87.5,0.5113968257187572,131.0,88.0,0.0,0.0,0.0,0.0,1.0,0.5,2.0,2.0,4080.0,4.0,2005,3.599999905,1.0,0.0,0.0
30.0,1.0,14.0,181.8000031,103.0999985,31.193986968095157,102.3000031,0.5627062780836664,129.5,80.5,0.0,0.0,0.0,0.0,1.0,10.0,0.42857142857142855,0.5714285714285714,1580.0,9.0,2005,4.599999905,1.0,0.0,0.0
39.0,0.0,13.0,183.1999969,74.0,22.04858868310544,98.59999847,0.5382096077426298,109.5,68.5,0.0,0.0,1.0,0.0,0.0,0.0,2.0,0.5714285714285714,5600.0,8.0,2005,5.400000095,1.0,0.0,0.0
36.0,0.0,7.0,158.5,75.0,29.854013872165112,90.0,0.5678233438485805,125.0,85.0,1.0,1.0,0.0,0.0,1.0,24.0,1.0,0.8571428571428571,19440.0,8.0,2005,4.0,1.0,0.0,0.0
41.0,0.0,12.0,167.5,69.0,24.593450657161952,77.0,0.4597014925373134,123.5,73.0,0.0,0.0,0.0,0.0,1.0,10.0,3.0,0.8571428571428571,19920.0,7.0,2005,3.400000095,1.0,0.0,0.0
30.0,0.0,7.0,166.1000061,51.40000153,18.630471026420842,71.0,0.42745332566246064,124.5,81.5,0.0,0.0,0.0,0.0,0.0,0.0,0.14285714285714285,0.8571428571428571,23520.0,6.0,2005,3.200000048,1.0,0.0,0.0
53.0,1.0,5.0,170.6000061,56.20000076,19.309820501467257,74.0,0.4337631732359006,139.5,90.0,0.0,0.0,0.0,0.0,1.0,24.0,0.5714285714285714,0.2857142857142857,8400.0,9.0,2005,3.099999905,1.0,0.0,0.0
50.0,0.0,2.0,160.3000031,73.0,28.408990308075694,89.0,0.5552089724195395,119.5,73.0,0.0,0.0,0.0,0.0,1.0,2.0,0.8571428571428571,1.1428571428571428,13800.0,5.0,2005,3.299999952,1.0,0.0,0.0
50.0,0.0,6.0,170.3999939,62.5,21.52488637435718,77.19999695,0.4530516415118252,110.5,82.0,0.0,1.0,0.0,0.0,0.0,0.0,0.14285714285714285,2.0,24360.0,8.0,2005,,,0.0,0.0
32.0,0.0,8.0,162.6999969,58.20000076,21.986084916082408,82.40000153,0.506453614628188,119.5,80.0,0.0,0.0,0.0,0.0,0.0,0.0,0.14285714285714285,2.0,6480.0,8.0,2005,,,0.0,0.0
52.0,0.0,0.0,152.8999939,74.09999847,31.695912759889175,93.0,0.6082407044491059,152.0,104.0,0.0,0.0,0.0,0.0,0.0,0.0,0.7142857142857143,2.0,9360.0,7.0,2005,2.799999952,1.0,0.0,0.0
43.0,0.0,7.0,153.5,57.5,24.40344194633365,79.0,0.5146579804560261,116.5,62.5,0.0,0.0,0.0,0.0,0.0,0.0,0.5714285714285714,0.8571428571428571,12000.0,6.0,2005,3.799999952,1.0,0.0,0.0
47.0,1.0,6.0,164.5,65.40000153,24.16829169353572,82.0,0.49848024316109424,137.5,73.0,0.0,0.0,0.0,0.0,1.0,2.0,0.2857142857142857,1.7142857142857142,18240.0,10.0,2005,4.699999809,1.0,0.0,0.0
26.0,0.0,9.0,162.0,57.09999847,21.75735347889041,64.0,0.3950617283950617,113.0,72.5,0.0,0.0,0.0,0.0,1.0,0.5,0.42857142857142855,0.7142857142857143,14400.0,9.0,2005,4.099999905,1.0,0.0,0.0
33.0,1.0,3.0,179.0,65.0,20.286507911738084,75.0,0.41899441340782123,119.5,61.0,0.0,0.0,1.0,0.0,0.0,0.0,0.2857142857142857,0.7142857142857143,15360.0,8.5,2005,3.799999952,1.0,0.0,0.0
62.0,0.0,0.0,159.5,60.70000076,23.859828720236635,80.0,0.5015673981191222,122.0,79.0,0.0,0.0,0.0,1.0,1.0,2.0,0.14285714285714285,1.7142857142857142,2400.0,10.0,2005,3.099999905,1.0,0.0,0.0
28.0,0.0,8.0,162.8000031,57.20000076,21.58177780337553,72.0,0.44226043383902125,122.0,71.0,0.0,0.0,0.0,0.0,1.0,0.5,0.14285714285714285,1.7142857142857142,14400.0,2.0,2005,6.400000095,1.0,0.0,1.0
29.0,1.0,11.0,160.1000061,62.0,24.18850307699362,80.09999847,0.5003122761904755,109.0,69.0,0.0,0.0,0.0,0.0,1.0,0.5,0.14285714285714285,1.7142857142857142,3600.0,10.0,2005,4.300000191,1.0,0.0,0.0
43.0,0.0,2.0,153.6000061,75.40000153,31.958684091016195,91.30000305,0.5944010379176671,117.0,84.0,0.0,0.0,0.0,0.0,0.0,0.0,0.7142857142857143,0.7142857142857143,19920.0,8.0,2005,3.400000095,1.0,0.0,0.0
59.0,1.0,4.0,162.3000031,68.19999695,25.890909042306344,69.19999695,0.4263708911167606,135.5,81.0,0.0,1.0,0.0,0.0,1.0,0.5,2.5714285714285716,0.7142857142857143,21120.0,8.0,2005,,,0.0,0.0
43.0,0.0,0.0,170.0,65.0,22.49134948096886,51.0,0.3,136.0,87.5,0.0,0.0,0.0,0.0,0.0,0.0,0.0,2.0,29280.0,10.0,2005,3.599999905,1.0,0.0,0.0
39.0,1.0,5.0,173.3999939,66.09999847,21.983826795601143,82.0,0.47289505700495876,135.0,74.0,0.0,1.0,0.0,0.0,0.0,0.0,0.14285714285714285,0.7142857142857143,6720.0,10.0,2005,3.299999952,1.0,0.0,0.0
54.0,0.0,0.0,155.5,46.5,19.23057040353181,72.0,0.4630225080385852,162.0,84.0,0.0,0.0,0.0,1.0,0.0,0.0,0.2857142857142857,1.4285714285714286,920.0,12.0,2005,4.199999809,1.0,0.0,0.0
25.0,0.0,14.0,153.5,55.29999924,23.46974471453278,75.0,0.48859934853420195,114.5,70.5,0.0,0.0,0.0,0.0,0.0,0.0,2.142857142857143,0.8571428571428571,8640.0,5.0,2005,3.299999952,1.0,0.0,0.0
26.0,1.0,19.0,175.0,64.0,20.897959183673468,73.0,0.41714285714285715,132.0,80.0,0.0,0.0,0.0,0.0,0.0,0.0,5.0,0.2857142857142857,6480.0,8.0,2005,4.699999809,1.0,0.0,0.0
29.0,0.0,,154.0,48.0,20.23950075898128,69.0,0.44805194805194803,99.5,66.5,0.0,0.0,0.0,0.0,1.0,10.0,1.7142857142857142,0.8571428571428571,10800.0,8.0,2005,3.299999952,1.0,0.0,0.0
64.0,1.0,4.0,155.8999939,56.09999847,23.081852053203466,80.5,0.5163566590748917,199.0,99.5,0.0,0.0,0.0,0.0,0.0,0.0,1.4285714285714286,1.4285714285714286,1680.0,10.0,2005,2.799999952,1.0,0.0,0.0
30.0,0.0,13.0,167.0,67.5,24.203090824339345,78.0,0.46706586826347307,120.0,77.5,0.0,0.0,0.0,0.0,0.0,0.0,3.0,0.8571428571428571,10800.0,7.0,2005,2.799999952,1.0,0.0,0.0
29.0,1.0,12.0,173.5,66.40000153,22.058152307551758,78.0,0.4495677233429395,133.0,79.5,0.0,0.0,0.0,0.0,0.0,0.0,0.5714285714285714,0.8571428571428571,13680.0,6.0,2005,4.199999809,1.0,0.0,0.0
32.0,0.0,5.0,156.6999969,81.0,32.987320735238534,99.5,0.6349712952674602,102.0,72.5,0.0,0.0,0.0,0.0,1.0,0.5,0.5714285714285714,1.7142857142857142,15840.0,8.0,2005,3.200000048,1.0,0.0,0.0
37.0,1.0,5.0,183.3999939,76.80000305,22.83298038113045,86.0,0.4689204081811041,145.0,94.5,0.0,0.0,0.0,0.0,1.0,2.0,0.8571428571428571,1.7142857142857142,15960.0,6.0,2005,4.900000095,1.0,0.0,0.0
27.0,1.0,8.0,156.1000061,78.19999695,32.0923038945687,90.0,0.5765534688214211,107.5,80.0,0.0,0.0,0.0,0.0,1.0,0.5,3.0,0.5714285714285714,3840.0,6.0,2005,2.799999952,1.0,0.0,0.0
64.0,0.0,6.0,157.1999969,67.80000305,27.43624340560881,84.0,0.5343511555756271,208.5,102.5,,0.0,0.0,0.0,1.0,0.5,0.8571428571428571,0.8571428571428571,20400.0,5.0,2005,3.5,1.0,0.0,0.0
32.0,1.0,14.0,160.0,72.0,28.124999999999993,87.0,0.54375,123.5,79.0,0.0,0.0,0.0,0.0,1.0,2.0,0.5714285714285714,0.8571428571428571,16200.0,2.75,2005,3.799999952,1.0,0.0,0.0
35.0,1.0,8.0,167.1999969,56.5,20.21044693884918,67.30000305,0.4025119874269567,122.5,89.5,,0.0,1.0,0.0,1.0,2.0,0.5714285714285714,0.8571428571428571,7140.0,4.0,2005,3.5,,0.0,0.0
57.0,0.0,8.0,161.0,98.09999847,37.84576153311986,99.69999695,0.6192546394409938,141.0,95.0,0.0,1.0,0.0,0.0,0.0,0.0,1.1428571428571428,0.42857142857142855,20160.0,2.0,2005,3.5,1.0,0.0,0.0
25.0,1.0,11.0,173.6000061,63.40000153,21.03729011634557,71.19999695,0.4101382168672631,132.0,80.5,0.0,0.0,0.0,0.0,1.0,2.0,2.0,1.1428571428571428,15000.0,,2005,3.0,1.0,0.0,0.0
24.0,1.0,4.0,158.1999969,60.20000076,24.05379223569684,73.0,0.4614412226957509,129.0,81.0,0.0,0.0,1.0,0.0,1.0,10.0,0.5714285714285714,0.8571428571428571,3600.0,5.0,2005,2.599999905,1.0,0.0,0.0
30.0,0.0,9.0,164.5,57.79999924,21.359743254404524,74.0,0.44984802431610943,129.0,74.5,,0.0,0.0,0.0,1.0,0.5,0.42857142857142855,1.7142857142857142,2800.0,6.0,2005,3.099999905,1.0,0.0,0.0
45.0,0.0,6.0,166.5,96.59999847,34.845655915374834,106.0,0.6366366366366366,116.0,73.5,0.0,0.0,0.0,0.0,0.0,0.0,0.2857142857142857,0.2857142857142857,1440.0,8.0,2005,4.199999809,1.0,0.0,0.0
27.0,0.0,6.0,155.8999939,72.90000153,29.99406588029745,97.0,0.6221937382641552,133.0,82.0,0.0,0.0,0.0,0.0,0.0,0.0,1.2857142857142858,0.8571428571428571,5700.0,5.0,2005,3.5,,0.0,0.0
64.0,1.0,5.0,167.0,74.40000153,26.67718510165298,68.19999695,0.4083832152694611,153.0,108.5,0.0,0.0,0.0,0.0,1.0,2.0,0.2857142857142857,1.4285714285714286,11700.0,4.0,2005,2.900000095,1.0,0.0,0.0
56.0,0.0,0.0,167.1999969,80.30000305,28.72387523595491,94.0,0.5622009673613816,118.0,71.5,0.0,0.0,0.0,0.0,1.0,2.0,0.2857142857142857,1.4285714285714286,16240.0,5.5,2005,4.199999809,1.0,0.0,0.0
47.0,0.0,4.0,155.3000031,85.19999695,35.3261777979034,89.0,0.573084341425876,144.5,90.0,0.0,0.0,0.0,1.0,0.0,0.0,0.2857142857142857,1.4285714285714286,24120.0,4.0,2005,4.099999905,1.0,0.0,0.0
48.0,0.0,12.0,166.3000031,132.3000031,47.838256130144906,138.1000061,0.8304269604670862,132.5,92.0,0.0,0.0,0.0,0.0,0.0,0.0,0.42857142857142855,1.1428571428571428,3360.0,13.0,2005,7.300000191,1.0,0.0,1.0
29.0,0.0,5.0,150.0,62.40000153,27.733334013333334,88.30000305,0.588666687,129.5,89.5,0.0,1.0,0.0,0.0,1.0,0.5,0.2857142857142857,2.0,15840.0,4.0,2005,3.0,1.0,0.0,0.0
39.0,1.0,6.0,161.1999969,55.29999924,21.281148738263855,75.40000153,0.46774195397022367,134.0,80.5,0.0,0.0,0.0,0.0,0.0,0.0,1.7142857142857142,2.0,3360.0,12.0,2005,1.200000048,1.0,0.0,0.0
37.0,0.0,11.0,163.6999969,51.59999847,19.25539120137096,76.80000305,0.4691509132826379,135.0,94.0,0.0,0.0,0.0,0.0,1.0,10.0,2.142857142857143,0.8571428571428571,9600.0,4.0,2005,1.899999976,1.0,0.0,0.0
28.0,1.0,9.0,167.8000031,54.29999924,19.284833537315635,73.59999847,0.43861738444747383,142.0,83.0,0.0,0.0,0.0,0.0,1.0,0.5,0.2857142857142857,0.8571428571428571,22080.0,4.0,2005,2.5,1.0,0.0,0.0
49.0,0.0,0.0,159.3000031,65.0,25.614258500754882,85.59999847,0.5373508901708239,113.0,77.5,0.0,0.0,0.0,0.0,1.0,2.0,0.14285714285714285,0.8571428571428571,18240.0,5.0,2005,3.299999952,1.0,0.0,0.0
32.0,0.0,10.0,164.3999939,87.0,32.189605812852136,95.5,0.5809002648630877,137.5,89.5,0.0,0.0,0.0,0.0,0.0,0.0,0.42857142857142855,0.5714285714285714,14960.0,5.666666666666667,2005,1.5,1.0,0.0,0.0
31.0,1.0,14.0,171.5,81.0,27.53954559749764,94.59999847,0.5516034896209913,141.0,95.0,0.0,0.0,0.0,0.0,1.0,10.0,1.4285714285714286,0.2857142857142857,11400.0,11.166666666666666,2005,2.599999905,1.0,0.0,0.0
49.0,0.0,4.0,156.6999969,82.19999695,33.476020541052826,99.5,0.6349712952674602,151.5,92.5,0.0,0.0,0.0,0.0,0.0,0.0,0.2857142857142857,0.8571428571428571,11280.0,6.0,2005,4.599999905,1.0,0.0,0.0
33.0,0.0,5.0,155.1000061,50.59999847,21.03424237430002,72.5,0.4674403426732038,144.0,105.5,0.0,1.0,0.0,0.0,0.0,0.0,0.2857142857142857,0.8571428571428571,13680.0,6.0,2005,5.300000191,1.0,0.0,0.0
47.0,0.0,9.0,180.1999969,77.19999695,23.77429924518441,95.59999847,0.5305216432553668,164.5,95.5,0.0,1.0,0.0,0.0,1.0,2.0,0.2857142857142857,0.5714285714285714,3360.0,6.0,2005,5.099999905,1.0,0.0,0.0
25.0,0.0,12.0,158.3999939,64.0,25.507603229777743,82.0,0.5176767876125531,100.0,65.5,0.0,0.0,0.0,0.0,0.0,0.0,0.5714285714285714,0.14285714285714285,3600.0,4.583333333333333,2005,3.900000095,1.0,0.0,0.0
25.0,0.0,10.0,157.0,56.59999847,22.962391362732767,81.19999695,0.5171974328025478,119.0,81.0,0.0,0.0,0.0,0.0,1.0,0.5,0.8571428571428571,0.8571428571428571,11760.0,3.5,2005,2.0,1.0,0.0,0.0
60.0,0.0,,177.3999939,69.80000305,22.17932069331212,72.30000305,0.40755358250325174,132.5,89.0,0.0,0.0,0.0,1.0,1.0,0.5,0.5714285714285714,0.8571428571428571,500.0,9.0,2005,2.299999952,1.0,0.0,0.0
28.0,1.0,,166.1999969,60.09999847,21.757672642966227,70.5,0.4241877335438145,153.5,100.0,0.0,0.0,0.0,0.0,0.0,0.0,1.2857142857142858,0.8571428571428571,2520.0,5.0,2005,1.200000048,1.0,0.0,0.0
27.0,0.0,2.0,158.1999969,63.90000153,25.532181748486245,81.69999695,0.5164348833814674,111.5,70.5,0.0,0.0,0.0,0.0,0.0,0.0,0.8571428571428571,1.4285714285714286,9580.0,7.0,2005,2.900000095,1.0,0.0,0.0
39.0,0.0,5.0,160.6999969,71.09999847,27.53200594208205,87.40000153,0.5438705862849957,160.0,111.0,0.0,0.0,0.0,0.0,1.0,0.5,0.5714285714285714,0.8571428571428571,10600.0,4.0,2005,1.799999952,1.0,0.0,0.0
50.0,0.0,3.0,158.6999969,63.5,25.21273091218919,85.40000153,0.5381222633785697,204.5,129.0,1.0,1.0,0.0,0.0,1.0,0.5,0.5714285714285714,1.1428571428571428,6200.0,2.0,2005,5.199999809,1.0,0.0,0.0
42.0,0.0,7.0,166.1999969,103.4000015,37.43333512799034,109.5,0.6588447776318821,157.0,108.0,0.0,0.0,0.0,0.0,1.0,0.5,0.5714285714285714,1.1428571428571428,2040.0,4.5,2005,3.099999905,1.0,0.0,0.0
42.0,0.0,7.0,154.6000061,53.90000153,22.551205580219506,78.09999847,0.505174614414197,121.0,78.5,0.0,0.0,0.0,0.0,0.0,0.0,0.5714285714285714,1.4285714285714286,16920.0,4.0,2005,3.099999905,1.0,0.0,0.0
63.0,1.0,9.0,165.8999939,52.20000076,18.966088345884113,72.09999847,0.43459916287555694,129.5,81.5,0.0,0.0,0.0,0.0,0.0,0.0,0.42857142857142855,0.0,8880.0,1.5,2005,2.5,1.0,0.0,0.0
41.0,1.0,7.0,168.6999969,65.30000305,22.944735325606718,86.80000305,0.5145228491109711,145.0,91.0,0.0,0.0,1.0,0.0,1.0,10.0,0.2857142857142857,1.1428571428571428,3120.0,5.0,2005,4.199999809,1.0,0.0,0.0
29.0,1.0,13.0,173.8999939,60.0,19.840477351705147,77.5,0.44565844001447086,113.0,76.5,0.0,0.0,0.0,0.0,0.0,0.0,0.14285714285714285,0.42857142857142855,11280.0,7.0,2005,2.700000048,1.0,0.0,0.0
35.0,0.0,8.0,162.8999939,51.5,19.40729882337802,77.09999847,0.4732965092517416,149.0,101.0,0.0,0.0,0.0,0.0,0.0,0.0,0.8571428571428571,0.7142857142857143,21600.0,7.0,2005,2.900000095,1.0,0.0,0.0
47.0,0.0,,159.6000061,67.30000305,26.421001558373472,78.5,0.491854617792524,140.0,90.5,0.0,1.0,0.0,0.0,1.0,0.5,0.5714285714285714,0.2857142857142857,17280.0,6.0,2005,2.5,1.0,0.0,0.0
46.0,1.0,3.0,184.8999939,90.69999695,26.5297696281627,104.5,0.5651703810034577,192.0,119.0,0.0,0.0,1.0,0.0,1.0,10.0,0.2857142857142857,1.7142857142857142,19680.0,6.0,2005,4.800000191,1.0,0.0,0.0
49.0,0.0,0.0,170.1000061,82.59999847,28.54771687219317,99.90000153,0.5873015752349229,149.0,102.0,0.0,0.0,0.0,1.0,0.0,0.0,0.42857142857142855,0.8571428571428571,16080.0,7.0,2005,4.0,1.0,0.0,0.0
25.0,0.0,7.0,166.8999939,81.80000305,29.365721673081087,95.40000153,0.5715997903940007,124.0,82.0,0.0,0.0,0.0,0.0,1.0,0.5,0.2857142857142857,0.8571428571428571,9600.0,7.0,2005,2.5,1.0,0.0,0.0
30.0,1.0,7.0,170.1000061,66.90000153,23.12157793951264,82.59999847,0.48559668141011314,117.0,77.0,0.0,0.0,1.0,0.0,1.0,0.5,0.2857142857142857,0.5714285714285714,12960.0,6.0,2005,3.599999905,1.0,0.0,0.0
25.0,1.0,3.0,171.6000061,55.59999847,18.881660376317836,174.1999969,1.0151514609998606,164.0,95.5,0.0,0.0,0.0,0.0,1.0,10.0,0.8571428571428571,0.2857142857142857,22320.0,5.0,2005,3.200000048,1.0,0.0,0.0
51.0,1.0,2.0,163.5,53.5,20.013279839893762,71.19999695,0.4354739874617737,152.0,104.5,0.0,0.0,0.0,0.0,0.0,0.0,0.8571428571428571,0.14285714285714285,5040.0,6.0,2005,3.799999952,1.0,0.0,0.0
50.0,0.0,4.0,165.6000061,86.80000305,31.651845964649894,88.09999847,0.5320048020819488,132.0,85.5,0.0,0.0,0.0,0.0,0.0,0.0,2.857142857142857,2.0,21120.0,6.0,2005,4.599999905,1.0,0.0,0.0
62.0,1.0,4.0,167.8000031,50.29999924,17.8642196288639,65.69999695,0.39153751928625563,179.5,114.5,0.0,1.0,0.0,0.0,1.0,10.0,0.42857142857142855,2.0,7680.0,9.0,2005,3.900000095,1.0,0.0,0.0
51.0,1.0,8.0,157.8999939,68.09999847,27.313847209990854,97.69999695,0.6187460463860094,180.5,106.0,0.0,1.0,0.0,0.0,0.0,0.0,0.8571428571428571,0.2857142857142857,5280.0,3.0,2005,4.0,1.0,0.0,0.0
35.0,0.0,6.0,160.6000061,67.30000305,26.092997281965186,80.90000153,0.5037359804309497,102.0,59.0,0.0,0.0,0.0,0.0,0.0,0.0,0.8571428571428571,0.2857142857142857,8620.0,1.5,2005,2.599999905,1.0,0.0,0.0
33.0,0.0,8.0,157.3999939,60.5,24.420016455992645,81.5,0.5177890924937323,121.5,77.5,0.0,0.0,0.0,0.0,0.0,0.0,3.0,2.0,15840.0,4.0,2005,3.799999952,1.0,0.0,0.0
24.0,0.0,8.0,164.3000031,60.70000076,22.486069738466632,70.0,0.4260499006649136,123.0,78.5,0.0,0.0,0.0,0.0,0.0,0.0,1.4285714285714286,2.0,15120.0,2.6666666666666665,2005,2.200000048,1.0,0.0,0.0
32.0,0.0,4.0,155.6000061,72.0,29.738104077902324,84.09999847,0.5404884008548891,137.0,87.5,0.0,0.0,0.0,0.0,0.0,0.0,0.14285714285714285,2.0,13080.0,6.0,2005,3.700000048,1.0,0.0,0.0
50.0,1.0,3.0,182.3999939,70.59999847,21.220472643069645,81.90000153,0.4490131812992347,128.0,67.0,0.0,1.0,0.0,0.0,0.0,0.0,1.2857142857142858,2.0,16800.0,4.0,2005,2.200000048,1.0,0.0,0.0
39.0,0.0,6.0,159.3999939,71.40000153,28.100989987052774,87.40000153,0.5483061786365602,164.5,93.5,0.0,0.0,0.0,0.0,1.0,10.0,0.8571428571428571,2.0,25200.0,8.0,2005,6.300000191,1.0,0.0,1.0
35.0,1.0,3.0,159.8999939,49.0,19.164574692589227,72.5,0.45340839753465434,126.0,87.0,0.0,0.0,1.0,0.0,1.0,24.0,1.7142857142857142,2.0,6960.0,4.0,2005,4.5,1.0,0.0,0.0
42.0,0.0,6.0,170.1999969,69.0,23.81935488680407,78.59999847,0.46180963514459383,141.5,92.0,1.0,1.0,1.0,0.0,1.0,0.5,1.1428571428571428,2.0,20160.0,6.0,2005,2.700000048,1.0,0.0,0.0
49.0,0.0,6.0,156.6000061,64.30000305,26.21968345569605,82.40000153,0.5261813430414675,189.5,107.0,0.0,1.0,1.0,0.0,1.0,2.0,0.14285714285714285,2.0,10320.0,3.0,2005,3.200000048,1.0,0.0,0.0
33.0,1.0,10.0,185.6000061,78.40000153,22.759362800676705,81.19999695,0.4374999691877704,124.0,89.0,0.0,0.0,0.0,0.0,1.0,10.0,1.7142857142857142,2.0,22560.0,6.0,2005,3.5,1.0,0.0,0.0
50.0,0.0,8.0,161.8999939,56.79999924,21.66978812830388,73.5,0.4539839578091547,160.0,109.0,0.0,0.0,0.0,0.0,1.0,2.0,1.1428571428571428,0.2857142857142857,6000.0,4.0,2005,3.299999952,1.0,0.0,0.0
48.0,1.0,8.0,160.1000061,55.59999847,21.6916247431038,77.90000153,0.4865708842093542,103.5,65.5,0.0,0.0,1.0,0.0,1.0,10.0,2.0,0.14285714285714285,12480.0,6.0,2005,6.400000095,1.0,0.0,1.0
45.0,0.0,9.0,179.8999939,79.30000305,24.50252871253158,96.40000153,0.5358532784808504,139.5,84.5,0.0,0.0,0.0,0.0,0.0,0.0,2.0,0.14285714285714285,12080.0,5.0,2005,5.5,1.0,0.0,0.0
26.0,1.0,7.0,156.6999969,53.20000076,21.665746767716712,74.40000153,0.47479261647643334,169.5,104.5,0.0,0.0,0.0,0.0,0.0,0.0,0.2857142857142857,0.14285714285714285,26640.0,4.0,2005,4.800000191,1.0,0.0,0.0
52.0,0.0,3.0,151.5,67.5,29.40888148220763,86.19999695,0.5689768775577557,190.0,108.0,0.0,1.0,0.0,0.0,0.0,0.0,0.14285714285714285,2.0,15680.0,4.0,2005,3.5,1.0,0.0,0.0
37.0,0.0,3.0,152.3999939,55.29999924,23.809771420570556,74.5,0.4888451639235925,142.0,90.5,0.0,0.0,0.0,0.0,0.0,0.0,0.2857142857142857,2.0,11280.0,6.0,2005,3.099999905,1.0,0.0,0.0
58.0,1.0,4.0,169.8999939,73.09999847,25.323902998401195,87.90000153,0.5173631823773714,134.0,75.5,0.0,0.0,0.0,0.0,1.0,0.5,0.14285714285714285,0.14285714285714285,4680.0,9.0,2005,5.599999905,1.0,0.0,0.0
45.0,0.0,0.0,160.6999969,59.40000153,23.0014237732183,81.30000305,0.5059116653287253,150.0,87.5,0.0,0.0,0.0,0.0,0.0,0.0,0.42857142857142855,2.0,13200.0,6.0,2005,4.099999905,1.0,0.0,0.0
55.0,1.0,2.0,155.6000061,45.79999924,18.9167381134301,70.5,0.4530848151425619,201.0,122.5,0.0,0.0,1.0,0.0,1.0,2.0,0.8571428571428571,2.0,7000.0,3.0,2005,3.299999952,1.0,0.0,0.0
47.0,0.0,0.0,157.1999969,58.09999847,23.5109974657799,77.40000153,0.492366431656081,153.5,105.0,0.0,1.0,0.0,0.0,1.0,0.5,0.5714285714285714,2.0,12720.0,6.0,2005,4.300000191,1.0,0.0,0.0
26.0,0.0,0.0,168.6999969,56.29999924,19.7823663255351,77.5,0.45939538484958914,138.0,97.5,0.0,0.0,0.0,0.0,1.0,10.0,0.2857142857142857,2.0,8160.0,5.0,2005,2.799999952,1.0,0.0,0.0
48.0,0.0,7.0,175.0,70.0,22.857142857142858,88.59999847,0.5062857055428571,129.5,90.0,0.0,0.0,0.0,0.0,0.0,0.0,1.7142857142857142,2.0,25200.0,4.0,2005,4.300000191,1.0,0.0,0.0
30.0,0.0,9.0,164.6999969,58.20000076,21.4553601167336,70.40000153,0.42744385461491163,157.5,98.0,0.0,0.0,0.0,0.0,0.0,0.0,3.0,2.0,13200.0,4.0,2005,2.799999952,1.0,0.0,0.0
42.0,0.0,9.0,179.0,79.0,24.65590961580475,87.0,0.4860335195530726,148.0,78.5,0.0,1.0,0.0,0.0,1.0,0.5,1.1428571428571428,2.0,12960.0,5.0,2005,6.300000191,1.0,0.0,1.0
54.0,0.0,2.0,155.0,74.30000305,30.926119895941724,99.40000153,0.6412903324516129,122.5,104.0,1.0,1.0,0.0,0.0,1.0,2.0,0.8571428571428571,2.0,13440.0,7.0,2005,2.200000048,1.0,0.0,0.0
63.0,1.0,4.0,161.3999939,55.59999847,21.343603856868214,75.40000153,0.4671623567514893,117.5,74.5,1.0,1.0,0.0,0.0,1.0,0.5,0.8571428571428571,2.0,8880.0,8.0,2005,3.400000095,1.0,0.0,0.0
64.0,1.0,4.0,175.3000031,87.80000305,28.57134487555838,104.9000015,0.5984027361377725,140.0,84.0,0.0,0.0,0.0,0.0,0.0,0.0,1.4285714285714286,1.4285714285714286,21120.0,8.0,2005,4.800000191,1.0,0.0,0.0
29.0,0.0,7.0,166.0,58.90000153,21.374655802728988,87.0,0.5240963855421686,109.5,73.5,0.0,1.0,0.0,0.0,0.0,0.0,2.0,2.0,13440.0,5.0,2005,2.700000048,1.0,0.0,0.0
25.0,0.0,6.0,164.6999969,58.29999924,21.492224435831695,72.0,0.4371584781735961,95.5,60.0,0.0,0.0,0.0,0.0,1.0,2.0,2.0,2.0,36960.0,3.0,2005,2.700000048,1.0,0.0,0.0
53.0,0.0,2.0,159.6000061,67.80000305,26.617294280223305,84.5,0.5294486013180673,129.0,79.5,0.0,0.0,0.0,0.0,0.0,0.0,0.5714285714285714,1.0,13440.0,5.0,2005,5.699999809,1.0,0.0,0.0
45.0,0.0,6.0,165.5,69.19999695,25.26446343133049,86.40000153,0.5220543899093656,154.5,102.5,0.0,1.0,0.0,0.0,1.0,2.0,1.4285714285714286,2.0,12000.0,5.0,2005,4.699999809,1.0,0.0,0.0
35.0,0.0,5.0,159.8000031,48.5,18.99276399875349,71.19999695,0.44555691845290085,125.0,84.5,0.0,0.0,1.0,0.0,1.0,24.0,0.2857142857142857,1.7142857142857142,15360.0,7.0,2005,3.5,1.0,0.0,0.0
25.0,1.0,6.0,155.1000061,51.90000153,21.574649099165512,69.80000305,0.4500322392314851,128.0,91.5,0.0,0.0,0.0,0.0,1.0,2.0,0.2857142857142857,1.7142857142857142,29400.0,6.5,2005,2.900000095,1.0,0.0,0.0
32.0,1.0,7.0,168.6000061,49.09999847,17.272941676233277,76.09999847,0.45136415015823655,113.5,85.0,0.0,0.0,0.0,0.0,0.0,0.0,1.2857142857142858,0.5714285714285714,13320.0,8.0,2005,2.700000048,1.0,0.0,0.0
59.0,1.0,4.0,168.1000061,69.80000305,24.701309836255042,82.69999695,0.4919690300356271,158.0,104.5,0.0,0.0,0.0,0.0,0.0,0.0,0.5714285714285714,0.8571428571428571,14160.0,7.0,2005,3.200000048,1.0,0.0,0.0
44.0,0.0,1.0,167.3999939,68.80000305,24.551474609959357,89.09999847,0.5322580747716503,135.5,83.0,0.0,0.0,0.0,0.0,0.0,0.0,0.8571428571428571,0.8571428571428571,10080.0,7.0,2005,4.5,1.0,0.0,0.0
35.0,0.0,8.0,165.6000061,71.59999847,26.109124919455958,85.0,0.5132850052473519,148.0,101.0,0.0,0.0,0.0,0.0,1.0,0.5,0.5714285714285714,2.0,7920.0,6.0,2005,3.0,1.0,0.0,0.0
52.0,0.0,3.0,185.1999969,93.19999695,27.172772202978965,104.6999969,0.5653347659424286,151.5,102.5,0.0,1.0,0.0,0.0,1.0,0.5,0.8571428571428571,1.4285714285714286,11520.0,7.0,2005,4.099999905,1.0,0.0,0.0
47.0,1.0,8.0,174.1999969,68.19999695,22.474398093869453,84.59999847,0.4856486795379501,137.0,89.5,0.0,0.0,0.0,0.0,1.0,2.0,0.5714285714285714,0.8571428571428571,5760.0,6.0,2005,2.0,1.0,0.0,0.0
56.0,0.0,0.0,157.6999969,65.0,26.136653903462932,92.19999695,0.5846543992544618,166.0,85.5,0.0,1.0,0.0,0.0,1.0,0.5,0.42857142857142855,0.8571428571428571,8040.0,3.0,2005,4.699999809,1.0,0.0,0.0
60.0,1.0,,163.3999939,59.09999847,22.13519731508955,85.30000305,0.5220318618995983,169.5,90.5,0.0,1.0,1.0,0.0,0.0,0.0,0.2857142857142857,0.8571428571428571,7360.0,5.0,2005,1.200000048,1.0,0.0,0.0
27.0,1.0,11.0,166.8000031,64.59999847,23.21883359096934,83.19999695,0.4988009316769611,151.5,88.0,0.0,0.0,0.0,0.0,1.0,0.5,1.7142857142857142,0.2857142857142857,4640.0,1.1666666666666667,2005,2.099999905,1.0,0.0,0.0
29.0,0.0,10.0,147.0,43.79999924,20.269331870979684,68.19999695,0.4639455574829932,116.0,76.5,0.0,0.0,0.0,0.0,1.0,0.5,1.7142857142857142,0.8571428571428571,1320.0,5.0,2005,1.600000024,1.0,0.0,0.0
32.0,0.0,6.0,153.5,85.09999847,36.117093431230046,100.1999969,0.6527687094462541,104.0,75.5,0.0,1.0,1.0,0.0,1.0,2.0,0.8571428571428571,1.1428571428571428,10920.0,6.0,2005,3.400000095,1.0,0.0,0.0
35.0,0.0,6.0,163.3000031,76.40000153,28.649759544261226,84.69999695,0.5186772525541979,120.0,74.0,0.0,0.0,0.0,0.0,1.0,0.5,0.14285714285714285,1.4285714285714286,6920.0,3.0,2005,2.700000048,1.0,0.0,0.0
61.0,0.0,0.0,178.3000031,101.4000015,31.895929297365555,121.3000031,0.6803140829558404,139.5,88.0,0.0,1.0,0.0,0.0,0.0,0.0,0.8571428571428571,1.4285714285714286,400.0,11.0,2005,4.900000095,1.0,0.0,0.0
28.0,0.0,12.0,154.8999939,53.0,22.088848080961142,70.59999847,0.45577792931081584,111.0,69.5,0.0,0.0,0.0,0.0,0.0,0.0,1.2857142857142858,1.4285714285714286,1860.0,5.5,2005,3.099999905,1.0,0.0,0.0
46.0,1.0,14.0,184.3999939,76.90000153,22.615414070181416,87.0,0.4718004494467611,126.5,81.0,1.0,0.0,0.0,0.0,1.0,10.0,1.2857142857142858,0.2857142857142857,1920.0,3.5,2005,2.099999905,1.0,0.0,0.0
51.0,0.0,2.0,160.1000061,57.0,22.237817344978005,74.69999695,0.46658334855616224,156.0,108.5,0.0,1.0,0.0,0.0,0.0,0.0,0.5714285714285714,0.8571428571428571,2960.0,3.4166666666666665,2005,4.900000095,1.0,0.0,0.0
33.0,0.0,,150.3000031,61.40000153,27.180059485021506,86.19999695,0.573519595290015,111.0,79.0,0.0,0.0,0.0,0.0,1.0,0.5,0.5714285714285714,0.8571428571428571,21000.0,5.0,2005,3.599999905,1.0,0.0,0.0
60.0,0.0,,156.3999939,51.59999847,21.094839489154992,76.40000153,0.4884910774283604,179.5,97.5,1.0,1.0,0.0,0.0,0.0,0.0,0.5714285714285714,0.8571428571428571,1440.0,9.0,2005,3.200000048,1.0,0.0,0.0
41.0,1.0,9.0,172.8000031,62.0,20.763673809190884,74.69999695,0.4322916412609717,159.5,110.0,0.0,0.0,0.0,0.0,1.0,2.0,0.2857142857142857,1.4285714285714286,6720.0,9.0,2005,3.799999952,1.0,0.0,0.0
50.0,0.0,4.0,165.6999969,60.40000153,21.998443278797847,85.90000153,0.5184067781355522,153.5,92.0,0.0,0.0,0.0,0.0,1.0,0.5,1.1428571428571428,0.8571428571428571,1440.0,9.0,2005,4.5,1.0,0.0,0.0
27.0,1.0,10.0,166.6000061,58.5,21.07685657075075,76.90000153,0.46158462613645723,118.5,84.5,0.0,0.0,0.0,0.0,1.0,0.5,0.8571428571428571,0.5714285714285714,8680.0,6.0,2005,3.099999905,1.0,0.0,0.0
49.0,0.0,0.0,165.6000061,61.29999924,22.353203518437383,74.40000153,0.4492753550085769,191.0,95.5,0.0,0.0,0.0,0.0,0.0,0.0,1.7142857142857142,0.5714285714285714,3280.0,6.0,2005,3.599999905,1.0,0.0,0.0
25.0,1.0,8.0,180.1999969,68.0,20.941093426721174,78.19999695,0.43396225469080457,124.0,67.0,0.0,0.0,0.0,0.0,1.0,0.5,2.142857142857143,0.5714285714285714,2640.0,3.75,2005,3.5,1.0,0.0,0.0
41.0,0.0,6.0,172.8999939,102.0999985,34.15354432627378,111.1999969,0.6431463321179447,130.5,95.5,0.0,0.0,0.0,0.0,1.0,0.5,0.5714285714285714,0.2857142857142857,3000.0,4.0,2005,3.799999952,1.0,0.0,0.0
43.0,1.0,5.0,179.0,59.40000153,18.538747707624605,71.59999847,0.39999999145251397,122.5,79.5,0.0,0.0,0.0,0.0,1.0,10.0,1.1428571428571428,0.2857142857142857,14220.0,8.0,2005,2.299999952,1.0,0.0,0.0
29.0,0.0,6.0,172.6000061,80.0,26.85396221691134,87.09999847,0.5046349675071072,115.5,71.5,0.0,0.0,0.0,0.0,1.0,0.5,1.2857142857142858,0.8571428571428571,6160.0,3.0,2005,3.299999952,1.0,0.0,0.0
39.0,1.0,13.0,179.6999969,81.59999847,25.269346544419687,89.0,0.49526990281211297,124.5,86.0,,0.0,0.0,0.0,1.0,10.0,0.2857142857142857,1.0,10020.0,6.0,2005,5.199999809,,0.0,0.0
32.0,0.0,10.0,163.5,68.90000153,25.7741123661495,84.0,0.5137614678899083,111.0,78.0,0.0,0.0,0.0,0.0,1.0,0.5,2.0,1.0,11760.0,6.0,2005,3.700000048,1.0,0.0,0.0
50.0,0.0,1.0,162.0,98.90000153,37.68480472869989,102.0,0.6296296296296297,149.0,100.0,1.0,1.0,0.0,0.0,1.0,0.5,1.7142857142857142,1.1428571428571428,16800.0,4.0,2005,5.699999809,1.0,0.0,0.0
26.0,1.0,8.0,177.5,69.90000153,22.18607467724658,77.0,0.43380281690140843,131.5,76.5,0.0,0.0,0.0,0.0,1.0,10.0,0.5714285714285714,1.1428571428571428,21120.0,4.0,2005,2.700000048,1.0,0.0,0.0
28.0,1.0,15.0,172.8000031,78.90000153,26.423449924412605,84.5,0.48900462085697727,153.5,93.5,0.0,0.0,0.0,0.0,1.0,0.5,10.0,0.14285714285714285,13200.0,7.0,2005,3.799999952,1.0,0.0,0.0
24.0,0.0,9.0,165.0,53.0,19.467401285583104,76.0,0.46060606060606063,116.5,74.0,0.0,1.0,0.0,0.0,1.0,2.0,2.0,0.5714285714285714,5880.0,7.0,2005,5.400000095,1.0,0.0,0.0
34.0,1.0,14.0,182.8000031,69.90000153,20.918222962287427,79.5,0.43490152435342055,129.5,81.5,0.0,0.0,0.0,0.0,1.0,2.0,2.0,0.14285714285714285,17760.0,3.5,2005,4.099999905,1.0,0.0,0.0
37.0,1.0,15.0,161.0,53.0,20.446742023841672,79.30000305,0.49254660279503104,107.0,72.0,0.0,0.0,0.0,0.0,0.0,0.0,2.0,0.2857142857142857,18120.0,3.0,2005,4.099999905,1.0,1.0,1.0
49.0,0.0,1.0,167.5,62.20000076,22.16974854444197,86.0,0.5134328358208955,161.0,94.5,1.0,1.0,0.0,1.0,0.0,0.0,0.2857142857142857,0.42857142857142855,24000.0,5.0,2005,4.099999905,1.0,0.0,0.0
51.0,1.0,4.0,175.8999939,58.0,18.745470471762182,,,146.5,105.5,0.0,0.0,1.0,0.0,1.0,10.0,0.8571428571428571,0.42857142857142855,11280.0,6.0,2005,4.199999809,1.0,0.0,0.0
45.0,0.0,4.0,157.0,74.40000153,30.183780895776703,,,119.5,83.5,,0.0,0.0,0.0,0.0,0.0,0.14285714285714285,0.8571428571428571,12480.0,7.0,2005,3.900000095,,0.0,0.0
62.0,1.0,5.0,157.3000031,79.09999847,31.968261032491373,,,210.0,107.0,,0.0,0.0,0.0,0.0,0.0,0.2857142857142857,0.8571428571428571,1800.0,3.5,2005,2.299999952,,0.0,0.0
32.0,0.0,9.0,160.0,58.0,22.656249999999996,73.0,0.45625,139.5,86.5,0.0,0.0,0.0,0.0,1.0,0.5,0.2857142857142857,0.42857142857142855,20960.0,9.0,2005,3.799999952,1.0,0.0,0.0
37.0,1.0,6.0,169.0,61.09999847,21.39280783936137,76.0,0.44970414201183434,140.5,85.5,,0.0,0.0,0.0,0.0,0.0,1.7142857142857142,1.4285714285714286,16560.0,7.0,2005,3.200000048,1.0,0.0,0.0
33.0,0.0,8.0,157.8999939,57.40000153,23.022245328453693,73.0,0.4623179405961966,111.5,69.5,0.0,0.0,0.0,0.0,1.0,2.0,0.2857142857142857,0.42857142857142855,21120.0,8.0,2005,4.199999809,1.0,0.0,0.0
50.0,0.0,0.0,167.0,80.40000153,28.828570952705366,100.0,0.5988023952095808,189.5,96.0,0.0,1.0,0.0,0.0,1.0,2.0,0.2857142857142857,0.42857142857142855,13680.0,10.0,2005,3.599999905,1.0,0.0,0.0
26.0,1.0,12.0,176.0,100.0999985,32.31534042484504,105.0,0.5965909090909091,142.5,84.0,,0.0,0.0,0.0,1.0,10.0,0.8571428571428571,0.5714285714285714,10080.0,8.0,2005,4.400000095,1.0,0.0,0.0
25.0,1.0,11.0,182.5,71.59999847,21.497466232313755,76.5,0.4191780821917808,117.5,67.0,0.0,0.0,0.0,0.0,0.0,0.0,0.5714285714285714,0.7142857142857143,13440.0,8.0,2005,3.700000048,1.0,0.0,0.0
45.0,1.0,7.0,183.3999939,74.59999847,22.1789092949505,80.0,0.4362050308661433,121.0,73.5,0.0,0.0,0.0,0.0,0.0,0.0,0.2857142857142857,0.7142857142857143,8400.0,10.0,2005,1.299999952,1.0,0.0,0.0
34.0,1.0,10.0,177.5,60.70000076,19.266018888315813,69.09999847,0.389295766028169,158.0,102.0,0.0,0.0,0.0,0.0,1.0,24.0,0.42857142857142855,1.7142857142857142,1440.0,7.0,2005,3.200000048,1.0,0.0,0.0
28.0,0.0,0.0,150.3000031,49.79999924,22.04506364769183,84.0,0.5588822240017639,122.5,78.5,0.0,0.0,0.0,0.0,1.0,0.5,0.2857142857142857,1.0,0.0,16.0,2005,3.0,1.0,0.0,0.0
32.0,0.0,7.0,163.0,86.0,32.36854981369265,,,115.0,72.0,,0.0,1.0,0.0,1.0,2.0,0.14285714285714285,0.14285714285714285,22320.0,2.5,2005,3.799999952,1.0,0.0,0.0
35.0,1.0,8.0,175.8999939,72.90000153,23.56111769089712,86.5,0.491756696985309,123.0,71.5,0.0,0.0,0.0,0.0,0.0,0.0,0.5714285714285714,1.4285714285714286,21600.0,5.0,2005,4.599999905,1.0,0.0,0.0
31.0,0.0,20.0,175.0,63.59999847,20.767346439183676,79.5,0.4542857142857143,133.0,72.5,0.0,0.0,0.0,0.0,0.0,0.0,0.42857142857142855,0.8571428571428571,11760.0,8.0,2005,3.799999952,1.0,0.0,0.0
37.0,0.0,8.0,159.1999969,68.80000305,27.14578140758645,97.5,0.612437197855247,113.5,75.0,0.0,1.0,0.0,0.0,0.0,0.0,3.0,1.4285714285714286,12240.0,8.0,2005,4.0,1.0,0.0,0.0
39.0,1.0,5.0,160.6999969,55.90000153,21.64612106054741,74.5,0.4635967730998755,119.5,76.0,0.0,0.0,0.0,0.0,0.0,0.0,0.14285714285714285,0.5714285714285714,5760.0,3.0,2005,4.199999809,1.0,0.0,0.0
34.0,1.0,7.0,156.0,33.20000076,13.642340877712032,66.0,0.4230769230769231,174.5,102.0,0.0,0.0,1.0,0.0,1.0,0.5,0.2857142857142857,0.5714285714285714,0.0,15.0,2005,5.199999809,1.0,0.0,0.0
29.0,1.0,5.0,162.5,62.90000153,23.820118922603548,80.40000153,0.4947692401846154,147.5,90.0,0.0,0.0,0.0,0.0,0.0,0.0,1.7142857142857142,0.14285714285714285,10440.0,2.75,2005,3.700000048,1.0,0.0,0.0
30.0,0.0,11.0,167.0,86.5,31.015812686005237,96.0,0.5748502994011976,126.5,81.0,0.0,0.0,0.0,0.0,0.0,0.0,0.8571428571428571,1.1428571428571428,18480.0,10.0,2005,3.299999952,1.0,0.0,0.0
36.0,1.0,15.0,171.3999939,65.09999847,22.159470264008267,78.0,0.45507586217014445,128.5,73.5,0.0,0.0,0.0,0.0,1.0,10.0,1.1428571428571428,1.4285714285714286,12960.0,6.0,2005,3.099999905,1.0,0.0,0.0
28.0,0.0,20.0,158.1000061,73.40000153,29.36515486759078,95.0,0.6008854923124509,131.0,88.0,,0.0,0.0,0.0,1.0,2.0,1.2857142857142858,1.4285714285714286,1680.0,7.0,2005,4.099999905,1.0,0.0,0.0
42.0,1.0,20.0,181.1000061,66.5,20.276113584099022,75.0,0.414135822605033,111.0,71.5,0.0,0.0,0.0,0.0,1.0,10.0,3.0,0.5714285714285714,10440.0,5.0,2005,3.799999952,1.0,0.0,0.0
55.0,1.0,10.0,,,,69.19999695,,173.0,107.0,0.0,0.0,0.0,0.0,0.0,0.0,0.8571428571428571,1.1428571428571428,0.0,14.0,2005,3.200000048,1.0,0.0,0.0
25.0,0.0,7.0,163.3000031,75.0,28.124763387286702,80.40000153,0.4923453766303082,117.5,81.5,,0.0,0.0,0.0,0.0,0.0,0.8571428571428571,1.1428571428571428,15240.0,6.583333333333333,2005,2.799999952,1.0,0.0,0.0
63.0,0.0,6.0,152.3999939,63.29999924,27.2542230296546,68.0,0.44619424358126564,161.5,89.0,0.0,0.0,0.0,0.0,1.0,2.0,0.14285714285714285,1.1428571428571428,25200.0,9.0,2005,4.099999905,1.0,0.0,0.0
35.0,1.0,19.0,170.3000031,62.59999847,21.584649999694207,75.5,0.443335282593427,112.0,61.5,0.0,0.0,0.0,0.0,1.0,2.0,0.2857142857142857,0.2857142857142857,2400.0,3.0,2005,5.0,1.0,0.0,0.0
47.0,1.0,10.0,180.6999969,68.90000153,21.100995328083364,80.0,0.4427227524761513,122.5,74.0,0.0,0.0,1.0,0.0,1.0,2.0,0.2857142857142857,1.1428571428571428,14420.0,4.5,2005,3.299999952,1.0,0.0,0.0
28.0,1.0,15.0,174.0,65.40000153,21.60126883670234,78.19999695,0.4494252698275862,120.0,88.0,0.0,0.0,1.0,0.0,1.0,10.0,0.42857142857142855,0.2857142857142857,21540.0,3.0,2005,2.700000048,1.0,0.0,0.0
48.0,1.0,5.0,155.3999939,45.90000153,19.006874414462136,60.20000076,0.3873874074843191,104.0,65.0,0.0,0.0,0.0,0.0,1.0,2.0,0.8571428571428571,0.5714285714285714,12720.0,2.0,2005,5.800000191,1.0,0.0,0.0
44.0,1.0,5.0,153.0,54.40000153,23.238925853304284,69.0,0.45098039215686275,133.5,83.0,0.0,0.0,0.0,0.0,0.0,0.0,0.5714285714285714,1.1428571428571428,4320.0,7.0,2005,3.599999905,1.0,0.0,0.0
27.0,0.0,11.0,162.3000031,102.1999969,38.79840091197967,105.0,0.6469500800644162,154.5,107.0,0.0,0.0,0.0,0.0,1.0,2.0,1.4285714285714286,0.2857142857142857,4320.0,3.0,2005,4.900000095,1.0,0.0,0.0
35.0,0.0,9.0,170.0,63.09999847,21.833909505190316,80.0,0.47058823529411764,131.5,83.5,0.0,0.0,0.0,0.0,0.0,0.0,0.8571428571428571,0.5714285714285714,14760.0,4.5,2005,3.5,1.0,0.0,0.0
28.0,0.0,5.0,168.0,54.40000153,19.274376959325398,60.29999924,0.3589285669047619,112.5,76.0,0.0,0.0,0.0,0.0,0.0,0.0,0.14285714285714285,1.1428571428571428,23040.0,4.0,2005,4.0,1.0,0.0,0.0
32.0,1.0,13.0,188.1999969,63.20000076,17.843410203618276,72.0,0.3825717385014473,154.5,101.5,0.0,0.0,1.0,0.0,1.0,10.0,0.5714285714285714,0.2857142857142857,18120.0,4.0,2005,5.099999905,1.0,0.0,0.0
45.0,1.0,9.0,172.6000061,82.5,27.693148536189824,107.0,0.6199304531774289,159.0,95.5,0.0,0.0,1.0,0.0,1.0,2.0,0.8571428571428571,0.5714285714285714,21600.0,3.0,2005,3.5,1.0,0.0,0.0
46.0,1.0,8.0,175.0,56.09999847,18.31836684734694,71.0,0.4057142857142857,118.0,67.5,0.0,0.0,0.0,0.0,0.0,0.0,0.5714285714285714,1.4285714285714286,12240.0,5.0,2005,4.0,1.0,0.0,0.0
46.0,0.0,4.0,154.3000031,100.5,42.21183114164859,107.0,0.6934542958541263,141.5,98.0,0.0,0.0,0.0,0.0,0.0,0.0,1.2857142857142858,0.2857142857142857,16680.0,6.0,2005,5.199999809,1.0,0.0,0.0
41.0,0.0,12.0,173.0,54.40000153,18.1763512078586,76.0,0.4393063583815029,122.0,79.0,0.0,0.0,0.0,0.0,1.0,0.5,2.5714285714285716,0.8571428571428571,7680.0,6.0,2005,4.300000191,1.0,0.0,0.0
35.0,1.0,8.0,179.1999969,76.5,23.82239599321746,81.0,0.4520089363907796,133.5,89.0,0.0,0.0,1.0,0.0,1.0,2.0,2.5714285714285716,0.5714285714285714,3120.0,9.0,2005,3.5,1.0,0.0,0.0
28.0,0.0,9.0,155.5,53.29999924,22.04278253533359,76.5,0.4919614147909968,151.5,93.5,0.0,0.0,0.0,0.0,1.0,10.0,0.5714285714285714,0.5714285714285714,2160.0,4.5,2005,3.799999952,1.0,0.0,0.0
28.0,0.0,6.0,155.0,60.70000076,25.265348911550465,79.5,0.5129032258064516,142.5,87.5,0.0,0.0,0.0,0.0,0.0,0.0,0.0,1.4285714285714286,21480.0,3.0,2005,3.599999905,1.0,0.0,0.0
25.0,1.0,14.0,177.5,62.29999924,19.77385415274747,72.0,0.4056338028169014,137.0,79.5,0.0,0.0,0.0,0.0,1.0,2.0,1.2857142857142858,0.2857142857142857,17680.0,8.0,2005,3.799999952,1.0,0.0,0.0
31.0,0.0,8.0,168.3999939,70.5,24.860220373489508,88.19999695,0.5237529699815505,143.5,99.5,0.0,0.0,0.0,0.0,1.0,0.5,0.8571428571428571,0.5714285714285714,18120.0,9.0,2005,3.299999952,1.0,0.0,0.0
45.0,1.0,16.0,170.0,90.0,31.14186851211073,101.0,0.5941176470588235,136.0,87.0,0.0,0.0,0.0,0.0,1.0,2.0,2.0,0.5714285714285714,14880.0,5.0,2005,4.300000191,1.0,0.0,0.0
47.0,0.0,,160.0,50.79999924,19.843749703124995,78.0,0.4875,124.5,74.5,0.0,0.0,0.0,0.0,1.0,0.5,0.8571428571428571,0.8571428571428571,18720.0,2.0,2005,3.099999905,1.0,0.0,0.0
43.0,0.0,7.0,161.0,62.70000076,24.18888189498862,83.0,0.515527950310559,115.0,70.5,0.0,0.0,0.0,0.0,0.0,0.0,4.0,0.2857142857142857,14880.0,6.0,2005,3.5,1.0,0.0,0.0
45.0,1.0,14.0,178.5,67.69999695,21.24771381493774,78.90000153,0.4420168152941176,115.0,76.5,0.0,0.0,0.0,0.0,1.0,2.0,1.1428571428571428,0.8571428571428571,8880.0,6.5,2005,3.200000048,1.0,0.0,0.0
35.0,0.0,9.0,160.0,57.5,22.460937499999996,74.0,0.4625,143.0,90.0,0.0,0.0,0.0,0.0,1.0,0.5,0.2857142857142857,0.8571428571428571,14880.0,5.0,2005,2.400000095,1.0,0.0,0.0
38.0,0.0,4.0,169.1999969,69.90000153,24.41611061208204,94.0,0.5555555657341741,115.5,78.0,0.0,1.0,0.0,0.0,1.0,0.5,0.2857142857142857,0.42857142857142855,8880.0,8.0,2005,3.700000048,1.0,0.0,0.0
50.0,1.0,10.0,172.6999969,68.80000305,23.06767361522656,87.0,0.5037637612140571,134.0,81.5,0.0,0.0,0.0,0.0,1.0,2.0,0.14285714285714285,0.5714285714285714,6720.0,12.0,2005,4.099999905,1.0,0.0,0.0
32.0,1.0,4.0,151.0,46.79999924,20.525415218630762,70.0,0.46357615894039733,112.0,60.5,0.0,0.0,1.0,0.0,1.0,2.0,0.2857142857142857,1.0,18240.0,6.0,2005,5.099999905,1.0,0.0,0.0
25.0,0.0,3.0,153.0,47.09999847,20.120465833653725,71.0,0.46405228758169936,108.0,64.0,0.0,0.0,0.0,0.0,1.0,0.5,0.42857142857142855,1.0,20880.0,8.0,2005,4.599999905,1.0,0.0,0.0
25.0,0.0,17.0,162.1999969,80.69999695,30.674100429631334,94.0,0.5795314537395038,154.5,100.0,0.0,1.0,0.0,0.0,1.0,0.5,0.42857142857142855,0.5714285714285714,11760.0,9.0,2005,3.299999952,1.0,0.0,0.0
37.0,1.0,17.0,169.3999939,53.79999924,18.748023482635585,69.0,0.4073199674418642,143.5,78.5,0.0,0.0,0.0,0.0,0.0,0.0,0.42857142857142855,0.5714285714285714,6720.0,9.0,2005,5.199999809,1.0,0.0,0.0
48.0,0.0,20.0,174.0,97.09999847,32.07160736887303,107.0,0.6149425287356322,132.0,82.5,0.0,0.0,0.0,0.0,0.0,0.0,0.2857142857142857,0.14285714285714285,21600.0,7.0,2005,4.0,1.0,0.0,0.0
25.0,0.0,10.0,163.0,52.5,19.759870525800746,69.30000305,0.42515339294478527,143.0,94.5,0.0,0.0,0.0,0.0,1.0,0.5,0.2857142857142857,0.8571428571428571,16080.0,6.0,2005,2.700000048,1.0,0.0,0.0
60.0,0.0,,155.0,54.29999924,22.601456499479706,76.0,0.49032258064516127,215.0,104.5,0.0,0.0,0.0,0.0,0.0,0.0,0.14285714285714285,0.5714285714285714,7680.0,7.0,2005,3.0,1.0,0.0,0.0
25.0,0.0,6.0,169.0,77.19999695,27.02986483316411,89.0,0.5266272189349113,113.0,74.0,0.0,0.0,0.0,0.0,1.0,2.0,2.5714285714285716,0.8571428571428571,7920.0,5.0,2005,4.0,1.0,0.0,0.0
32.0,0.0,9.0,152.0,41.09999847,17.789126761599725,64.0,0.42105263157894735,108.0,75.5,0.0,0.0,0.0,0.0,1.0,0.5,3.0,0.8571428571428571,21120.0,5.0,2005,4.300000191,1.0,0.0,0.0
36.0,0.0,3.0,154.5,62.09999847,26.015646451126404,77.0,0.49838187702265374,152.5,98.0,0.0,0.0,0.0,0.0,0.0,0.0,2.0,0.7142857142857143,21120.0,9.0,2005,3.299999952,1.0,0.0,0.0
42.0,0.0,0.0,152.0,72.59999847,31.423129531682825,98.0,0.6447368421052632,164.5,93.0,0.0,0.0,0.0,0.0,0.0,0.0,3.0,0.7142857142857143,28560.0,8.0,2005,4.900000095,1.0,0.0,0.0
37.0,1.0,8.0,162.1999969,84.40000153,32.08047361880673,103.0999985,0.6356350213962304,146.5,89.5,0.0,0.0,0.0,0.0,1.0,10.0,1.1428571428571428,0.14285714285714285,1120.0,10.0,2005,4.699999809,1.0,0.0,0.0
34.0,0.0,10.0,169.0,59.5,20.832603900423656,77.30000305,0.4573964677514793,108.5,74.0,0.0,0.0,0.0,0.0,1.0,24.0,0.2857142857142857,0.14285714285714285,2040.0,4.166666666666667,2005,2.299999952,1.0,0.0,0.0
27.0,1.0,7.0,181.1999969,71.80000305,21.86795093865677,80.40000153,0.44370862530627336,131.5,73.5,0.0,1.0,0.0,0.0,1.0,10.0,0.2857142857142857,2.0,28320.0,1.5,2005,2.5,1.0,0.0,0.0
41.0,0.0,4.0,159.1999969,62.40000153,24.620591951651665,85.5,0.5370603119653704,111.5,63.0,0.0,0.0,0.0,1.0,1.0,0.5,0.5714285714285714,2.0,13920.0,3.0,2005,2.099999905,1.0,0.0,0.0
43.0,1.0,5.0,172.3999939,80.09999847,26.949953212168342,90.5,0.5249420139335631,139.5,87.0,0.0,0.0,1.0,0.0,0.0,0.0,0.8571428571428571,2.0,11760.0,6.0,2005,4.0,1.0,0.0,0.0
25.0,0.0,6.0,159.8999939,53.70000076,21.002809705247312,68.90000153,0.43089433494969004,124.0,78.5,0.0,0.0,0.0,0.0,1.0,0.5,1.7142857142857142,2.0,20160.0,6.0,2005,1.899999976,1.0,0.0,0.0
43.0,0.0,1.0,160.6000061,86.30000305,33.45951921197182,,,130.5,87.0,0.0,0.0,0.0,0.0,1.0,2.0,0.2857142857142857,2.0,16380.0,3.0,2005,1.799999952,1.0,0.0,0.0
62.0,0.0,5.0,169.6999969,80.69999695,28.022691747396955,96.90000153,0.5710076800243006,154.0,107.0,0.0,0.0,0.0,0.0,1.0,2.0,0.5714285714285714,2.0,20160.0,8.0,2005,2.700000048,1.0,0.0,0.0
52.0,0.0,0.0,187.0,109.5,31.31344905487717,108.5,0.5802139037433155,126.0,80.0,0.0,0.0,0.0,0.0,1.0,2.0,0.2857142857142857,2.0,12480.0,7.0,2005,3.299999952,1.0,0.0,0.0
52.0,1.0,4.0,162.1000061,58.90000153,22.415541962184907,79.09999847,0.4879703608475065,156.0,90.0,0.0,0.0,0.0,0.0,1.0,24.0,0.2857142857142857,2.0,19320.0,2.0,2005,4.300000191,1.0,0.0,0.0
36.0,0.0,4.0,163.0,94.80000305,35.68068164025745,108.5,0.6656441717791411,125.0,84.0,0.0,0.0,0.0,0.0,0.0,0.0,4.0,2.0,16800.0,7.0,2005,3.0,1.0,0.0,0.0
53.0,1.0,0.0,169.3999939,90.5,31.537103143991054,90.5,0.5342385080215756,135.0,92.0,0.0,0.0,0.0,0.0,0.0,0.0,0.42857142857142855,1.1428571428571428,10080.0,10.0,2005,3.099999905,1.0,0.0,0.0
42.0,0.0,2.0,160.3999939,54.0,20.98867703995628,73.5,0.4582294438603467,114.5,77.5,0.0,0.0,0.0,0.0,1.0,0.5,0.2857142857142857,1.4285714285714286,18480.0,9.0,2005,2.099999905,1.0,0.0,0.0
25.0,0.0,7.0,165.1999969,73.5,26.93191712682062,79.40000153,0.4806295582321527,110.5,74.0,0.0,0.0,0.0,0.0,1.0,2.0,3.0,0.14285714285714285,23760.0,7.0,2005,2.400000095,1.0,0.0,0.0
29.0,1.0,13.0,181.1000061,63.0,19.208949711251705,81.59999847,0.45057976654590515,114.0,73.0,0.0,0.0,0.0,0.0,1.0,2.0,0.8571428571428571,0.14285714285714285,19680.0,6.0,2005,3.799999952,1.0,0.0,0.0
39.0,0.0,7.0,149.5,56.29999924,25.189874493573893,81.0,0.5418060200668896,122.0,77.5,0.0,0.0,0.0,0.0,0.0,0.0,3.0,0.2857142857142857,24480.0,6.0,2005,5.5,1.0,0.0,0.0
43.0,1.0,9.0,163.1999969,82.5,30.97516697836742,101.1999969,0.6200980319994112,143.0,93.0,0.0,1.0,1.0,0.0,1.0,0.5,2.0,0.2857142857142857,21040.0,8.0,2005,5.5,1.0,0.0,0.0
29.0,1.0,16.0,168.3999939,59.29999924,20.910795024881708,72.59999847,0.4311163960796319,132.0,86.5,0.0,0.0,0.0,0.0,1.0,10.0,2.0,0.2857142857142857,23280.0,10.0,2005,1.5,1.0,0.0,0.0
51.0,0.0,2.0,150.6000061,51.5,22.706868774579196,73.5,0.4880477889967363,154.0,102.0,0.0,0.0,0.0,0.0,0.0,0.0,1.0,0.2857142857142857,8640.0,7.0,2005,4.099999905,1.0,0.0,0.0
45.0,0.0,,182.1999969,99.0,29.822116613757682,102.0,0.5598243783504696,161.5,107.0,0.0,0.0,0.0,0.0,1.0,10.0,0.5714285714285714,0.42857142857142855,1920.0,10.0,2005,3.400000095,1.0,0.0,0.0
28.0,1.0,11.0,161.3000031,51.20000076,19.678917994637537,74.30000305,0.46063237211431896,135.5,98.5,0.0,0.0,1.0,0.0,1.0,10.0,0.42857142857142855,0.2857142857142857,840.0,7.5,2005,2.099999905,1.0,0.0,0.0
44.0,0.0,3.0,159.8999939,77.40000153,30.272206337310315,98.19999695,0.6141338380001027,169.0,117.0,0.0,0.0,0.0,0.0,1.0,0.5,1.7142857142857142,0.42857142857142855,13160.0,5.0,2005,3.799999952,1.0,0.0,0.0
41.0,1.0,4.0,171.6000061,78.09999847,26.522620271242655,87.0,0.5069929889705289,137.5,79.0,0.0,0.0,0.0,0.0,1.0,2.0,1.1428571428571428,0.5714285714285714,7920.0,3.8333333333333335,2005,1.700000048,1.0,0.0,0.0
42.0,1.0,4.0,174.6999969,63.90000153,20.93702993594496,78.40000153,0.4487693355534341,135.0,86.0,0.0,0.0,1.0,0.0,1.0,10.0,1.7142857142857142,0.42857142857142855,9240.0,2.0,2005,1.100000024,1.0,0.0,0.0
43.0,0.0,5.0,158.8999939,47.5,18.81247122066313,69.69999695,0.438640652144166,95.5,65.5,0.0,0.0,0.0,0.0,1.0,0.5,0.42857142857142855,0.8571428571428571,2520.0,3.3333333333333335,2005,2.5,1.0,0.0,0.0
27.0,1.0,8.0,168.8000031,50.29999924,17.653185221752175,65.19999695,0.3862558990083336,140.5,89.5,0.0,0.0,0.0,0.0,0.0,0.0,0.42857142857142855,1.4285714285714286,16920.0,4.583333333333333,2005,2.200000048,1.0,0.0,0.0
25.0,0.0,8.0,159.3000031,53.20000076,20.964285718569172,69.0,0.4331450009871343,125.0,69.5,0.0,0.0,0.0,0.0,1.0,24.0,1.0,2.0,5160.0,9.0,2005,3.900000095,1.0,0.0,0.0
57.0,1.0,2.0,159.8000031,43.70000076,17.11306806556759,70.5,0.44117646202974325,137.5,93.0,0.0,1.0,1.0,0.0,1.0,2.0,0.14285714285714285,0.2857142857142857,12560.0,5.0,2005,3.400000095,1.0,0.0,0.0
58.0,0.0,6.0,151.3999939,67.30000305,29.360494684188495,89.0,0.5878467872250026,119.5,84.0,0.0,0.0,0.0,0.0,0.0,0.0,1.1428571428571428,1.1428571428571428,20640.0,6.0,2005,5.300000191,1.0,0.0,0.0
33.0,0.0,7.0,154.6000061,72.5,30.333253398071182,92.0,0.5950840644889211,128.0,80.5,0.0,0.0,0.0,0.0,0.0,0.0,0.0,1.1428571428571428,8640.0,5.0,2005,2.5,1.0,0.0,0.0
60.0,0.0,5.0,157.3000031,61.40000153,24.814808018622827,97.0,0.6166560590487363,206.5,117.5,0.0,1.0,0.0,0.0,0.0,0.0,,,0.0,9.0,2005,2.900000095,1.0,0.0,0.0
60.0,1.0,9.0,171.5,59.0,20.059669015461242,74.19999695,0.43265304344023325,219.0,129.5,0.0,1.0,0.0,0.0,1.0,0.5,1.7142857142857142,1.1428571428571428,640.0,13.0,2005,2.200000048,1.0,0.0,0.0
57.0,0.0,5.0,,,,86.0,,155.5,101.0,0.0,1.0,0.0,0.0,0.0,0.0,1.7142857142857142,1.1428571428571428,0.0,10.0,2005,3.200000048,1.0,0.0,0.0
33.0,0.0,14.0,161.6999969,73.0,27.919191459867918,68.5,0.4236240031739914,119.0,84.5,0.0,0.0,0.0,0.0,1.0,10.0,0.2857142857142857,0.8571428571428571,5440.0,3.0,2005,4.5,1.0,0.0,0.0
27.0,0.0,9.0,162.8999939,55.70000076,20.990030275955395,73.09999847,0.44874156665023673,112.0,76.5,,0.0,0.0,0.0,0.0,0.0,0.42857142857142855,1.1428571428571428,12240.0,7.0,2005,2.5,1.0,0.0,0.0
39.0,1.0,9.0,168.1000061,58.5,20.702386279063635,79.0,0.4699583410663541,112.5,62.0,0.0,0.0,0.0,0.0,1.0,0.5,0.42857142857142855,1.1428571428571428,23080.0,8.0,2005,3.700000048,1.0,0.0,0.0
59.0,0.0,3.0,167.5,66.09999847,23.559812330585878,78.19999695,0.4668656534328358,150.0,100.5,0.0,0.0,0.0,0.0,1.0,0.5,0.14285714285714285,1.1428571428571428,11760.0,8.0,2005,4.0,1.0,0.0,0.0
26.0,0.0,3.0,154.0,55.70000076,23.48625432619329,69.69999695,0.4525973827922078,141.0,89.5,0.0,0.0,0.0,0.0,0.0,0.0,2.0,0.5714285714285714,21840.0,9.0,2005,4.599999905,1.0,0.0,0.0
26.0,1.0,14.0,167.1000061,61.40000153,21.98950486264455,76.19999695,0.45601432775770556,148.5,94.5,0.0,0.0,0.0,0.0,1.0,10.0,1.4285714285714286,0.42857142857142855,7440.0,8.0,2005,3.299999952,1.0,0.0,0.0
58.0,0.0,0.0,155.6000061,59.0,24.368724174947737,76.5,0.49164522494192886,168.5,104.0,0.0,1.0,0.0,0.0,0.0,0.0,0.2857142857142857,0.8571428571428571,8640.0,9.0,2005,2.799999952,1.0,0.0,0.0
61.0,0.0,0.0,155.1999969,51.79999924,21.505341174893193,78.5,0.5057989791751085,126.5,78.5,0.0,0.0,0.0,0.0,0.0,0.0,1.2857142857142858,0.8571428571428571,14880.0,9.0,2005,3.0,1.0,0.0,0.0
61.0,1.0,3.0,161.3000031,68.0,26.1360625736708,89.0,0.5517668833820376,163.0,83.0,0.0,0.0,0.0,0.0,1.0,2.0,0.2857142857142857,0.42857142857142855,11760.0,8.0,2005,3.299999952,1.0,0.0,0.0
28.0,0.0,7.0,166.1000061,55.90000153,20.261543343995807,71.09999847,0.42805536338869526,122.0,81.0,0.0,0.0,0.0,0.0,1.0,0.5,0.42857142857142855,0.42857142857142855,15600.0,6.0,2005,2.5,1.0,0.0,0.0
42.0,1.0,13.0,166.3000031,59.90000153,21.65919537599929,80.5,0.48406493385086413,141.5,87.0,,0.0,0.0,0.0,0.0,0.0,0.2857142857142857,0.8571428571428571,3600.0,10.0,2005,4.400000095,1.0,0.0,0.0
37.0,0.0,6.0,149.0,70.40000153,31.71028400972929,89.0,0.5973154362416108,123.0,82.5,0.0,0.0,0.0,0.0,0.0,0.0,1.1428571428571428,2.0,19600.0,2.5,2005,4.599999905,1.0,0.0,0.0
53.0,1.0,2.0,169.1999969,73.0,25.498941855058767,64.0,0.3782505979466717,114.5,76.5,0.0,1.0,0.0,0.0,0.0,0.0,0.8571428571428571,2.0,3920.0,5.0,2005,5.699999809,1.0,0.0,0.0
47.0,0.0,3.0,161.0,66.90000153,25.80919005053817,79.0,0.4906832298136646,180.0,106.0,0.0,0.0,0.0,0.0,0.0,0.0,1.7142857142857142,2.0,10080.0,8.0,2005,3.700000048,1.0,0.0,0.0
28.0,0.0,9.0,167.1999969,69.90000153,25.003721627390114,71.19999695,0.4258373102278449,140.0,99.0,0.0,0.0,0.0,0.0,0.0,0.0,0.2857142857142857,2.0,18240.0,4.5,2005,3.599999905,1.0,0.0,0.0
31.0,1.0,5.0,161.0,57.0,21.98989236526368,68.69999695,0.4267080555900621,140.0,76.5,0.0,0.0,0.0,0.0,0.0,0.0,3.0,1.0,4320.0,10.0,2005,3.099999905,1.0,0.0,0.0
59.0,1.0,9.0,171.1999969,81.0,27.636148262611393,91.0,0.5315420656996519,141.5,89.5,0.0,0.0,0.0,0.0,1.0,10.0,3.0,2.0,10560.0,8.0,2005,4.199999809,1.0,0.0,0.0
30.0,0.0,7.0,159.8999939,60.90000153,23.81882914490782,78.19999695,0.4890556593698532,112.0,82.0,0.0,0.0,0.0,0.0,1.0,10.0,0.2857142857142857,1.0,14880.0,6.0,2005,3.099999905,1.0,0.0,0.0
52.0,0.0,4.0,163.1999969,51.79999924,19.4486500113734,68.0,0.416666674581291,153.5,110.5,0.0,1.0,0.0,0.0,0.0,0.0,0.5714285714285714,2.0,5880.0,6.0,2005,3.099999905,1.0,0.0,0.0
60.0,1.0,6.0,164.5,52.5,19.401151134967343,80.5,0.48936170212765956,116.5,79.5,0.0,0.0,0.0,0.0,0.0,0.0,0.42857142857142855,1.1428571428571428,5040.0,6.0,2005,3.299999952,1.0,0.0,0.0
31.0,1.0,7.0,163.1999969,45.09999847,16.933090707058973,68.30000305,0.418504928599052,197.5,118.0,0.0,0.0,1.0,0.0,1.0,24.0,4.0,1.1428571428571428,11520.0,4.0,2005,4.099999905,1.0,0.0,0.0
35.0,1.0,8.0,165.3999939,52.0,19.00782238929421,71.19999695,0.43047158147446585,135.0,85.0,0.0,0.0,1.0,0.0,1.0,24.0,0.2857142857142857,2.0,20640.0,0.8333333333333334,2005,3.299999952,1.0,0.0,0.0
29.0,0.0,8.0,152.3999939,67.30000305,28.976450474616705,88.30000305,0.579396368663503,158.0,104.5,0.0,0.0,0.0,0.0,1.0,2.0,1.7142857142857142,2.0,0.0,8.0,2005,3.5,1.0,0.0,0.0
32.0,0.0,3.0,161.1999969,73.5,28.285071496546976,85.5,0.5303970325324491,116.0,65.5,0.0,0.0,0.0,0.0,1.0,10.0,1.0,2.0,28560.0,7.0,2005,3.400000095,1.0,0.0,0.0
35.0,1.0,2.0,161.0,50.09999847,19.327957436055705,67.5,0.4192546583850932,122.0,70.0,,0.0,1.0,0.0,1.0,10.0,1.4285714285714286,2.0,27600.0,3.0,2005,2.5,1.0,0.0,0.0
61.0,0.0,2.0,166.6000061,91.59999847,33.00239366894321,107.1999969,0.6434573407857757,133.5,78.5,1.0,1.0,0.0,0.0,1.0,0.5,1.7142857142857142,0.5714285714285714,2520.0,6.0,2005,4.0,1.0,0.0,0.0
25.0,0.0,8.0,163.1000061,57.29999924,21.54004774670335,78.19999695,0.47946041707720083,122.5,76.5,0.0,0.0,0.0,0.0,1.0,0.5,1.4285714285714286,0.2857142857142857,7840.0,5.0,2005,1.299999952,1.0,0.0,0.0
30.0,1.0,8.0,178.1000061,69.5,21.910734475988736,77.80000305,0.43683324191643585,128.0,72.5,0.0,0.0,0.0,0.0,1.0,10.0,0.42857142857142855,0.5714285714285714,3080.0,5.75,2005,4.300000191,1.0,0.0,0.0
47.0,1.0,13.0,172.5,88.90000153,29.876076968704048,101.1999969,0.5866666486956522,153.5,101.5,0.0,0.0,0.0,0.0,1.0,0.5,2.142857142857143,0.8571428571428571,2820.0,7.5,2005,4.199999809,1.0,0.0,0.0
40.0,0.0,14.0,163.1999969,85.09999847,31.951353484449236,100.1999969,0.6139705809026275,111.0,79.0,0.0,0.0,0.0,0.0,1.0,10.0,0.8571428571428571,0.42857142857142855,1400.0,11.0,2005,5.0,1.0,0.0,0.0
27.0,0.0,8.0,155.0,57.5,23.933402705515086,73.0,0.47096774193548385,105.5,70.0,0.0,0.0,0.0,0.0,1.0,0.5,1.1428571428571428,1.1428571428571428,5260.0,1.5,2005,3.900000095,1.0,0.0,0.0
38.0,0.0,0.0,167.8999939,84.80000305,30.081154978506355,106.0,0.6313281944675521,146.0,92.0,0.0,0.0,0.0,0.0,1.0,0.5,0.8571428571428571,0.5714285714285714,4740.0,5.0,2005,2.099999905,1.0,0.0,0.0
36.0,1.0,,,,,,,,,,0.0,0.0,0.0,1.0,0.5,1.1428571428571428,0.5714285714285714,5340.0,3.25,2005,,,0.0,0.0
30.0,0.0,7.0,150.5,52.20000076,23.046103579430696,67.5,0.4485049833887043,127.0,78.0,0.0,0.0,0.0,0.0,1.0,0.5,1.2857142857142858,0.5714285714285714,3160.0,3.3333333333333335,2005,3.299999952,1.0,0.0,0.0
56.0,0.0,4.0,146.0,96.59999847,45.31807021486208,114.0,0.7808219178082192,143.5,93.5,0.0,0.0,0.0,0.0,0.0,0.0,0.42857142857142855,1.1428571428571428,8400.0,2.0,2005,3.0,1.0,0.0,0.0
36.0,1.0,2.0,168.1999969,54.29999924,19.19322067238686,74.19999695,0.44114148821366594,95.0,65.5,0.0,0.0,0.0,0.0,1.0,24.0,0.42857142857142855,1.1428571428571428,11360.0,4.5,2005,2.5,1.0,0.0,0.0
52.0,0.0,1.0,150.8999939,48.79999924,21.430947421455137,71.5,0.473823743474651,127.5,86.0,0.0,0.0,0.0,0.0,0.0,0.0,0.5714285714285714,1.1428571428571428,6440.0,3.0,2005,2.5,1.0,0.0,0.0
57.0,0.0,1.0,165.6999969,68.0,24.76645869313861,76.0,0.458660237910964,166.5,103.0,0.0,0.0,0.0,0.0,0.0,0.0,0.14285714285714285,2.0,15840.0,4.0,2005,3.0,1.0,0.0,0.0
29.0,0.0,12.0,153.8999939,68.69999695,29.005443648590823,79.5,0.5165692212545305,103.0,67.5,0.0,0.0,0.0,0.0,1.0,24.0,5.0,1.4285714285714286,15120.0,6.0,2005,4.300000191,0.0,0.0,0.0
27.0,0.0,10.0,157.0,67.40000153,27.343909095703676,81.0,0.5159235668789809,116.0,72.5,0.0,0.0,0.0,0.0,1.0,2.0,0.2857142857142857,0.5714285714285714,19680.0,6.0,2005,4.0,1.0,0.0,0.0
62.0,0.0,1.0,165.0,82.0,30.119375573921033,91.0,0.5515151515151515,108.5,64.5,0.0,0.0,0.0,0.0,0.0,0.0,3.0,0.5714285714285714,1920.0,7.0,2005,2.799999952,1.0,0.0,0.0
44.0,0.0,12.0,156.1000061,74.59999847,30.61490939653547,91.5,0.5861626933017782,148.5,102.5,0.0,0.0,0.0,0.0,0.0,0.0,0.8571428571428571,0.42857142857142855,20160.0,3.0,2005,3.599999905,1.0,0.0,0.0
51.0,1.0,7.0,168.0,58.59999847,20.762471113236966,73.0,0.43452380952380953,148.5,93.5,0.0,0.0,0.0,0.0,1.0,2.0,0.5714285714285714,0.2857142857142857,6800.0,7.0,2005,4.199999809,1.0,0.0,0.0
33.0,0.0,13.0,156.1999969,83.09999847,34.05955535208954,91.0,0.582586439219065,131.0,87.0,0.0,0.0,0.0,0.0,1.0,24.0,0.42857142857142855,0.14285714285714285,8160.0,10.0,2005,4.800000191,1.0,0.0,0.0
42.0,1.0,12.0,174.5,63.29999924,20.788006417024487,75.0,0.4297994269340974,141.5,91.5,0.0,0.0,0.0,0.0,1.0,10.0,0.2857142857142857,0.42857142857142855,13440.0,10.0,2005,5.400000095,1.0,0.0,0.0
27.0,0.0,12.0,171.0,82.09999847,28.077014626722757,81.5,0.4766081871345029,119.5,86.0,0.0,0.0,0.0,0.0,1.0,10.0,1.7142857142857142,0.8571428571428571,4320.0,6.0,2005,3.5,1.0,1.0,1.0
30.0,1.0,9.0,183.0,78.30000305,23.380812520529126,85.0,0.4644808743169399,135.0,80.0,0.0,0.0,0.0,0.0,0.0,0.0,5.0,0.8571428571428571,22320.0,3.0,2005,3.799999952,1.0,0.0,0.0
52.0,1.0,8.0,178.6000061,107.0999985,33.575812115915575,108.1999969,0.6058230302602436,185.0,114.0,1.0,1.0,0.0,0.0,1.0,0.5,0.5714285714285714,0.14285714285714285,18720.0,7.0,2005,5.699999809,1.0,0.0,0.0
53.0,0.0,10.0,173.5,93.0,30.89470056225033,98.0,0.5648414985590778,180.0,112.5,1.0,1.0,0.0,0.0,1.0,0.5,2.0,0.8571428571428571,14640.0,10.0,2005,3.700000048,1.0,0.0,0.0
43.0,1.0,4.0,170.1000061,59.20000076,20.460349780077912,73.5,0.432098749936494,219.5,113.5,0.0,0.0,1.0,0.0,1.0,2.0,0.2857142857142857,0.42857142857142855,30960.0,4.833333333333333,2005,2.900000095,1.0,0.0,0.0
35.0,0.0,0.0,164.1999969,58.0,21.5120453318167,75.0,0.4567600573444347,157.0,98.5,0.0,0.0,0.0,0.0,0.0,0.0,0.2857142857142857,0.42857142857142855,25200.0,4.0,2005,3.299999952,1.0,0.0,0.0
46.0,0.0,12.0,167.3999939,89.90000153,32.0810684179047,104.0,0.6212664503567823,129.5,76.0,1.0,1.0,0.0,0.0,1.0,0.5,2.0,2.0,11760.0,8.0,2005,3.799999952,1.0,0.0,0.0
52.0,1.0,12.0,180.5,93.5,28.698367876244046,103.5,0.5734072022160664,135.0,78.0,1.0,0.0,0.0,0.0,1.0,2.0,3.0,2.0,0.0,15.0,2005,5.5,1.0,1.0,1.0
29.0,1.0,10.0,156.0,55.40000153,22.764629162557526,50.09999847,0.32115383634615385,128.0,83.0,0.0,0.0,0.0,0.0,1.0,10.0,0.2857142857142857,0.5714285714285714,17400.0,2.5,2005,4.5,1.0,0.0,0.0
29.0,1.0,5.0,165.3999939,49.40000153,18.057431829098118,72.0,0.435308359464214,140.0,100.0,0.0,0.0,1.0,0.0,1.0,0.5,0.2857142857142857,1.7142857142857142,10080.0,5.0,2005,2.200000048,1.0,0.0,0.0
45.0,0.0,0.0,156.6000061,56.59999847,23.079844060385014,76.0,0.48531288020173324,165.0,80.0,0.0,0.0,0.0,1.0,1.0,0.5,0.2857142857142857,1.7142857142857142,31440.0,6.0,2005,3.799999952,1.0,0.0,0.0
39.0,0.0,8.0,167.8999939,64.80000305,22.98654321044549,75.0,0.4466944772176076,166.5,110.5,0.0,0.0,0.0,0.0,1.0,0.5,0.2857142857142857,1.4285714285714286,20400.0,5.0,2005,3.200000048,1.0,0.0,0.0
46.0,1.0,14.0,177.1000061,91.0,29.013775081764845,98.90000153,0.5584415478458868,174.0,110.0,0.0,0.0,1.0,0.0,1.0,10.0,0.5714285714285714,0.8571428571428571,26160.0,,2005,4.699999809,1.0,0.0,0.0
52.0,0.0,7.0,156.8999939,53.20000076,21.6105482606345,75.59999847,0.48183557303503505,127.5,70.5,0.0,0.0,0.0,0.0,0.0,0.0,1.4285714285714286,1.7142857142857142,18480.0,5.0,2005,2.599999905,1.0,0.0,0.0
39.0,0.0,6.0,,,,,,,,,1.0,0.0,0.0,0.0,0.0,0.2857142857142857,1.7142857142857142,0.0,12.0,2005,,,0.0,0.0
27.0,1.0,5.0,162.1000061,47.40000153,18.03899313588598,70.0,0.43183218609391527,185.5,122.0,0.0,0.0,0.0,0.0,1.0,10.0,0.2857142857142857,1.7142857142857142,21840.0,4.0,2005,3.799999952,1.0,0.0,0.0
56.0,1.0,2.0,180.0,69.40000153,21.419753558641972,86.5,0.48055555555555557,126.5,70.5,0.0,0.0,0.0,0.0,0.0,0.0,3.0,0.8571428571428571,18120.0,6.0,2005,6.400000095,1.0,0.0,1.0
34.0,0.0,11.0,149.5,79.40000153,35.52533037885482,95.0,0.6354515050167224,133.0,81.0,0.0,0.0,0.0,0.0,1.0,0.5,1.7142857142857142,0.5714285714285714,11760.0,5.0,2005,4.599999905,1.0,0.0,0.0
34.0,1.0,0.0,178.1999969,57.20000076,18.012776080459012,75.59999847,0.42424242303676496,177.0,111.0,0.0,0.0,1.0,0.0,1.0,10.0,0.8571428571428571,1.7142857142857142,10800.0,6.0,2005,3.5,1.0,0.0,0.0
38.0,0.0,,162.8000031,72.0,27.165873797149896,86.5,0.5313267712093797,140.0,94.5,0.0,0.0,0.0,0.0,1.0,2.0,1.7142857142857142,1.7142857142857142,20160.0,6.0,2005,5.0,1.0,0.0,0.0
34.0,1.0,11.0,164.8000031,54.29999924,19.993341884381877,68.0,0.41262135146161294,126.5,79.0,0.0,0.0,0.0,0.0,1.0,0.5,0.5714285714285714,1.7142857142857142,24960.0,5.0,2005,4.099999905,1.0,0.0,0.0
34.0,0.0,9.0,161.8000031,83.09999847,31.74270730766002,92.0,0.568603202950124,140.5,92.0,0.0,0.0,0.0,0.0,0.0,0.0,0.42857142857142855,1.7142857142857142,15600.0,6.0,2005,4.599999905,1.0,0.0,0.0
43.0,0.0,0.0,161.5,65.80000305,25.22788603360523,86.0,0.5325077399380805,150.0,89.0,0.0,0.0,0.0,0.0,1.0,2.0,0.5714285714285714,1.4285714285714286,16800.0,6.0,2005,3.400000095,1.0,0.0,0.0
34.0,0.0,8.0,159.5,65.30000305,25.66798795216242,86.0,0.5391849529780565,139.5,101.5,0.0,0.0,0.0,0.0,1.0,0.5,0.2857142857142857,0.2857142857142857,13920.0,5.0,2005,3.099999905,1.0,0.0,0.0
43.0,1.0,6.0,160.6000061,74.5,28.884520199236547,98.0,0.610211682924712,140.0,79.0,0.0,0.0,0.0,0.0,0.0,0.0,0.2857142857142857,0.5714285714285714,12060.0,6.0,2005,3.799999952,1.0,0.0,0.0
30.0,1.0,12.0,162.3000031,70.09999847,26.612210636654346,78.5,0.48367220271482547,132.5,87.5,0.0,0.0,0.0,0.0,1.0,2.0,0.42857142857142855,0.2857142857142857,1440.0,2.0,2005,2.400000095,1.0,0.0,0.0
34.0,0.0,5.0,151.3000031,59.20000076,25.860912118804357,77.0,0.5089226597643077,120.0,75.5,0.0,1.0,0.0,0.0,0.0,0.0,1.2857142857142858,0.42857142857142855,11760.0,6.0,2005,2.900000095,1.0,0.0,0.0
63.0,1.0,3.0,172.0,56.0,18.92915089237426,74.5,0.4331395348837209,151.5,88.0,0.0,1.0,0.0,0.0,0.0,0.0,0.42857142857142855,0.2857142857142857,4800.0,1.0,2005,3.799999952,,0.0,0.0
34.0,0.0,13.0,160.6000061,52.40000153,20.31609265279612,71.59999847,0.44582811799781125,94.0,65.5,0.0,0.0,0.0,0.0,0.0,0.0,0.5714285714285714,0.42857142857142855,10080.0,8.0,2005,2.900000095,,0.0,0.0
40.0,1.0,15.0,164.6999969,73.59999847,27.13255070694422,91.40000153,0.5549484107488771,117.0,82.5,0.0,0.0,0.0,0.0,0.0,0.0,0.42857142857142855,0.8571428571428571,4920.0,5.0,2005,2.900000095,1.0,0.0,0.0
27.0,0.0,14.0,159.8999939,52.90000153,20.689918991015702,69.19999695,0.43277047898624094,105.5,73.5,0.0,0.0,0.0,0.0,0.0,0.0,1.7142857142857142,0.8571428571428571,2520.0,4.5,2005,,,0.0,0.0
35.0,1.0,13.0,162.1000061,60.20000076,22.91028197124978,71.19999695,0.4392350047542657,115.0,59.5,0.0,0.0,0.0,0.0,0.0,0.0,0.42857142857142855,,21420.0,2.0,2005,,,0.0,0.0
31.0,0.0,6.0,162.6999969,108.8000031,41.101135322848215,119.0,0.7314075123992827,118.5,85.5,0.0,0.0,0.0,0.0,0.0,0.0,0.5714285714285714,0.8571428571428571,5520.0,4.0,2005,3.400000095,1.0,0.0,0.0
26.0,1.0,14.0,173.5,56.0,18.6032605536131,68.5,0.39481268011527376,145.0,90.5,0.0,1.0,0.0,0.0,1.0,2.0,1.7142857142857142,0.42857142857142855,21040.0,3.5,2005,6.099999905,1.0,0.0,0.0
47.0,0.0,5.0,151.1999969,43.90000153,19.20264136035717,,,146.0,95.5,0.0,1.0,0.0,0.0,0.0,0.0,0.5714285714285714,1.1428571428571428,2800.0,6.0,2005,4.0,1.0,0.0,0.0
55.0,1.0,11.0,182.0,71.30000305,21.525179039367224,80.5,0.4423076923076923,147.5,97.5,0.0,1.0,0.0,0.0,1.0,2.0,0.5714285714285714,0.8571428571428571,3960.0,4.0,2005,3.599999905,1.0,0.0,0.0
42.0,0.0,10.0,165.5,80.90000153,29.536058097315646,98.0,0.5921450151057401,175.5,113.5,0.0,1.0,0.0,0.0,0.0,0.0,0.2857142857142857,0.8571428571428571,5760.0,4.833333333333333,2005,3.400000095,,0.0,0.0
47.0,0.0,0.0,159.1999969,79.5,31.367580323139578,90.5,0.5684673477528189,169.5,83.0,0.0,0.0,0.0,0.0,1.0,2.0,0.5714285714285714,1.7142857142857142,8520.0,1.5,2005,3.299999952,1.0,0.0,0.0
28.0,1.0,15.0,167.0,77.40000153,27.752878027179175,90.0,0.5389221556886228,136.0,75.0,0.0,1.0,0.0,0.0,1.0,10.0,1.2857142857142858,0.2857142857142857,13320.0,5.0,2005,3.900000095,1.0,0.0,0.0
47.0,0.0,2.0,168.6000061,90.30000305,31.76673593990719,104.5999985,0.6204032901277575,128.0,82.5,0.0,0.0,0.0,0.0,0.0,0.0,0.14285714285714285,0.8571428571428571,11400.0,2.0,2005,3.5,1.0,0.0,0.0
28.0,1.0,0.0,163.1999969,63.20000076,23.72885547362361,76.09999847,0.46629901909023874,132.0,87.5,0.0,0.0,1.0,0.0,1.0,10.0,3.0,0.42857142857142855,35280.0,2.0,2005,2.0,1.0,0.0,0.0
60.0,1.0,4.0,160.6999969,59.59999847,23.07886845759198,77.30000305,0.48102056341732263,182.5,96.0,0.0,0.0,0.0,0.0,0.0,0.0,0.8571428571428571,0.8571428571428571,19200.0,3.0,2005,2.5,1.0,0.0,0.0
27.0,0.0,5.0,165.5,63.70000076,23.2564510218052,69.5,0.4199395770392749,131.0,77.5,0.0,0.0,0.0,0.0,0.0,0.0,0.5714285714285714,0.8571428571428571,7980.0,2.5,2005,2.599999905,1.0,0.0,0.0
52.0,0.0,2.0,167.3999939,77.5,27.656092993034395,92.5,0.5525687178654073,161.5,93.0,0.0,0.0,0.0,0.0,1.0,0.5,2.0,0.8571428571428571,1080.0,1.5,2005,3.099999905,1.0,0.0,0.0
30.0,0.0,7.0,168.1999969,68.19999695,24.106401650797903,71.90000153,0.4274673178070671,110.5,68.0,0.0,0.0,0.0,0.0,1.0,0.5,1.7142857142857142,0.5714285714285714,7440.0,4.5,2005,4.900000095,1.0,0.0,0.0
60.0,1.0,10.0,173.0,90.0,30.071168431955627,100.0,0.5780346820809249,214.0,116.5,0.0,1.0,0.0,0.0,1.0,2.0,0.5714285714285714,0.8571428571428571,11280.0,6.0,2005,3.099999905,1.0,0.0,0.0
27.0,1.0,15.0,170.1999969,58.90000153,20.332754192411198,67.0,0.3936545312592776,122.0,71.5,0.0,0.0,0.0,0.0,1.0,0.5,0.5714285714285714,0.8571428571428571,5760.0,9.5,2005,2.900000095,1.0,0.0,0.0
26.0,1.0,10.0,178.0,72.09999847,22.755964673021083,75.19999695,0.4224718929775281,129.5,89.5,0.0,0.0,0.0,0.0,1.0,10.0,0.8571428571428571,1.7142857142857142,22920.0,6.0,2005,3.400000095,1.0,0.0,0.0
46.0,0.0,3.0,163.0,98.80000305,37.18619558508036,92.5,0.5674846625766872,176.5,108.5,0.0,1.0,0.0,0.0,1.0,0.5,0.2857142857142857,1.1428571428571428,16560.0,4.0,2005,3.5,1.0,0.0,0.0
55.0,0.0,3.0,158.0,56.59999847,22.672648001121612,72.19999695,0.45696200601265824,150.5,79.5,0.0,0.0,0.0,0.0,0.0,0.0,0.7142857142857143,1.4285714285714286,14400.0,5.0,2005,3.299999952,1.0,0.0,0.0
61.0,0.0,0.0,157.0,71.0,28.804413972169254,94.5,0.6019108280254777,122.0,72.5,0.0,0.0,0.0,0.0,1.0,0.5,0.2857142857142857,0.7142857142857143,12960.0,8.0,2005,3.5,1.0,0.0,0.0
43.0,0.0,8.0,148.0,70.19999695,32.04893944028488,91.0,0.6148648648648649,138.0,81.5,0.0,1.0,0.0,0.0,0.0,0.0,0.14285714285714285,0.42857142857142855,9240.0,8.0,2005,4.199999809,1.0,0.0,0.0
25.0,1.0,10.0,162.0,56.20000076,21.414418823350097,71.5,0.44135802469135804,129.0,74.0,0.0,0.0,0.0,0.0,0.0,0.0,0.5714285714285714,0.42857142857142855,11880.0,5.75,2005,2.299999952,1.0,0.0,0.0
31.0,0.0,4.0,165.0,59.79999924,21.965105322314052,76.59999847,0.464242414969697,122.5,85.0,0.0,0.0,0.0,0.0,0.0,0.0,0.14285714285714285,1.1428571428571428,27840.0,3.0,2005,3.5,1.0,0.0,0.0
42.0,0.0,6.0,164.0,72.19999695,26.844139258625823,87.0,0.5304878048780488,132.5,84.5,0.0,0.0,0.0,0.0,1.0,10.0,0.14285714285714285,2.0,20320.0,8.0,2005,3.799999952,1.0,0.0,0.0
26.0,0.0,9.0,160.1000061,51.20000076,19.975022192344124,67.30000305,0.4203622766133049,134.5,91.5,0.0,0.0,0.0,0.0,0.0,0.0,5.0,2.0,13920.0,6.0,2005,3.5,1.0,0.0,0.0
50.0,0.0,7.0,153.1999969,51.0,21.72964659243737,76.09999847,0.4967362924927057,131.5,82.0,0.0,0.0,0.0,0.0,0.0,0.0,4.0,2.0,17640.0,4.0,2005,4.599999905,1.0,0.0,0.0
51.0,1.0,9.0,160.1000061,61.59999847,24.032447621522536,84.5,0.5277951079353519,155.0,96.5,0.0,0.0,0.0,0.0,0.0,0.0,2.2857142857142856,1.0,12960.0,3.0,2005,6.599999905,1.0,0.0,1.0
47.0,0.0,10.0,157.1000061,42.5,17.220133984627733,64.0,0.4073838161359562,114.5,66.0,0.0,0.0,0.0,0.0,1.0,2.0,0.8571428571428571,1.7142857142857142,11760.0,5.0,2005,4.300000191,1.0,0.0,0.0
49.0,1.0,7.0,175.3000031,64.09999847,20.85903302037681,80.30000305,0.4580718860808737,160.0,99.0,0.0,0.0,1.0,0.0,1.0,10.0,0.5714285714285714,1.1428571428571428,3360.0,10.0,2005,2.5,1.0,0.0,0.0
28.0,1.0,7.0,172.0,59.70000076,20.179827190373178,75.5,0.438953488372093,135.0,74.5,0.0,0.0,0.0,0.0,0.0,0.0,0.8571428571428571,0.42857142857142855,4200.0,12.0,2005,3.299999952,1.0,0.0,0.0
44.0,0.0,7.0,160.0,50.20000076,19.609375296874997,72.40000153,0.45250000956249997,109.5,73.0,,0.0,0.0,0.0,0.0,0.0,0.2857142857142857,0.8571428571428571,26640.0,5.0,2005,3.099999905,1.0,0.0,0.0
43.0,0.0,4.0,174.5,74.40000153,24.43329743762366,77.40000153,0.44355301736389685,131.0,83.5,0.0,0.0,0.0,1.0,1.0,0.5,0.8571428571428571,0.8571428571428571,16800.0,5.0,2005,3.200000048,1.0,0.0,0.0
37.0,1.0,23.0,167.6000061,71.40000153,25.41851419614317,84.5,0.5041765926284175,127.5,81.5,0.0,0.0,0.0,0.0,1.0,2.0,0.5714285714285714,1.4285714285714286,8400.0,6.0,2005,3.400000095,1.0,0.0,0.0
30.0,0.0,14.0,174.0,58.59999847,19.355264390936718,78.0,0.4482758620689655,112.0,83.0,0.0,0.0,0.0,0.0,0.0,0.0,0.5714285714285714,1.7142857142857142,14640.0,7.0,2005,3.900000095,1.0,0.0,0.0
45.0,1.0,15.0,169.5,60.20000076,20.95352485968622,81.5,0.4808259587020649,126.0,82.0,0.0,0.0,0.0,0.0,0.0,0.0,1.4285714285714286,0.5714285714285714,18000.0,6.0,2005,4.300000191,1.0,0.0,0.0
54.0,0.0,3.0,163.1000061,55.40000153,20.825806177159713,77.5,0.4751685904443384,137.5,76.5,0.0,0.0,0.0,0.0,0.0,0.0,0.2857142857142857,1.7142857142857142,29280.0,6.0,2005,3.5,1.0,0.0,0.0
55.0,0.0,0.0,157.0,46.79999924,18.986571155016428,67.09999847,0.42738852528662424,137.0,79.5,0.0,0.0,0.0,0.0,0.0,0.0,2.5714285714285716,1.1428571428571428,13920.0,6.0,2005,4.400000095,1.0,0.0,0.0
47.0,1.0,6.0,165.5,64.90000153,23.694563404861217,78.09999847,0.4719033140181269,148.5,96.0,0.0,0.0,0.0,0.0,0.0,0.0,0.14285714285714285,1.7142857142857142,16800.0,6.0,2005,3.5,1.0,0.0,0.0
55.0,0.0,2.0,164.6000061,136.3999939,50.34480429383615,122.5,0.7442284049830299,200.5,101.5,0.0,1.0,0.0,0.0,1.0,0.5,0.14285714285714285,1.7142857142857142,1480.0,10.0,2005,3.799999952,1.0,0.0,0.0
64.0,1.0,0.0,161.1999969,62.0,23.85951609232534,89.5,0.5552109287912772,209.0,115.0,0.0,0.0,0.0,0.0,1.0,24.0,0.14285714285714285,1.7142857142857142,17160.0,1.1666666666666667,2005,4.0,1.0,0.0,0.0
62.0,0.0,0.0,153.6000061,72.69999695,30.814273060968876,93.0,0.6054687259546925,148.0,88.5,0.0,0.0,0.0,0.0,0.0,0.0,0.14285714285714285,1.4285714285714286,3780.0,8.0,2005,3.299999952,1.0,0.0,0.0
26.0,0.0,8.0,162.0,53.5,20.385611949397955,74.0,0.4567901234567901,137.0,87.5,0.0,0.0,0.0,0.0,0.0,0.0,0.2857142857142857,1.4285714285714286,19200.0,8.0,2005,3.900000095,1.0,0.0,0.0
26.0,1.0,7.0,163.6000061,57.0,21.296499508831317,69.5,0.4248166100771313,117.0,76.0,0.0,0.0,0.0,0.0,1.0,10.0,1.7142857142857142,0.5714285714285714,22840.0,8.0,2005,4.199999809,1.0,0.0,0.0
32.0,1.0,7.0,170.1000061,75.19999695,25.99017265718346,81.0,0.47619045911368724,113.0,72.5,0.0,0.0,0.0,0.0,1.0,24.0,0.5714285714285714,0.5714285714285714,5640.0,10.0,2005,4.0,1.0,0.0,0.0
27.0,0.0,10.0,150.5,44.70000076,19.73488184898622,69.5,0.46179401993355484,125.0,82.0,0.0,0.0,0.0,0.0,1.0,0.5,0.2857142857142857,0.5714285714285714,3280.0,2.0,2005,3.200000048,1.0,0.0,0.0
27.0,0.0,10.0,162.1000061,68.19999695,25.95483622653155,80.0,0.493522498393046,113.5,72.0,0.0,0.0,0.0,0.0,1.0,0.5,0.5714285714285714,1.1428571428571428,3160.0,2.0,2005,4.099999905,1.0,0.0,0.0
35.0,1.0,8.0,166.0,57.29999924,20.79401917549717,67.5,0.4066265060240964,135.5,84.0,0.0,0.0,1.0,0.0,1.0,0.5,0.14285714285714285,0.14285714285714285,0.0,0.16666666666666666,2005,3.799999952,1.0,0.0,0.0
28.0,0.0,5.0,162.5,57.09999847,21.62366805964497,70.5,0.4338461538461538,114.0,71.5,0.0,0.0,0.0,0.0,0.0,0.0,0.5714285714285714,1.4285714285714286,18120.0,10.0,2005,3.299999952,0.0,0.0,0.0
32.0,0.0,5.0,165.0,53.29999924,19.57759384389348,69.0,0.41818181818181815,134.5,91.0,0.0,0.0,1.0,0.0,1.0,10.0,1.2857142857142858,0.8571428571428571,18960.0,8.0,2005,2.599999905,1.0,0.0,0.0
29.0,0.0,7.0,171.0,85.5,29.23976608187135,94.0,0.5497076023391813,136.0,76.5,0.0,0.0,0.0,0.0,0.0,0.0,0.5714285714285714,0.7142857142857143,9240.0,2.0,2005,3.5,1.0,0.0,0.0
40.0,0.0,2.0,153.5,73.40000153,31.151524803446193,91.0,0.5928338762214984,117.0,67.5,0.0,1.0,0.0,0.0,0.0,0.0,0.8571428571428571,0.8571428571428571,360.0,2.5,2005,4.0,1.0,0.0,0.0
25.0,0.0,7.0,163.0,66.0,24.840980089578082,80.5,0.4938650306748466,122.0,78.5,,0.0,0.0,0.0,1.0,2.0,1.7142857142857142,0.5714285714285714,14640.0,6.0,2005,4.800000191,1.0,0.0,0.0
47.0,0.0,13.0,160.0,91.5,35.74218749999999,104.1999969,0.6512499806250001,189.5,102.0,0.0,1.0,0.0,0.0,1.0,0.5,1.1428571428571428,0.8571428571428571,16560.0,6.0,2005,3.5,0.0,0.0,0.0
25.0,1.0,8.0,168.1999969,57.59999847,20.359659241937322,65.0,0.3864447158024888,159.5,97.5,0.0,0.0,0.0,0.0,1.0,10.0,1.4285714285714286,0.42857142857142855,5200.0,1.0,2005,4.800000191,0.0,0.0,0.0
25.0,1.0,7.0,173.0,56.59999847,18.911423191553343,68.40000153,0.3953757313872832,121.0,79.0,0.0,0.0,1.0,0.0,1.0,10.0,0.5714285714285714,0.42857142857142855,24000.0,6.0,2005,3.099999905,0.0,0.0,0.0
26.0,0.0,5.0,153.5,54.59999847,23.17265900752263,76.0,0.495114006514658,134.5,91.0,,0.0,0.0,0.0,0.0,0.0,1.0,0.2857142857142857,15360.0,5.0,2005,2.599999905,0.0,0.0,0.0
33.0,0.0,8.0,164.6000061,,,150.0,0.9113000877343224,151.5,94.0,0.0,0.0,0.0,0.0,1.0,0.5,5.0,2.0,13920.0,6.0,2005,3.5,0.0,0.0,0.0
29.0,1.0,,168.5,50.0,17.610439468516933,69.0,0.4094955489614243,132.0,79.5,0.0,0.0,0.0,0.0,0.0,0.0,0.2857142857142857,0.2857142857142857,17520.0,2.0,2005,3.299999952,1.0,0.0,0.0
25.0,1.0,13.0,160.0,72.5,28.320312499999993,93.0,0.58125,118.0,68.0,0.0,0.0,0.0,0.0,1.0,10.0,0.5714285714285714,0.8571428571428571,4960.0,9.0,2005,4.099999905,0.0,0.0,0.0
28.0,1.0,15.0,176.0,96.30000305,31.088585695377066,97.0,0.5511363636363636,132.5,74.0,0.0,0.0,0.0,0.0,1.0,10.0,1.0,0.8571428571428571,11040.0,6.0,2005,4.5,0.0,0.0,0.0
26.0,0.0,12.0,161.1999969,58.5,22.512607925823104,71.0,0.4404466585941975,127.5,79.5,0.0,1.0,0.0,0.0,1.0,0.5,1.2857142857142858,1.1428571428571428,5880.0,5.0,2005,5.199999809,0.0,0.0,0.0
41.0,0.0,5.0,164.5,64.19999695,23.724835117931285,77.5,0.47112462006079026,143.5,86.5,0.0,0.0,0.0,0.0,1.0,2.0,0.5714285714285714,0.7142857142857143,11760.0,3.0,2005,3.0,1.0,0.0,0.0
52.0,1.0,6.0,169.0,65.0,22.758306781975424,90.0,0.5325443786982249,153.0,90.5,0.0,0.0,0.0,0.0,0.0,0.0,1.2857142857142858,0.7142857142857143,2800.0,6.833333333333333,2005,3.900000095,1.0,0.0,0.0
52.0,0.0,4.0,159.6999969,65.19999695,25.56452689793913,83.5,0.5228553639377058,158.5,91.5,1.0,1.0,0.0,0.0,0.0,0.0,0.2857142857142857,1.1428571428571428,10560.0,8.0,2005,5.900000095,1.0,0.0,0.0
33.0,0.0,13.0,164.0,64.0,23.795359904818564,76.0,0.4634146341463415,133.5,82.5,0.0,0.0,0.0,0.0,1.0,0.5,0.2857142857142857,0.5714285714285714,600.0,2.0,2005,4.099999905,1.0,0.0,0.0
43.0,1.0,22.0,170.0,79.30000305,27.43944742214533,92.0,0.5411764705882353,166.0,108.5,0.0,0.0,0.0,0.0,1.0,2.0,2.0,0.5714285714285714,840.0,2.5,2005,4.0,1.0,0.0,0.0
45.0,1.0,12.0,168.0,54.90000153,19.451531154336738,74.40000153,0.4428571519642857,141.5,94.0,0.0,0.0,1.0,0.0,1.0,0.5,0.2857142857142857,1.4285714285714286,8280.0,2.0,2005,4.800000191,1.0,0.0,0.0
47.0,0.0,3.0,158.0,49.79999924,19.94872586124018,62.20000076,0.393670890886076,144.5,86.0,0.0,0.0,0.0,0.0,0.0,0.0,1.1428571428571428,1.4285714285714286,20440.0,1.0,2005,3.799999952,1.0,0.0,0.0
42.0,0.0,8.0,156.5,88.69999695,36.21553632271433,103.0,0.65814696485623,144.5,87.0,0.0,0.0,0.0,0.0,0.0,0.0,0.8571428571428571,2.0,12160.0,2.0,2005,2.5,1.0,0.0,0.0
45.0,1.0,7.0,161.3999939,60.29999924,23.147829707989096,71.5,0.44299877758545564,133.0,78.5,0.0,0.0,0.0,0.0,0.0,0.0,0.8571428571428571,2.0,10080.0,2.0,2005,3.700000048,1.0,0.0,0.0
29.0,1.0,8.0,172.8999939,64.5,21.575941639653,78.0,0.4511278354648918,128.0,71.0,0.0,0.0,0.0,0.0,0.0,0.0,1.2857142857142858,1.4285714285714286,34560.0,0.6666666666666666,2005,3.900000095,1.0,0.0,0.0
62.0,0.0,2.0,151.3999939,121.3000031,52.91869145330742,127.0,0.8388375503098353,199.0,112.0,0.0,0.0,0.0,0.0,0.0,0.0,0.2857142857142857,1.4285714285714286,1440.0,13.0,2005,4.199999809,1.0,0.0,0.0
40.0,0.0,10.0,160.0,54.70000076,21.367187796874997,71.0,0.44375,95.5,67.0,0.0,0.0,0.0,0.0,1.0,10.0,0.0,1.4285714285714286,16000.0,0.5,2005,1.200000048,1.0,0.0,0.0
51.0,1.0,11.0,175.0,70.90000153,23.1510209077551,82.0,0.4685714285714286,144.5,88.0,0.0,0.0,0.0,0.0,1.0,10.0,,,,6.0,2005,4.599999905,1.0,0.0,0.0
28.0,0.0,5.0,157.0,46.40000153,18.824293695484602,72.5,0.46178343949044587,107.0,77.5,0.0,0.0,0.0,0.0,0.0,0.0,0.5714285714285714,1.4285714285714286,19040.0,3.0,2005,3.200000048,1.0,0.0,0.0
59.0,0.0,0.0,154.5,53.0,22.20337030403955,73.0,0.47249190938511326,137.0,80.5,0.0,0.0,0.0,0.0,0.0,0.0,0.2857142857142857,1.7142857142857142,320.0,8.0,2005,3.799999952,1.0,0.0,0.0
37.0,0.0,5.0,159.0,101.1999969,40.0300608757565,99.69999695,0.6270440059748428,107.5,75.0,0.0,0.0,0.0,0.0,1.0,2.0,0.2857142857142857,1.7142857142857142,480.0,4.0,2005,4.800000191,1.0,0.0,0.0
62.0,0.0,0.0,160.0,73.09999847,28.554686902343747,82.0,0.5125,157.0,96.0,0.0,0.0,0.0,0.0,1.0,0.5,0.2857142857142857,1.7142857142857142,10560.0,6.0,2005,4.300000191,1.0,0.0,0.0
28.0,1.0,9.0,165.0,58.5,21.487603305785125,72.5,0.4393939393939394,135.5,86.5,0.0,0.0,0.0,0.0,1.0,0.5,2.0,1.7142857142857142,33600.0,2.0,2005,4.099999905,1.0,0.0,0.0
34.0,0.0,9.0,166.1000061,86.5,31.352834548940976,91.0,0.5478627131730129,133.5,79.5,0.0,1.0,0.0,0.0,1.0,10.0,2.5714285714285716,0.42857142857142855,17280.0,1.0,2005,4.199999809,1.0,0.0,0.0
36.0,1.0,10.0,183.1999969,67.5,20.111888325805637,78.5,0.42849345703236746,111.0,63.5,0.0,0.0,0.0,0.0,1.0,2.0,2.5714285714285716,0.5714285714285714,24640.0,3.0,2005,3.799999952,1.0,0.0,0.0
42.0,0.0,5.0,168.0,87.19999695,30.89569052933674,91.0,0.5416666666666666,106.0,70.5,0.0,1.0,0.0,0.0,1.0,2.0,0.8571428571428571,1.1428571428571428,23300.0,2.0,2005,3.099999905,,0.0,0.0
64.0,0.0,0.0,148.5,69.80000305,31.65210037524515,99.0,0.6666666666666666,205.0,76.0,0.0,0.0,0.0,0.0,1.0,10.0,1.1428571428571428,1.1428571428571428,480.0,,2005,2.099999905,1.0,0.0,0.0
62.0,1.0,10.0,162.5,60.40000153,22.873373360473373,78.09999847,0.48061537520000003,164.5,108.5,0.0,0.0,0.0,0.0,0.0,0.0,0.5714285714285714,0.8571428571428571,1200.0,3.0,2005,4.199999809,1.0,0.0,0.0
45.0,0.0,0.0,165.0,67.09999847,24.646464084481178,,,206.0,107.5,0.0,0.0,0.0,0.0,0.0,0.0,0.42857142857142855,1.7142857142857142,32060.0,4.0,2005,3.400000095,1.0,0.0,0.0
41.0,1.0,9.0,173.0,62.09999847,20.74910570683952,79.5,0.4595375722543353,116.5,80.5,0.0,0.0,1.0,0.0,1.0,2.0,0.14285714285714285,1.4285714285714286,23640.0,3.0,2005,2.5,1.0,0.0,0.0
46.0,1.0,20.0,172.5,92.0,30.91787439613526,101.0,0.5855072463768116,162.0,78.0,0.0,0.0,0.0,0.0,1.0,10.0,0.42857142857142855,0.5714285714285714,1680.0,2.0,2005,2.5,1.0,0.0,0.0
38.0,0.0,19.0,167.0,78.19999695,28.039727831761628,87.0,0.5209580838323353,124.0,84.5,0.0,0.0,0.0,0.0,1.0,0.5,3.0,1.1428571428571428,120.0,0.5,2005,4.800000191,1.0,0.0,0.0
44.0,1.0,16.0,169.5,75.40000153,26.24411605537717,95.0,0.56047197640118,194.5,116.0,0.0,0.0,0.0,0.0,1.0,24.0,0.42857142857142855,1.1428571428571428,12000.0,3.0,2005,3.900000095,1.0,0.0,0.0
33.0,0.0,14.0,156.5,53.29999924,21.76198562402393,67.0,0.4281150159744409,118.5,72.5,0.0,0.0,0.0,0.0,1.0,0.5,0.8571428571428571,0.8571428571428571,1440.0,10.0,2005,5.0,1.0,0.0,0.0
39.0,1.0,13.0,175.1999969,83.0,27.040200285523227,105.0,0.59931507909747,132.0,95.0,0.0,0.0,0.0,0.0,1.0,2.0,1.2857142857142858,2.0,5040.0,11.0,2005,6.800000191,1.0,0.0,1.0
38.0,1.0,7.0,167.5,62.59999847,22.312318456671864,82.0,0.48955223880597015,132.0,91.5,0.0,0.0,0.0,0.0,0.0,0.0,2.0,0.2857142857142857,11000.0,1.0,2005,3.799999952,1.0,0.0,0.0
28.0,1.0,16.0,177.1999969,61.09999847,19.458698072286477,70.90000153,0.4001128824511847,130.5,80.5,0.0,0.0,0.0,0.0,1.0,0.5,1.4285714285714286,0.42857142857142855,5080.0,0.5,2005,2.0,1.0,0.0,0.0
37.0,1.0,18.0,172.5,49.90000153,16.769586735559752,60.90000153,0.35304348713043476,110.0,71.0,0.0,0.0,0.0,0.0,1.0,0.5,2.0,2.0,840.0,16.0,2005,2.299999952,1.0,0.0,0.0
29.0,0.0,9.0,160.1000061,59.0,23.018091637784252,67.0,0.41848842877714293,96.0,62.0,0.0,1.0,0.0,0.0,0.0,0.0,0.2857142857142857,0.2857142857142857,600.0,3.0,2005,3.5,1.0,0.0,0.0
25.0,0.0,12.0,169.5,61.20000076,21.301590052296795,71.0,0.41887905604719766,90.0,61.0,0.0,1.0,0.0,0.0,0.0,0.0,2.0,0.5714285714285714,2880.0,3.0,2005,4.900000095,1.0,0.0,0.0
43.0,0.0,15.0,164.0,63.20000076,23.497918188578232,80.0,0.4878048780487805,108.5,71.0,0.0,1.0,0.0,0.0,0.0,0.0,1.2857142857142858,0.2857142857142857,560.0,3.0,2005,5.900000095,1.0,0.0,0.0
26.0,1.0,15.0,172.5,105.3000031,35.38752467128754,110.0999985,0.6382608608695652,150.0,93.5,0.0,0.0,0.0,0.0,0.0,0.0,0.5714285714285714,0.8571428571428571,560.0,3.0,2005,3.400000095,1.0,0.0,0.0
45.0,0.0,4.0,163.5,91.40000153,34.1909122988151,101.0999985,0.6183486146788991,138.5,94.5,0.0,0.0,0.0,0.0,1.0,,0.8571428571428571,0.42857142857142855,960.0,6.0,2005,4.300000191,1.0,0.0,0.0
26.0,0.0,12.0,164.5,53.70000076,19.84460629890707,76.0,0.46200607902735563,127.5,98.5,0.0,0.0,0.0,0.0,0.0,0.0,1.2857142857142858,0.42857142857142855,600.0,0.5,2005,3.0,1.0,0.0,0.0
41.0,0.0,15.0,165.3000031,64.5,23.605542794201867,75.0,0.45372049965799427,98.0,64.0,0.0,1.0,0.0,0.0,0.0,0.0,0.8571428571428571,0.2857142857142857,13120.0,3.0,2005,3.099999905,1.0,0.0,0.0
60.0,1.0,14.0,178.8999939,89.19999695,27.87046328799326,104.5,0.5841252295313801,148.0,90.0,0.0,1.0,0.0,0.0,0.0,0.0,0.5714285714285714,1.4285714285714286,1120.0,3.0,2005,4.599999905,1.0,1.0,1.0
52.0,0.0,12.0,157.3000031,90.40000153,36.535156790738924,101.0,0.6420851748857975,150.5,104.0,0.0,1.0,0.0,0.0,0.0,0.0,0.5714285714285714,0.2857142857142857,2560.0,3.0,2005,2.599999905,1.0,0.0,0.0
31.0,0.0,15.0,150.1999969,50.0,22.163082185986745,75.5,0.5026631262200778,101.0,70.5,0.0,0.0,0.0,0.0,1.0,10.0,0.5714285714285714,0.42857142857142855,1920.0,6.0,2005,4.599999905,1.0,0.0,0.0
32.0,1.0,,167.0,63.0,22.589551436050055,83.5,0.5,147.5,98.5,0.0,0.0,0.0,0.0,1.0,2.0,0.5714285714285714,0.42857142857142855,1920.0,3.0,2005,4.800000191,1.0,0.0,0.0
25.0,1.0,14.0,171.0,61.20000076,20.929517034301156,75.0,0.43859649122807015,119.5,72.0,0.0,0.0,0.0,0.0,1.0,10.0,0.42857142857142855,0.8571428571428571,240.0,6.0,2005,3.799999952,1.0,0.0,0.0
50.0,1.0,17.0,170.1999969,75.90000153,26.20129090365278,94.5,0.5552291522985333,175.5,108.0,,1.0,0.0,0.0,1.0,24.0,0.2857142857142857,0.8571428571428571,560.0,3.0,2005,4.699999809,1.0,0.0,0.0
29.0,0.0,11.0,156.5,56.0,22.86437546570854,75.5,0.48242811501597443,90.0,55.5,,1.0,0.0,0.0,1.0,0.5,0.0,0.42857142857142855,0.0,3.0,2005,4.599999905,1.0,0.0,0.0
40.0,1.0,12.0,178.8999939,72.80000305,22.746299122724604,79.5,0.4443823516530595,112.0,82.0,0.0,0.0,0.0,0.0,1.0,2.0,4.0,0.8571428571428571,17040.0,1.5,2005,4.400000095,1.0,0.0,0.0
29.0,0.0,13.0,162.5,103.0,39.005917159763314,105.1999969,0.6473845963076923,120.0,77.0,0.0,0.0,0.0,0.0,1.0,2.0,3.0,2.0,10320.0,1.5,2005,6.099999905,1.0,1.0,1.0
25.0,0.0,10.0,160.0,45.90000153,17.929688097656246,62.0,0.3875,104.5,60.0,0.0,0.0,0.0,0.0,0.0,0.0,1.4285714285714286,2.0,11200.0,1.0,2005,3.299999952,1.0,0.0,0.0
39.0,1.0,11.0,171.0,88.09999847,30.128928035976887,110.0,0.6432748538011696,126.0,81.5,0.0,1.0,1.0,0.0,0.0,0.0,1.7142857142857142,0.8571428571428571,9120.0,1.5,2005,2.5,1.0,0.0,0.0
33.0,0.0,8.0,154.1999969,65.0,27.336608096299322,82.0,0.5317769237905866,154.0,83.5,0.0,0.0,0.0,0.0,0.0,0.0,0.8571428571428571,1.1428571428571428,11440.0,1.0,2005,2.5,1.0,0.0,0.0
29.0,0.0,7.0,162.3999939,71.59999847,27.148197241810774,85.09999847,0.5240147885867624,129.0,85.0,0.0,0.0,0.0,0.0,0.0,0.0,1.2857142857142858,0.8571428571428571,12600.0,4.0,2005,5.199999809,1.0,0.0,0.0
25.0,0.0,10.0,161.1000061,55.59999847,21.42316663697782,70.19999695,0.43575415451210214,109.5,70.5,0.0,0.0,0.0,0.0,1.0,2.0,4.0,1.1428571428571428,14280.0,2.5,2005,2.700000048,1.0,0.0,0.0
45.0,0.0,4.0,153.6000061,60.5,25.643240693266865,87.0,0.5664062275060027,155.5,98.5,0.0,0.0,0.0,0.0,0.0,0.0,6.0,2.0,11760.0,1.0,2005,4.699999809,1.0,0.0,0.0
43.0,1.0,14.0,166.0,64.40000153,23.37059135215561,83.0,0.5,113.5,81.0,0.0,0.0,0.0,0.0,1.0,10.0,0.7142857142857143,0.8571428571428571,4760.0,2.0,2005,4.199999809,1.0,0.0,0.0
30.0,0.0,17.0,161.8999939,64.90000153,24.760022913720334,73.30000305,0.4527486461505049,123.5,78.5,0.0,0.0,0.0,0.0,1.0,0.5,5.0,2.0,2100.0,2.0,2005,4.800000191,1.0,0.0,0.0
26.0,1.0,18.0,172.1999969,63.20000076,21.313305246814032,71.0,0.41231127339236323,131.0,90.0,0.0,0.0,0.0,0.0,1.0,10.0,2.0,0.5714285714285714,10440.0,2.5,2005,2.599999905,1.0,0.0,0.0
57.0,1.0,,163.5,65.0,24.3151998054784,85.09999847,0.5204892872782875,165.5,87.0,1.0,1.0,0.0,0.0,0.0,0.0,1.2857142857142858,3.0,2880.0,5.0,2005,6.199999809,1.0,0.0,1.0
48.0,0.0,11.0,158.1999969,72.5,28.968437127442,87.5,0.5530973559709342,178.5,105.0,0.0,1.0,0.0,0.0,0.0,0.0,0.2857142857142857,1.4285714285714286,1500.0,1.0,2005,4.900000095,1.0,0.0,0.0
39.0,0.0,16.0,169.0,89.59999847,31.37145004376598,90.0,0.5325443786982249,128.5,82.5,0.0,0.0,0.0,0.0,1.0,0.5,1.4285714285714286,0.42857142857142855,1680.0,2.0,2005,3.5,1.0,0.0,0.0
29.0,1.0,17.0,187.0,75.5,21.590551631444992,70.5,0.3770053475935829,118.0,63.5,0.0,0.0,0.0,0.0,1.0,10.0,1.4285714285714286,0.8571428571428571,5400.0,5.75,2005,5.099999905,1.0,0.0,0.0
53.0,0.0,6.0,161.5,91.59999847,35.11966892043439,102.5,0.6346749226006192,155.0,104.5,1.0,1.0,0.0,0.0,1.0,0.5,1.1428571428571428,0.8571428571428571,7420.0,3.0,2005,6.199999809,1.0,1.0,1.0
26.0,0.0,11.0,171.0,69.19999695,23.665400277008313,77.0,0.4502923976608187,117.0,76.5,0.0,0.0,0.0,0.0,1.0,2.0,1.7142857142857142,0.8571428571428571,6720.0,4.0,2005,4.300000191,1.0,0.0,0.0
45.0,0.0,6.0,158.0,84.80000305,33.968916459701965,98.0,0.620253164556962,135.5,90.5,0.0,0.0,0.0,0.0,0.0,0.0,2.2857142857142856,0.8571428571428571,13440.0,0.75,2005,4.0,1.0,0.0,0.0
29.0,0.0,14.0,162.5,69.19999695,26.205916004733727,86.0,0.5292307692307693,112.0,68.5,0.0,0.0,0.0,0.0,1.0,0.5,1.4285714285714286,0.2857142857142857,2960.0,1.3333333333333333,2005,4.099999905,1.0,0.0,0.0
38.0,1.0,17.0,174.5,94.0,30.870025697654366,102.5,0.5873925501432665,142.0,79.5,0.0,1.0,0.0,0.0,1.0,0.5,2.142857142857143,0.5714285714285714,3660.0,2.0,2005,4.099999905,1.0,0.0,0.0
37.0,0.0,12.0,154.8000031,56.5,23.57797580652546,81.0,0.5232558034748515,127.5,93.0,0.0,0.0,0.0,0.0,1.0,0.5,1.4285714285714286,0.42857142857142855,12960.0,3.5,2005,2.799999952,1.0,0.0,0.0
41.0,0.0,14.0,158.1999969,78.30000305,31.285913316309546,82.5,0.5214917927725952,121.0,62.0,0.0,0.0,0.0,0.0,1.0,0.5,0.8571428571428571,0.14285714285714285,564.0,2.5,2005,4.699999809,1.0,0.0,0.0
51.0,0.0,0.0,157.5,56.5,22.776518014613256,75.0,0.47619047619047616,127.5,85.0,0.0,0.0,0.0,0.0,1.0,0.5,1.1428571428571428,0.2857142857142857,120.0,2.0,2005,2.200000048,1.0,0.0,0.0
47.0,0.0,7.0,150.1999969,72.0,31.91483834782091,88.0,0.5858854981108192,125.0,79.0,0.0,0.0,0.0,0.0,1.0,0.5,0.14285714285714285,0.8571428571428571,2880.0,3.0,2005,3.5,1.0,0.0,0.0
25.0,1.0,8.0,170.0,56.90000153,19.68858184429066,80.5,0.47352941176470587,144.0,81.0,0.0,0.0,0.0,0.0,1.0,2.0,2.0,1.7142857142857142,9120.0,1.0,2005,,1.0,0.0,0.0
27.0,0.0,3.0,152.0,48.90000153,21.16516686720914,63.0,0.4144736842105263,114.5,69.0,0.0,0.0,0.0,0.0,0.0,0.0,0.42857142857142855,0.8571428571428571,5760.0,4.0,2005,1.700000048,0.0,0.0,0.0
45.0,1.0,0.0,156.1000061,50.29999924,20.642492640233467,80.09999847,0.5131325774496559,154.0,95.0,0.0,0.0,0.0,1.0,1.0,24.0,1.1428571428571428,1.7142857142857142,10800.0,4.0,2005,6.199999809,1.0,0.0,1.0
50.0,0.0,0.0,162.8999939,65.59999847,24.720752876124873,93.19999695,0.5721301438919206,172.5,72.5,0.0,0.0,0.0,0.0,0.0,0.0,0.5714285714285714,1.1428571428571428,26160.0,3.0,2005,3.200000048,1.0,0.0,0.0
44.0,1.0,1.0,161.3999939,53.90000153,20.691012809319428,76.0,0.4708798195313934,168.0,74.0,0.0,0.0,0.0,0.0,1.0,2.0,1.7142857142857142,0.7142857142857143,11880.0,5.0,2005,3.799999952,1.0,0.0,0.0
34.0,0.0,5.0,170.0,75.30000305,26.055364377162633,88.0,0.5176470588235295,140.0,82.0,0.0,0.0,0.0,0.0,1.0,2.0,1.7142857142857142,1.1428571428571428,10920.0,2.0,2005,4.0,1.0,0.0,0.0
31.0,1.0,2.0,168.8999939,60.40000153,21.172770100131974,77.5,0.45885140792772994,123.0,79.0,0.0,0.0,1.0,0.0,1.0,10.0,3.0,1.4285714285714286,33840.0,0.75,2005,2.5,1.0,0.0,0.0
25.0,0.0,0.0,152.3000031,47.0,20.262733549212406,72.19999695,0.47406431700853985,135.5,74.5,0.0,0.0,0.0,0.0,0.0,0.0,5.0,1.4285714285714286,16560.0,0.25,2005,3.200000048,1.0,0.0,0.0
55.0,1.0,0.0,170.3000031,66.30000305,22.860421657976893,88.0,0.5167351638175044,143.5,82.0,0.0,0.0,0.0,0.0,1.0,2.0,0.0,2.0,24000.0,,2005,5.300000191,1.0,0.0,0.0
38.0,0.0,3.0,158.6000061,57.79999924,22.978487201954074,70.19999695,0.4426229145649446,106.0,67.0,0.0,0.0,0.0,0.0,0.0,0.0,0.0,1.1428571428571428,0.0,8.0,2005,3.799999952,1.0,0.0,0.0
47.0,1.0,4.0,,,,,,125.0,75.0,0.0,0.0,0.0,0.0,1.0,0.5,2.0,1.7142857142857142,720.0,6.0,2005,3.799999952,1.0,0.0,0.0
25.0,0.0,11.0,147.0,31.7,14.669813503632746,67.5,0.45918367346938777,103.5,68.0,0.0,0.0,0.0,0.0,0.0,0.0,1.7142857142857142,0.5714285714285714,840.0,0.25,2014,3.0,1.0,0.0,0.0
25.0,0.0,,158.0,57.6,23.07322544464028,77.0,0.4873417721518987,121.5,72.5,0.0,0.0,0.0,0.0,0.0,0.0,5.714285714285714,0.5714285714285714,1260.0,1.0,2014,4.4,1.0,0.0,0.0
42.0,0.0,,163.0,61.5,23.147276901652305,87.0,0.5337423312883436,151.5,90.5,0.0,0.0,0.0,0.0,0.0,0.0,0.8571428571428571,0.8571428571428571,3600.0,0.5,2014,2.9,1.0,0.0,0.0
34.0,0.0,12.0,157.0,45.8,18.580875491906365,87.5,0.5573248407643312,147.0,96.5,0.0,1.0,0.0,0.0,0.0,0.0,1.2857142857142858,1.1428571428571428,15120.0,1.0,2014,3.0,1.0,0.0,0.0
47.0,1.0,10.0,170.0,79.0,27.33564013840831,70.9,0.4170588235294118,112.5,72.5,0.0,1.0,0.0,0.0,0.0,0.0,1.2857142857142858,1.1428571428571428,1260.0,8.0,2014,3.2,1.0,,0.0
37.0,0.0,,,,,145.0,,181.5,117.5,0.0,1.0,0.0,0.0,1.0,2.0,0.42857142857142855,1.7142857142857142,0.0,12.0,2014,,1.0,0.0,0.0
40.0,0.0,4.0,154.0,65.8,27.744982290436834,100.0,0.6493506493506493,111.0,76.5,0.0,0.0,0.0,0.0,0.0,0.0,0.42857142857142855,1.4285714285714286,8520.0,0.5,2014,24.7,1.0,0.0,1.0
50.0,1.0,3.0,164.0,54.5,20.26323616894706,77.5,0.4725609756097561,127.5,76.5,0.0,0.0,0.0,0.0,1.0,2.0,1.7142857142857142,1.1428571428571428,25200.0,1.0,2014,5.5,0.0,0.0,0.0
34.0,1.0,,170.0,65.0,22.49134948096886,86.0,0.5058823529411764,105.5,64.5,0.0,0.0,0.0,0.0,0.0,0.0,0.5714285714285714,0.8571428571428571,10920.0,0.5,2014,4.1,1.0,0.0,0.0
34.0,0.0,12.0,153.0,76.6,32.722457174590964,108.5,0.7091503267973857,171.0,93.0,1.0,0.0,0.0,0.0,0.0,0.0,0.5714285714285714,1.1428571428571428,15120.0,2.0,2014,4.2,0.0,0.0,0.0
28.0,1.0,10.0,166.0,65.0,23.588329220496444,82.0,0.4939759036144578,117.0,70.0,0.0,0.0,0.0,0.0,0.0,0.0,0.2857142857142857,0.5714285714285714,9480.0,0.5,2014,4.4,1.0,1.0,1.0
45.0,1.0,11.0,164.0,63.8,23.720999405116004,84.0,0.5121951219512195,168.5,96.0,0.0,0.0,1.0,0.0,1.0,30.0,0.8571428571428571,1.4285714285714286,6720.0,2.0,2014,3.4,1.0,0.0,0.0
39.0,0.0,,148.0,50.9,23.237764791818847,91.0,0.6148648648648649,134.5,80.0,0.0,0.0,0.0,0.0,0.0,0.0,0.14285714285714285,0.2857142857142857,6720.0,3.0,2014,3.4,1.0,0.0,0.0
27.0,0.0,14.0,150.0,68.0,30.22222222222222,101.5,0.6766666666666666,150.0,87.0,0.0,0.0,0.0,0.0,0.0,0.0,0.14285714285714285,0.2857142857142857,5040.0,2.0,2014,7.1,0.0,0.0,0.0
32.0,0.0,6.0,151.0,94.5,41.44555063374413,105.3,0.6973509933774834,178.5,104.0,0.0,1.0,0.0,0.0,1.0,2.0,1.1428571428571428,0.14285714285714285,6720.0,2.0,2014,3.0,1.0,0.0,0.0
31.0,0.0,,156.0,41.8,17.17619986850756,92.0,0.5897435897435898,168.0,103.0,0.0,0.0,0.0,0.0,0.0,0.0,3.5714285714285716,2.0,21840.0,2.0,2014,5.6,0.0,0.0,0.0
30.0,1.0,10.0,153.0,51.3,21.914648212226066,70.0,0.45751633986928103,158.0,89.0,0.0,0.0,0.0,0.0,0.0,0.0,1.7142857142857142,0.5714285714285714,13440.0,1.0,2014,3.9,1.0,0.0,0.0
48.0,0.0,6.0,163.0,52.5,19.759870525800746,91.0,0.558282208588957,179.5,107.0,,0.0,0.0,0.0,0.0,0.0,2.142857142857143,2.0,4560.0,2.0,2014,4.1,1.0,0.0,0.0
52.0,0.0,,167.0,72.9,26.139338090286497,78.0,0.46706586826347307,229.0,117.0,0.0,0.0,0.0,0.0,1.0,6.0,0.8571428571428571,1.4285714285714286,3840.0,8.0,2014,6.1,0.0,0.0,0.0
29.0,0.0,12.0,158.0,55.8,22.35218714949527,78.4,0.49620253164556966,123.0,83.5,0.0,0.0,0.0,0.0,0.0,0.0,1.7142857142857142,1.4285714285714286,6720.0,3.0,2014,5.5,0.0,0.0,0.0
50.0,0.0,6.0,155.0,87.3,36.33714880332986,91.3,0.5890322580645161,190.5,107.0,0.0,0.0,0.0,0.0,0.0,0.0,2.857142857142857,0.8571428571428571,8400.0,1.0,2014,4.2,0.0,0.0,0.0
25.0,1.0,8.0,162.0,53.8,20.499923792104855,72.9,0.45,142.0,84.0,0.0,0.0,0.0,0.0,0.0,0.0,2.142857142857143,0.5714285714285714,3600.0,0.08333333333333333,2014,5.3,0.0,0.0,0.0
56.0,1.0,12.0,161.0,59.8,23.07009760425909,78.0,0.484472049689441,141.0,84.5,0.0,0.0,1.0,0.0,0.0,0.0,1.7142857142857142,0.2857142857142857,15600.0,2.0,2014,3.8,0.0,0.0,0.0
49.0,1.0,7.0,159.0,80.3,31.76298405917487,78.8,0.49559748427672956,91.5,70.5,,0.0,0.0,0.0,0.0,0.0,0.5714285714285714,0.2857142857142857,10760.0,0.5,2014,5.7,1.0,0.0,0.0
52.0,0.0,15.0,154.0,54.0,22.76943835385394,95.5,0.6201298701298701,149.0,93.0,0.0,1.0,0.0,0.0,0.0,0.0,0.42857142857142855,0.8571428571428571,2240.0,2.0,2014,4.9,0.0,0.0,0.0
38.0,0.0,,155.0,55.5,23.10093652445369,70.1,0.452258064516129,122.5,80.5,0.0,0.0,0.0,0.0,0.0,0.0,1.7142857142857142,0.8571428571428571,17640.0,0.5,2014,5.0,1.0,0.0,0.0
50.0,0.0,,167.0,63.2,22.661264297751803,86.0,0.5149700598802395,116.5,67.5,0.0,0.0,0.0,0.0,0.0,0.0,0.5714285714285714,2.142857142857143,20700.0,3.0,2014,4.5,1.0,0.0,0.0
28.0,0.0,,154.0,63.3,26.69084162590656,78.3,0.5084415584415585,110.0,74.0,0.0,0.0,0.0,0.0,0.0,0.0,0.42857142857142855,0.8571428571428571,10800.0,1.0,2014,6.0,1.0,0.0,0.0
45.0,1.0,,160.0,59.5,23.242187499999996,86.0,0.5375,126.5,78.0,0.0,0.0,0.0,0.0,0.0,0.0,2.0,0.8571428571428571,7440.0,2.0,2014,7.4,0.0,0.0,0.0
28.0,0.0,8.0,159.0,79.9,31.60476246983901,102.0,0.6415094339622641,100.5,68.5,0.0,0.0,0.0,0.0,0.0,0.0,1.7142857142857142,0.8571428571428571,1720.0,5.0,2014,3.9,1.0,0.0,0.0
27.0,1.0,4.0,174.0,59.7,19.718588981371383,77.0,0.4425287356321839,102.0,49.0,0.0,0.0,1.0,0.0,0.0,0.0,1.2857142857142858,0.8571428571428571,21000.0,0.75,2014,4.8,1.0,0.0,0.0
35.0,1.0,,166.0,58.1,21.084337349397593,74.0,0.4457831325301205,115.0,50.0,0.0,0.0,1.0,0.0,0.0,0.0,1.4285714285714286,0.8571428571428571,3240.0,0.3333333333333333,2014,6.2,0.0,0.0,0.0
36.0,0.0,,168.0,66.0,23.384353741496604,76.0,0.4523809523809524,129.0,66.5,0.0,0.0,0.0,0.0,0.0,0.0,1.1428571428571428,0.8571428571428571,11840.0,3.0,2014,7.1,1.0,0.0,1.0
37.0,0.0,,154.0,78.2,32.973519986507,110.5,0.7175324675324676,182.5,82.5,0.0,0.0,0.0,0.0,0.0,0.0,2.857142857142857,0.8571428571428571,11760.0,3.0,2014,4.9,1.0,0.0,0.0
35.0,0.0,,147.0,44.6,20.639548336341342,78.0,0.5306122448979592,119.0,77.0,0.0,0.0,0.0,0.0,0.0,0.0,0.42857142857142855,0.42857142857142855,10080.0,3.0,2014,4.3,1.0,0.0,0.0
40.0,1.0,6.0,170.0,58.4,20.207612456747405,78.0,0.4588235294117647,125.5,69.5,0.0,0.0,1.0,0.0,0.0,0.0,0.5714285714285714,0.8571428571428571,10080.0,3.0,2014,3.9,1.0,0.0,0.0
50.0,1.0,,155.0,54.9,22.851196670135273,76.0,0.49032258064516127,123.5,68.0,0.0,0.0,0.0,0.0,0.0,0.0,0.2857142857142857,0.2857142857142857,8400.0,2.0,2014,4.0,1.0,0.0,0.0
42.0,0.0,,150.0,44.7,19.866666666666667,75.3,0.502,122.0,72.0,0.0,0.0,0.0,0.0,0.0,0.0,0.2857142857142857,0.2857142857142857,11760.0,2.0,2014,4.3,1.0,0.0,0.0
35.0,0.0,,149.0,52.6,23.692626458267647,79.6,0.534228187919463,133.0,86.5,0.0,0.0,0.0,0.0,0.0,0.0,4.571428571428571,0.8571428571428571,25200.0,1.0,2014,7.1,0.0,0.0,0.0
49.0,1.0,3.0,161.0,57.4,22.144207399405882,76.0,0.4720496894409938,119.0,70.5,0.0,0.0,0.0,0.0,0.0,0.0,3.4285714285714284,0.8571428571428571,18000.0,0.75,2014,5.8,0.0,0.0,0.0
28.0,0.0,,151.0,62.2,27.27950528485593,92.6,0.6132450331125827,103.5,61.0,0.0,0.0,0.0,0.0,0.0,0.0,7.142857142857143,0.8571428571428571,5880.0,3.0,2014,4.8,1.0,0.0,0.0
63.0,0.0,,154.0,43.7,18.426378815989207,81.0,0.525974025974026,132.5,62.5,0.0,0.0,0.0,0.0,0.0,0.0,0.0,1.4285714285714286,10080.0,4.0,2014,5.2,1.0,0.0,0.0
31.0,1.0,2.0,160.0,48.6,18.984374999999996,75.0,0.46875,123.5,73.5,0.0,0.0,0.0,0.0,0.0,0.0,0.0,2.0,15960.0,6.0,2014,5.4,1.0,0.0,0.0
40.0,0.0,,154.0,54.0,22.76943835385394,77.0,0.5,112.0,70.0,0.0,0.0,0.0,0.0,0.0,0.0,0.42857142857142855,0.8571428571428571,6720.0,2.0,2014,4.7,1.0,0.0,0.0
35.0,0.0,,157.0,54.8,22.232139234857396,70.0,0.445859872611465,153.5,72.0,0.0,0.0,1.0,1.0,0.0,0.0,0.0,2.0,16800.0,3.0,2014,3.9,1.0,0.0,0.0
27.0,1.0,7.0,167.0,57.9,20.76087346265553,72.0,0.4311377245508982,156.5,94.5,0.0,0.0,0.0,0.0,1.0,2.0,0.8571428571428571,0.5714285714285714,9600.0,2.0,2014,3.1,1.0,0.0,0.0
40.0,0.0,,147.0,52.0,24.06404738766255,73.0,0.4965986394557823,170.0,107.0,0.0,0.0,0.0,0.0,0.0,0.0,0.5714285714285714,0.42857142857142855,8400.0,2.0,2014,1.8,1.0,0.0,0.0
30.0,0.0,,153.0,47.0,20.07774787474903,67.5,0.4411764705882353,117.5,90.0,0.0,0.0,0.0,0.0,0.0,0.0,0.5714285714285714,0.5714285714285714,5760.0,1.0,2014,4.1,1.0,0.0,0.0
40.0,0.0,,154.0,43.5,18.342047562826785,71.0,0.461038961038961,141.5,89.5,0.0,0.0,1.0,0.0,0.0,0.0,0.2857142857142857,0.2857142857142857,6720.0,2.0,2014,4.4,1.0,0.0,0.0
27.0,0.0,,154.0,49.0,20.66115702479339,68.0,0.44155844155844154,120.5,79.5,0.0,0.0,0.0,0.0,0.0,0.0,0.2857142857142857,0.42857142857142855,6720.0,1.0,2014,4.2,1.0,0.0,0.0
26.0,0.0,4.0,154.0,59.3,25.004216562658122,79.0,0.512987012987013,138.0,86.0,0.0,0.0,0.0,0.0,0.0,0.0,2.2857142857142856,0.8571428571428571,18240.0,0.5,2014,3.7,1.0,0.0,0.0
42.0,1.0,2.0,164.0,59.9,22.270969660916126,75.5,0.4603658536585366,127.0,73.0,0.0,0.0,1.0,0.0,0.0,0.0,2.0,1.4285714285714286,21600.0,3.0,2014,3.6,1.0,0.0,0.0
27.0,1.0,12.0,159.0,55.0,21.75546853368142,68.0,0.4276729559748428,141.5,87.0,0.0,0.0,0.0,0.0,0.0,0.0,3.4285714285714284,0.5714285714285714,9500.0,5.0,2014,3.3,1.0,0.0,0.0
34.0,1.0,7.0,152.0,57.8,25.01731301939058,69.3,0.45592105263157895,167.5,97.5,0.0,0.0,0.0,0.0,0.0,0.0,0.0,0.2857142857142857,34980.0,2.5,2014,3.9,1.0,0.0,0.0
40.0,1.0,,157.0,66.4,26.938212503549842,87.0,0.554140127388535,165.5,100.0,0.0,0.0,0.0,0.0,1.0,2.0,0.0,1.4285714285714286,14100.0,2.0,2014,5.3,0.0,0.0,0.0
30.0,1.0,6.0,150.0,68.0,30.22222222222222,80.1,0.5339999999999999,144.0,67.0,0.0,0.0,0.0,0.0,0.0,0.0,0.8571428571428571,1.1428571428571428,6000.0,0.75,2014,4.8,1.0,0.0,0.0
58.0,0.0,,160.0,75.0,29.296874999999993,85.0,0.53125,134.0,63.0,0.0,0.0,0.0,0.0,0.0,0.0,0.42857142857142855,2.0,0.0,12.0,2014,4.0,1.0,,0.0
52.0,1.0,7.0,150.0,70.0,31.11111111111111,91.0,0.6066666666666667,163.0,83.5,0.0,0.0,0.0,0.0,0.0,0.0,1.4285714285714286,0.8571428571428571,20520.0,3.5,2014,4.0,1.0,0.0,0.0
38.0,0.0,5.0,165.0,53.3,19.57759412304867,105.0,0.6363636363636364,109.0,65.0,0.0,0.0,0.0,0.0,0.0,0.0,1.2857142857142858,0.8571428571428571,4800.0,1.0,2014,5.0,1.0,0.0,0.0
54.0,1.0,12.0,165.0,53.3,19.57759412304867,70.0,0.42424242424242425,119.0,85.0,0.0,0.0,0.0,0.0,0.0,0.0,1.2857142857142858,0.5714285714285714,18000.0,2.0,2014,4.1,1.0,0.0,0.0
29.0,0.0,,149.0,48.5,21.84586279897302,90.0,0.6040268456375839,117.5,80.5,0.0,0.0,0.0,0.0,0.0,0.0,0.2857142857142857,2.0,20160.0,2.0,2014,4.1,1.0,0.0,0.0
26.0,0.0,,148.0,43.2,19.722425127830537,84.5,0.5709459459459459,120.0,94.5,0.0,0.0,0.0,0.0,0.0,0.0,4.285714285714286,2.0,28560.0,2.0,2014,4.2,1.0,0.0,0.0
28.0,0.0,,169.0,64.3,22.51321732432338,84.5,0.5,144.5,81.5,0.0,0.0,0.0,0.0,0.0,0.0,0.2857142857142857,1.4285714285714286,6720.0,1.0,2014,4.3,0.0,0.0,0.0
28.0,1.0,4.0,165.0,54.4,19.981634527089074,80.5,0.48787878787878786,180.0,97.0,0.0,0.0,0.0,0.0,0.0,0.0,0.2857142857142857,1.4285714285714286,5040.0,1.0,2014,3.7,1.0,0.0,0.0
40.0,0.0,,163.0,81.9,30.825398020249168,90.7,0.556441717791411,112.0,78.5,0.0,0.0,0.0,0.0,0.0,0.0,0.14285714285714285,2.0,5040.0,2.0,2014,5.4,1.0,0.0,0.0
35.0,0.0,,148.0,46.3,21.137691745799852,82.0,0.5540540540540541,122.0,84.5,0.0,0.0,0.0,0.0,0.0,0.0,3.0,1.4285714285714286,6720.0,2.0,2014,5.0,0.0,0.0,0.0
31.0,0.0,,155.0,43.3,18.022892819979184,70.0,0.45161290322580644,111.0,77.0,0.0,0.0,0.0,0.0,0.0,0.0,0.0,2.0,5040.0,1.0,2014,5.6,0.0,0.0,0.0
39.0,0.0,,152.0,51.0,22.07409972299169,82.6,0.5434210526315789,153.0,84.5,0.0,0.0,0.0,0.0,0.0,0.0,0.0,2.0,16380.0,1.0,2014,5.2,1.0,0.0,0.0
39.0,1.0,7.0,177.0,67.9,21.673210124804495,82.0,0.4632768361581921,120.0,64.0,0.0,0.0,0.0,0.0,0.0,0.0,2.142857142857143,0.2857142857142857,2400.0,0.5,2014,3.6,1.0,0.0,0.0
40.0,0.0,,151.0,80.2,35.17389588175957,111.0,0.7350993377483444,120.5,67.5,0.0,0.0,0.0,0.0,0.0,0.0,0.14285714285714285,0.5714285714285714,8400.0,3.0,2014,5.7,0.0,0.0,0.0
40.0,1.0,4.0,153.0,43.3,18.497159212268784,75.0,0.49019607843137253,114.0,73.0,0.0,0.0,1.0,0.0,0.0,0.0,0.14285714285714285,0.5714285714285714,10920.0,3.0,2014,3.7,0.0,0.0,0.0
36.0,1.0,13.0,168.0,68.7,24.340986394557827,71.0,0.4226190476190476,161.0,57.0,0.0,0.0,0.0,0.0,0.0,0.0,0.14285714285714285,0.5714285714285714,12500.0,3.0,2014,7.0,1.0,0.0,1.0
34.0,1.0,,163.0,54.6,20.550265346832777,88.2,0.5411042944785276,108.0,71.5,0.0,0.0,0.0,0.0,0.0,0.0,0.5714285714285714,0.2857142857142857,16680.0,2.0,2014,5.1,1.0,0.0,0.0
34.0,1.0,7.0,162.0,63.7,24.272214601432704,83.4,0.5148148148148148,119.5,67.0,0.0,0.0,0.0,0.0,0.0,0.0,1.4285714285714286,0.8571428571428571,6880.0,4.0,2014,4.9,0.0,0.0,0.0
35.0,1.0,6.0,170.0,54.9,18.996539792387544,70.0,0.4117647058823529,126.5,60.5,0.0,0.0,1.0,0.0,1.0,14.0,0.14285714285714285,1.4285714285714286,28560.0,3.0,2014,3.0,0.0,0.0,0.0
30.0,1.0,3.0,174.0,53.4,17.637732857709075,72.0,0.41379310344827586,133.5,92.5,0.0,1.0,0.0,0.0,0.0,0.0,0.2857142857142857,0.8571428571428571,13920.0,3.0,2014,4.2,1.0,0.0,0.0
37.0,1.0,6.0,162.0,59.7,22.74805669867398,80.2,0.49506172839506174,121.0,79.0,0.0,0.0,0.0,0.0,0.0,0.0,1.1428571428571428,1.1428571428571428,30000.0,1.5,2014,4.3,0.0,0.0,0.0
29.0,1.0,5.0,167.0,52.1,18.681200473304887,81.0,0.48502994011976047,116.0,64.5,,0.0,0.0,0.0,0.0,0.0,0.0,1.4285714285714286,24480.0,1.0,2014,3.7,1.0,0.0,0.0
39.0,1.0,,168.0,64.1,22.711167800453516,74.0,0.44047619047619047,118.0,77.0,0.0,0.0,1.0,0.0,0.0,0.0,0.14285714285714285,1.7142857142857142,47520.0,1.0,2014,7.5,0.0,0.0,0.0
40.0,1.0,,160.0,60.6,23.671874999999996,91.0,0.56875,116.0,71.5,0.0,0.0,0.0,0.0,0.0,0.0,0.0,1.4285714285714286,48120.0,1.0,2014,8.1,0.0,0.0,0.0
26.0,1.0,7.0,155.0,46.9,19.521331945889695,81.3,0.5245161290322581,132.5,85.0,0.0,0.0,0.0,0.0,0.0,0.0,1.2857142857142858,2.0,11520.0,4.0,2014,4.0,0.0,0.0,0.0
37.0,0.0,,157.0,61.4,24.90973264635482,78.8,0.5019108280254777,120.0,68.0,0.0,0.0,0.0,0.0,0.0,0.0,0.0,2.0,6720.0,0.8333333333333334,2014,6.4,0.0,0.0,0.0
58.0,0.0,,165.0,46.5,17.079889807162537,76.4,0.46303030303030307,133.5,79.5,0.0,0.0,0.0,0.0,0.0,0.0,0.0,2.0,14280.0,0.75,2014,5.0,0.0,0.0,0.0
25.0,0.0,,148.0,50.3,22.963842220598977,84.0,0.5675675675675675,114.0,74.0,0.0,0.0,0.0,0.0,0.0,0.0,2.857142857142857,2.0,21840.0,0.5,2014,4.8,1.0,0.0,0.0
45.0,0.0,,164.0,84.5,31.417311124330762,106.0,0.6463414634146342,180.5,91.5,0.0,0.0,0.0,0.0,0.0,0.0,0.0,1.4285714285714286,3360.0,0.5,2014,4.4,1.0,0.0,0.0
44.0,0.0,,154.0,45.8,19.311856974194637,78.0,0.5064935064935064,98.0,65.5,0.0,0.0,0.0,0.0,0.0,0.0,0.0,1.0,5040.0,1.0,2014,2.4,1.0,0.0,0.0
44.0,0.0,,160.0,61.2,23.906249999999996,85.4,0.5337500000000001,121.5,84.0,0.0,0.0,1.0,1.0,0.0,0.0,0.7142857142857143,2.0,13020.0,1.0,2014,6.0,0.0,0.0,0.0
32.0,0.0,7.0,152.0,53.2,23.026315789473685,75.0,0.4934210526315789,98.0,52.0,0.0,0.0,0.0,0.0,0.0,0.0,0.42857142857142855,0.2857142857142857,3720.0,0.75,2014,5.7,0.0,0.0,0.0
40.0,0.0,,153.0,51.0,21.78649237472767,87.4,0.5712418300653596,148.0,96.0,0.0,0.0,0.0,0.0,0.0,0.0,0.14285714285714285,0.8571428571428571,8400.0,3.0,2014,5.3,1.0,0.0,0.0
51.0,0.0,,157.0,43.4,17.607205160452754,72.5,0.46178343949044587,133.5,73.5,0.0,0.0,0.0,1.0,0.0,0.0,0.14285714285714285,1.1428571428571428,8400.0,3.0,2014,5.3,0.0,0.0,0.0
31.0,1.0,,155.0,55.1,22.934443288241415,73.3,0.4729032258064516,121.5,83.5,0.0,0.0,1.0,0.0,0.0,0.0,0.14285714285714285,0.5714285714285714,16560.0,3.0,2014,4.7,1.0,0.0,0.0
26.0,0.0,5.0,158.0,53.2,21.31068738984137,84.0,0.5316455696202531,121.0,62.0,0.0,0.0,0.0,0.0,0.0,0.0,0.14285714285714285,0.8571428571428571,12600.0,2.0,2014,5.5,1.0,0.0,0.0
30.0,0.0,,164.0,54.7,20.337596668649617,82.0,0.5,131.5,80.5,0.0,0.0,0.0,0.0,0.0,0.0,0.14285714285714285,0.5714285714285714,10080.0,2.0,2014,7.1,0.0,0.0,0.0
31.0,0.0,,154.0,46.4,19.5648507336819,66.5,0.4318181818181818,124.0,86.0,0.0,0.0,0.0,0.0,1.0,0.5,4.285714285714286,2.142857142857143,10540.0,1.0,2014,5.0,1.0,0.0,0.0
37.0,0.0,,158.0,49.7,19.908668482614964,91.0,0.5759493670886076,124.0,79.0,0.0,0.0,0.0,1.0,0.0,0.0,4.285714285714286,1.1428571428571428,1120.0,2.0,2014,4.5,1.0,0.0,0.0
28.0,1.0,,163.0,55.7,20.964281681659077,67.9,0.41656441717791415,126.0,63.5,0.0,0.0,0.0,0.0,0.0,0.0,5.714285714285714,0.8571428571428571,40740.0,0.5,2014,4.1,1.0,0.0,0.0
27.0,1.0,10.0,171.0,63.8,21.818679251735578,74.5,0.43567251461988304,159.5,92.5,0.0,0.0,0.0,0.0,,,,,19800.0,1.5,2014,3.5,1.0,0.0,0.0
58.0,0.0,,160.0,59.6,23.281249999999996,78.0,0.4875,125.5,81.0,0.0,0.0,0.0,0.0,0.0,0.0,0.7142857142857143,1.1428571428571428,6240.0,2.0,2014,2.4,0.0,0.0,0.0
25.0,1.0,,161.0,50.3,19.40511554338181,71.8,0.44596273291925465,127.0,75.5,0.0,0.0,1.0,0.0,0.0,0.0,0.8571428571428571,1.1428571428571428,28560.0,1.0,2014,3.1,0.0,0.0,0.0
38.0,0.0,,165.0,56.4,20.716253443526174,87.0,0.5272727272727272,154.0,89.0,0.0,0.0,1.0,1.0,0.0,0.0,1.7142857142857142,1.4285714285714286,1680.0,3.0,2014,3.5,1.0,0.0,0.0
60.0,0.0,,151.0,51.5,22.586728652252095,76.0,0.5033112582781457,159.0,111.5,0.0,0.0,0.0,0.0,0.0,0.0,0.8571428571428571,1.7142857142857142,21000.0,2.0,2014,4.1,1.0,0.0,0.0
25.0,0.0,,150.0,44.5,19.77777777777778,69.0,0.46,116.5,71.0,0.0,0.0,0.0,0.0,0.0,0.0,0.42857142857142855,1.4285714285714286,16560.0,1.5,2014,4.1,1.0,0.0,0.0
45.0,1.0,,156.0,50.7,20.833333333333332,77.4,0.49615384615384617,112.0,64.0,0.0,0.0,0.0,0.0,0.0,0.0,0.8571428571428571,2.0,20160.0,1.0,2014,4.4,0.0,0.0,0.0
26.0,1.0,,163.0,60.0,22.582709172343712,75.3,0.4619631901840491,135.5,80.0,0.0,0.0,1.0,1.0,0.0,0.0,0.0,0.5714285714285714,3120.0,2.0,2014,3.7,,0.0,0.0
41.0,0.0,2.0,161.0,65.0,25.076193048107708,79.4,0.49316770186335407,113.5,77.0,0.0,0.0,0.0,0.0,0.0,0.0,0.5714285714285714,1.4285714285714286,23520.0,1.0,2014,5.0,1.0,0.0,0.0
35.0,0.0,,146.0,51.1,23.97260273972603,75.0,0.5136986301369864,120.0,75.0,0.0,0.0,0.0,1.0,0.0,0.0,0.0,2.0,21840.0,0.5,2014,4.2,0.0,0.0,0.0
25.0,1.0,8.0,153.0,43.7,18.66803366226665,67.0,0.43790849673202614,128.0,79.5,0.0,0.0,0.0,0.0,1.0,6.0,1.4285714285714286,0.8571428571428571,3120.0,1.0,2014,4.5,1.0,0.0,0.0
25.0,1.0,,157.0,55.5,22.5161264148647,73.0,0.46496815286624205,133.5,62.0,0.0,0.0,0.0,0.0,0.0,0.0,1.7142857142857142,1.4285714285714286,8400.0,0.75,2014,4.2,1.0,0.0,0.0
40.0,0.0,,153.0,55.9,23.879704387201503,77.0,0.5032679738562091,121.0,85.0,0.0,0.0,0.0,0.0,0.0,0.0,0.14285714285714285,0.8571428571428571,6720.0,2.0,2014,4.2,0.0,0.0,0.0
30.0,0.0,,150.0,51.3,22.799999999999997,84.0,0.56,110.0,75.5,0.0,0.0,0.0,0.0,0.0,0.0,0.14285714285714285,0.2857142857142857,8400.0,2.0,2014,3.3,1.0,0.0,0.0
28.0,0.0,,156.0,51.1,20.997698882314264,80.0,0.5128205128205128,145.0,84.5,0.0,0.0,0.0,0.0,0.0,0.0,0.14285714285714285,0.5714285714285714,8400.0,2.0,2014,4.3,1.0,0.0,0.0
28.0,0.0,2.0,152.0,48.7,21.078601108033244,73.6,0.4842105263157894,108.0,74.0,0.0,0.0,0.0,0.0,0.0,0.0,0.14285714285714285,0.5714285714285714,10080.0,2.0,2014,3.6,1.0,0.0,0.0
38.0,0.0,3.0,155.0,56.9,23.683662851196665,80.5,0.5193548387096775,136.0,82.5,0.0,0.0,0.0,0.0,1.0,2.0,0.0,0.8571428571428571,8400.0,2.0,2014,4.4,1.0,0.0,0.0
45.0,0.0,,153.0,69.3,29.603998462129947,73.3,0.4790849673202614,157.0,95.5,0.0,0.0,0.0,0.0,0.0,0.0,0.0,2.0,14700.0,1.0,2014,3.5,1.0,0.0,0.0
42.0,1.0,4.0,157.0,53.0,21.50188648626719,74.5,0.4745222929936306,122.0,64.5,0.0,0.0,0.0,0.0,0.0,0.0,,1.4285714285714286,700.0,1.0,2014,5.1,1.0,0.0,0.0
29.0,0.0,,151.0,49.1,21.53414323933161,77.5,0.5132450331125827,128.5,81.0,0.0,0.0,0.0,1.0,0.0,0.0,0.0,2.0,13440.0,1.0,2014,5.5,1.0,0.0,0.0
27.0,0.0,7.0,168.0,65.3,23.136337868480727,84.0,0.5,123.0,80.5,0.0,0.0,0.0,0.0,0.0,0.0,10.0,0.2857142857142857,13440.0,2.0,2014,4.7,1.0,0.0,0.0
42.0,0.0,7.0,158.0,42.4,16.984457618971316,78.0,0.4936708860759494,186.0,101.5,0.0,0.0,0.0,0.0,0.0,0.0,0.14285714285714285,0.8571428571428571,7680.0,2.0,2014,4.6,1.0,0.0,0.0
52.0,1.0,,174.0,75.9,25.069361870788743,92.5,0.5316091954022989,146.0,79.5,0.0,0.0,0.0,0.0,1.0,2.0,0.14285714285714285,0.8571428571428571,15360.0,3.0,2014,4.4,1.0,0.0,0.0
32.0,1.0,1.0,173.0,61.8,20.648868989942862,83.5,0.48265895953757226,128.0,75.0,0.0,0.0,0.0,0.0,0.0,0.0,0.2857142857142857,0.5714285714285714,8400.0,2.0,2014,4.7,1.0,0.0,0.0
26.0,0.0,,168.0,66.7,23.632369614512477,92.0,0.5476190476190477,143.5,87.0,0.0,0.0,0.0,0.0,0.0,0.0,3.0,0.14285714285714285,16800.0,2.0,2014,5.8,1.0,0.0,0.0
49.0,1.0,,164.0,80.2,29.818560380725764,100.0,0.6097560975609756,113.0,73.0,0.0,0.0,0.0,0.0,0.0,0.0,0.2857142857142857,0.2857142857142857,8400.0,2.0,2014,4.7,1.0,0.0,0.0
30.0,0.0,,163.0,70.7,26.609958974745005,85.0,0.5214723926380368,105.0,59.5,0.0,0.0,0.0,0.0,0.0,0.0,0.2857142857142857,0.5714285714285714,6720.0,2.0,2014,5.0,0.0,0.0,0.0
52.0,1.0,,166.0,69.3,25.14878792277544,88.0,0.5301204819277109,103.5,63.0,0.0,0.0,0.0,0.0,0.0,0.0,0.2857142857142857,0.2857142857142857,7680.0,2.0,2014,5.0,1.0,0.0,0.0
31.0,0.0,,147.0,56.0,25.915127955944286,79.0,0.5374149659863946,130.5,72.0,0.0,0.0,0.0,0.0,0.0,0.0,2.0,0.8571428571428571,1560.0,2.0,2014,3.7,1.0,0.0,0.0
33.0,0.0,5.0,145.0,49.4,23.495838287752676,71.0,0.4896551724137931,164.0,105.0,0.0,0.0,0.0,0.0,0.0,0.0,0.7142857142857143,1.1428571428571428,23520.0,2.0,2014,5.2,1.0,0.0,0.0
63.0,0.0,,164.0,73.0,27.141582391433676,96.0,0.5853658536585366,139.0,64.0,0.0,0.0,0.0,0.0,0.0,0.0,2.142857142857143,0.2857142857142857,8640.0,1.0,2014,3.4,1.0,0.0,0.0
45.0,0.0,,172.0,67.2,22.71498107084911,82.0,0.47674418604651164,136.5,75.5,0.0,0.0,0.0,1.0,0.0,0.0,0.0,1.7142857142857142,21620.0,0.5,2014,6.4,0.0,0.0,0.0
29.0,1.0,5.0,163.0,57.7,21.717038654070535,72.0,0.44171779141104295,152.0,74.0,0.0,0.0,0.0,0.0,1.0,2.0,5.142857142857143,0.8571428571428571,37140.0,2.0,2014,5.3,1.0,0.0,0.0
31.0,1.0,5.0,170.0,68.2,23.59861591695502,80.0,0.47058823529411764,137.0,92.5,0.0,0.0,0.0,0.0,1.0,2.0,0.0,0.2857142857142857,13940.0,1.0,2014,4.1,1.0,0.0,0.0
31.0,1.0,5.0,170.0,83.0,28.719723183391007,78.0,0.4588235294117647,145.0,88.0,0.0,0.0,0.0,0.0,1.0,2.0,15.0,0.5714285714285714,19080.0,1.0,2014,4.1,0.0,0.0,0.0
26.0,0.0,3.0,157.0,45.2,18.337457909042964,70.0,0.445859872611465,103.5,64.0,0.0,0.0,0.0,0.0,0.0,0.0,4.285714285714286,0.42857142857142855,720.0,0.3333333333333333,2014,5.9,0.0,0.0,0.0
26.0,0.0,,148.0,43.6,19.905040175310447,70.0,0.47297297297297297,166.0,76.5,0.0,0.0,0.0,0.0,0.0,0.0,3.0,0.5714285714285714,3000.0,0.5,2014,4.9,0.0,0.0,0.0
40.0,1.0,4.0,157.0,70.5,28.601565986449753,80.5,0.5127388535031847,106.5,73.0,0.0,0.0,1.0,0.0,0.0,0.0,1.4285714285714286,0.5714285714285714,4500.0,0.25,2014,1.1,1.0,0.0,0.0
63.0,0.0,,149.0,48.0,21.620647718571234,79.0,0.5302013422818792,161.5,71.0,0.0,0.0,0.0,0.0,0.0,0.0,1.1428571428571428,0.2857142857142857,1440.0,0.75,2014,4.9,0.0,0.0,0.0
19.0,0.0,,160.0,80.9,31.601562499999996,86.5,0.540625,144.0,81.5,0.0,0.0,0.0,0.0,0.0,0.0,7.142857142857143,,14240.0,0.6666666666666666,2014,3.4,1.0,0.0,0.0
51.0,0.0,,156.0,52.0,21.367521367521366,70.8,0.45384615384615384,130.0,76.0,0.0,0.0,0.0,0.0,0.0,0.0,0.0,0.0,18060.0,1.0,2014,4.7,1.0,0.0,0.0
44.0,0.0,,158.0,60.5,24.234898253485014,86.0,0.5443037974683544,140.0,95.5,0.0,0.0,0.0,0.0,0.0,0.0,0.2857142857142857,0.5714285714285714,31920.0,2.0,2014,3.5,1.0,0.0,0.0
25.0,0.0,,165.0,64.3,23.61799816345271,74.0,0.4484848484848485,119.0,74.0,0.0,0.0,0.0,0.0,0.0,0.0,0.8571428571428571,2.0,30240.0,1.0,2014,4.4,1.0,,0.0
26.0,0.0,,149.0,53.3,24.00792757083014,80.0,0.5369127516778524,117.5,80.5,0.0,0.0,0.0,0.0,0.0,0.0,0.8571428571428571,2.0,3360.0,5.0,2014,5.1,1.0,0.0,0.0
60.0,0.0,,158.0,88.0,35.250761095978206,86.0,0.5443037974683544,140.0,95.5,0.0,0.0,0.0,0.0,0.0,0.0,1.1428571428571428,2.0,45360.0,1.0,2014,3.5,1.0,0.0,0.0
46.0,0.0,,156.0,50.0,20.5456936226167,79.0,0.5064102564102564,136.0,70.5,0.0,0.0,0.0,0.0,0.0,0.0,5.571428571428571,0.2857142857142857,16920.0,1.0,2014,3.8,1.0,0.0,0.0
28.0,0.0,11.0,156.0,53.0,21.7784352399737,70.8,0.45384615384615384,130.0,76.0,0.0,0.0,0.0,0.0,0.0,0.0,3.4285714285714284,0.5714285714285714,10080.0,0.5,2014,4.7,1.0,,0.0
27.0,0.0,,154.0,67.5,28.461797942317425,70.8,0.4597402597402597,136.5,94.0,0.0,0.0,0.0,0.0,0.0,0.0,12.0,0.2857142857142857,22980.0,1.5,2014,2.3,1.0,0.0,0.0
58.0,1.0,7.0,173.0,71.0,23.722810651876106,89.0,0.5144508670520231,140.0,95.5,0.0,0.0,0.0,0.0,1.0,6.0,5.142857142857143,0.8571428571428571,12660.0,0.5,2014,4.1,,0.0,0.0
40.0,1.0,16.0,171.0,54.8,18.740809137854384,66.0,0.38596491228070173,131.0,77.5,0.0,0.0,1.0,0.0,1.0,6.0,0.0,1.1428571428571428,1860.0,2.0,2014,4.1,1.0,0.0,0.0
28.0,0.0,4.0,150.0,51.2,22.755555555555556,70.5,0.47,122.0,85.0,0.0,1.0,0.0,0.0,1.0,6.0,1.7142857142857142,0.2857142857142857,1184.0,0.16666666666666666,2014,5.1,1.0,0.0,0.0
26.0,1.0,12.0,167.0,66.1,23.70110079242712,79.5,0.47604790419161674,124.0,82.0,0.0,0.0,0.0,0.0,1.0,6.0,1.7142857142857142,0.42857142857142855,2160.0,0.5,2014,4.6,1.0,0.0,0.0
28.0,1.0,11.0,160.0,61.5,24.023437499999996,74.1,0.46312499999999995,139.5,86.0,0.0,0.0,1.0,0.0,1.0,6.0,1.7142857142857142,0.2857142857142857,22680.0,0.16666666666666666,2014,5.8,1.0,0.0,0.0
49.0,1.0,11.0,163.0,66.9,25.17972072716324,80.2,0.4920245398773006,104.5,68.0,0.0,0.0,0.0,0.0,0.0,0.0,0.2857142857142857,2.5714285714285716,720.0,2.0,2014,5.6,1.0,0.0,0.0
25.0,0.0,12.0,147.0,49.1,22.722013975658292,71.0,0.48299319727891155,111.5,84.0,0.0,0.0,0.0,0.0,1.0,6.0,4.285714285714286,0.2857142857142857,2120.0,1.0,2014,4.8,1.0,0.0,0.0
44.0,1.0,7.0,167.0,61.4,22.015848542436085,82.5,0.4940119760479042,146.5,92.0,0.0,0.0,1.0,0.0,0.0,0.0,2.5714285714285716,1.1428571428571428,6000.0,2.0,2014,5.0,1.0,0.0,0.0
36.0,1.0,16.0,165.0,61.0,22.4058769513315,75.0,0.45454545454545453,121.0,79.0,0.0,0.0,0.0,0.0,0.0,0.0,0.8571428571428571,1.1428571428571428,13440.0,6.0,2014,5.1,1.0,0.0,0.0
35.0,1.0,8.0,171.0,82.7,28.28220649088609,93.4,0.5461988304093568,146.0,89.0,0.0,0.0,1.0,0.0,1.0,6.0,0.5714285714285714,0.8571428571428571,1440.0,7.0,2014,14.9,1.0,0.0,1.0
38.0,0.0,,155.0,78.9,32.840790842872,98.5,0.635483870967742,185.5,104.0,0.0,0.0,0.0,1.0,1.0,14.0,3.4285714285714284,0.8571428571428571,6960.0,0.6666666666666666,2014,5.3,1.0,0.0,0.0
29.0,0.0,15.0,149.0,57.4,25.854691230124768,78.0,0.5234899328859061,107.5,72.0,0.0,0.0,0.0,0.0,0.0,0.0,0.8571428571428571,1.2857142857142858,4720.0,0.3333333333333333,2014,4.9,1.0,0.0,0.0
46.0,1.0,12.0,166.0,73.2,26.56408767600523,80.5,0.48493975903614456,123.0,83.5,0.0,0.0,0.0,0.0,0.0,0.0,0.8571428571428571,1.1428571428571428,5220.0,6.0,2014,5.0,1.0,0.0,0.0
58.0,1.0,5.0,162.0,53.7,20.461819844535892,77.6,0.4790123456790123,127.5,75.5,0.0,0.0,1.0,0.0,1.0,14.0,1.2857142857142858,0.42857142857142855,7280.0,2.0,2014,5.6,1.0,0.0,0.0
20.0,0.0,4.0,159.0,46.7,18.472370554962225,65.0,0.4088050314465409,104.0,75.0,0.0,0.0,0.0,0.0,0.0,0.0,1.7142857142857142,1.2857142857142858,3720.0,1.0,2014,5.1,1.0,0.0,0.0
20.0,0.0,8.0,148.0,55.1,25.15522279035793,82.0,0.5540540540540541,111.5,67.0,0.0,0.0,0.0,0.0,0.0,0.0,5.0,0.14285714285714285,2360.0,0.08333333333333333,2014,,,0.0,0.0
59.0,0.0,,153.0,69.9,29.86031013712675,90.8,0.5934640522875817,144.5,101.5,1.0,0.0,0.0,0.0,0.0,0.0,3.0,0.8571428571428571,4320.0,0.6666666666666666,2014,5.1,1.0,0.0,0.0
54.0,1.0,13.0,164.0,54.3,20.1888756692445,73.0,0.4451219512195122,132.5,91.0,1.0,1.0,0.0,0.0,1.0,0.5,0.42857142857142855,0.8571428571428571,11040.0,0.75,2014,5.1,1.0,0.0,0.0
54.0,1.0,7.0,163.0,45.9,17.275772516842938,91.0,0.558282208588957,143.5,92.0,0.0,0.0,0.0,0.0,1.0,0.5,0.0,1.4285714285714286,2640.0,0.16666666666666666,2014,5.3,1.0,0.0,0.0
39.0,0.0,7.0,162.0,87.7,33.417162017985056,105.0,0.6481481481481481,120.0,92.5,0.0,0.0,0.0,0.0,0.0,0.0,2.5714285714285716,0.2857142857142857,6380.0,1.0,2014,5.1,1.0,0.0,0.0
29.0,1.0,10.0,162.0,52.4,19.966468526139305,68.5,0.4228395061728395,142.5,86.5,0.0,0.0,1.0,0.0,1.0,2.0,0.0,0.5714285714285714,14160.0,0.3333333333333333,2014,3.7,1.0,0.0,0.0
25.0,0.0,11.0,150.0,40.5,18.0,66.5,0.44333333333333336,106.0,75.5,0.0,0.0,0.0,0.0,1.0,2.0,3.0,0.8571428571428571,2760.0,1.0,2014,5.7,1.0,0.0,0.0
25.0,1.0,11.0,172.0,58.4,19.740400216333153,77.0,0.4476744186046512,153.0,101.0,0.0,1.0,0.0,0.0,0.0,0.0,0.2857142857142857,0.2857142857142857,6120.0,3.0,2014,4.0,1.0,0.0,0.0
57.0,0.0,,144.0,37.1,17.891589506172842,67.5,0.46875,122.0,85.5,0.0,0.0,0.0,0.0,0.0,0.0,2.5714285714285716,0.2857142857142857,1080.0,3.0,2014,4.6,1.0,0.0,0.0
31.0,0.0,11.0,161.0,84.2,32.48331468693337,104.0,0.6459627329192547,119.5,77.5,0.0,0.0,0.0,0.0,1.0,14.0,1.1428571428571428,0.2857142857142857,1540.0,0.5,2014,4.8,1.0,0.0,0.0
26.0,1.0,10.0,167.0,56.1,20.11545770733981,75.0,0.4491017964071856,121.5,75.0,0.0,0.0,0.0,0.0,1.0,6.0,1.4285714285714286,1.1428571428571428,16400.0,2.0,2014,4.4,1.0,0.0,0.0
42.0,0.0,,159.0,58.1,22.98168585103437,76.0,0.4779874213836478,124.0,83.0,0.0,0.0,0.0,0.0,1.0,0.5,0.8571428571428571,0.2857142857142857,4080.0,2.0,2014,4.8,1.0,0.0,0.0
31.0,0.0,10.0,155.0,57.1,23.766909469302806,78.0,0.5032258064516129,110.5,73.5,0.0,0.0,0.0,0.0,1.0,6.0,2.142857142857143,0.2857142857142857,5820.0,2.0,2014,4.3,1.0,0.0,0.0
48.0,1.0,12.0,173.0,79.0,26.395803401383272,99.0,0.5722543352601156,130.0,86.0,1.0,1.0,0.0,0.0,0.0,0.0,1.7142857142857142,0.8571428571428571,480.0,1.0,2014,4.9,1.0,0.0,0.0
22.0,0.0,11.0,154.0,46.5,19.607016360263113,66.0,0.42857142857142855,109.5,79.5,0.0,0.0,0.0,0.0,0.0,0.0,0.2857142857142857,0.14285714285714285,4272.0,1.0,2014,4.4,1.0,0.0,0.0
37.0,0.0,,158.0,73.6,29.48245473481813,87.0,0.5506329113924051,106.0,67.0,0.0,0.0,0.0,0.0,0.0,0.0,0.14285714285714285,1.7142857142857142,5880.0,1.0,2014,5.0,1.0,0.0,0.0
45.0,1.0,10.0,170.0,69.6,24.08304498269896,82.5,0.4852941176470588,119.0,74.5,0.0,0.0,0.0,0.0,1.0,2.0,0.42857142857142855,0.2857142857142857,1240.0,0.25,2014,1.8,1.0,0.0,0.0
42.0,1.0,4.0,180.0,93.2,28.76543209876543,109.0,0.6055555555555555,141.0,107.0,0.0,1.0,0.0,0.0,1.0,14.0,1.7142857142857142,0.8571428571428571,9900.0,0.5,2014,5.0,1.0,0.0,0.0
57.0,1.0,12.0,166.0,78.3,28.41486427638264,98.0,0.5903614457831325,138.0,82.0,0.0,0.0,0.0,0.0,1.0,0.5,1.7142857142857142,1.1428571428571428,6960.0,0.5,2014,6.0,1.0,0.0,0.0
29.0,0.0,12.0,156.0,76.0,31.22945430637738,89.0,0.5705128205128205,147.5,107.0,0.0,0.0,0.0,0.0,0.0,0.0,0.14285714285714285,0.5714285714285714,440.0,0.08333333333333333,2014,4.7,1.0,0.0,0.0
32.0,1.0,2.0,,,,,,,,,0.0,0.0,0.0,0.0,0.0,1.4285714285714286,0.8571428571428571,7800.0,1.0,2014,,,0.0,0.0
36.0,0.0,3.0,159.0,55.5,21.95324552035125,78.2,0.4918238993710692,121.0,86.5,0.0,1.0,0.0,0.0,0.0,0.0,0.2857142857142857,0.14285714285714285,9960.0,2.0,2014,4.2,1.0,0.0,0.0
58.0,1.0,11.0,170.0,50.7,17.543252595155714,74.0,0.43529411764705883,162.5,99.0,0.0,0.0,0.0,0.0,0.0,0.0,0.8571428571428571,0.2857142857142857,960.0,0.6666666666666666,2014,7.5,0.0,0.0,0.0
42.0,0.0,,151.0,53.1,23.288452260865753,74.0,0.4900662251655629,157.0,99.0,0.0,1.0,0.0,0.0,0.0,0.0,4.571428571428571,0.8571428571428571,12120.0,0.75,2014,5.0,0.0,0.0,0.0
53.0,1.0,2.0,160.0,58.8,22.968749999999993,74.0,0.4625,158.5,91.5,0.0,0.0,0.0,0.0,0.0,0.0,0.2857142857142857,1.1428571428571428,8760.0,1.0,2014,4.7,1.0,0.0,0.0
39.0,1.0,15.0,162.0,50.6,19.280597469897877,71.0,0.4382716049382716,139.5,96.5,0.0,0.0,1.0,0.0,1.0,6.0,0.42857142857142855,1.4285714285714286,2340.0,1.0,2014,5.3,1.0,0.0,0.0
29.0,0.0,,161.0,56.9,21.95131360672813,79.0,0.4906832298136646,130.5,88.0,0.0,0.0,0.0,0.0,0.0,0.0,0.8571428571428571,0.42857142857142855,7560.0,1.5,2014,4.2,1.0,0.0,0.0
53.0,1.0,4.0,163.0,64.8,24.389325906131205,90.0,0.5521472392638037,129.0,89.0,0.0,0.0,0.0,0.0,1.0,2.0,0.8571428571428571,1.1428571428571428,9120.0,2.0,2014,4.8,1.0,0.0,0.0
28.0,0.0,3.0,160.0,51.3,20.039062499999996,75.0,0.46875,117.0,89.5,0.0,0.0,1.0,0.0,0.0,0.0,4.285714285714286,0.8571428571428571,2292.0,0.5,2014,4.1,1.0,0.0,0.0
52.0,1.0,4.0,158.0,32.6,13.05880467873738,70.9,0.44873417721518993,128.0,82.0,0.0,0.0,1.0,0.0,1.0,2.0,4.285714285714286,2.0,3400.0,2.0,2014,4.5,1.0,0.0,0.0
36.0,1.0,6.0,171.0,57.6,19.698368728839647,77.0,0.4502923976608187,103.0,71.0,0.0,0.0,1.0,0.0,1.0,6.0,2.142857142857143,1.1428571428571428,6720.0,4.0,2014,4.2,0.0,0.0,0.0
32.0,0.0,,,,,,,,,,1.0,0.0,0.0,0.0,0.0,1.7142857142857142,1.1428571428571428,5400.0,1.0,2014,,,0.0,0.0
50.0,0.0,7.0,150.0,57.9,25.733333333333334,89.1,0.594,158.0,83.5,0.0,0.0,0.0,0.0,0.0,0.0,0.5714285714285714,1.7142857142857142,5040.0,2.0,2014,5.4,0.0,0.0,0.0
56.0,0.0,,152.0,60.0,25.969529085872576,95.0,0.625,204.5,118.5,0.0,1.0,0.0,0.0,0.0,0.0,0.8571428571428571,0.2857142857142857,1920.0,2.0,2014,15.2,1.0,1.0,1.0
43.0,1.0,7.0,167.0,56.0,20.07960127648894,74.0,0.4431137724550898,132.5,88.0,0.0,0.0,1.0,0.0,0.0,0.0,0.8571428571428571,0.2857142857142857,7320.0,2.0,2014,5.4,0.0,0.0,0.0
43.0,1.0,10.0,170.0,64.5,22.318339100346023,80.0,0.47058823529411764,134.0,81.0,0.0,0.0,0.0,0.0,0.0,0.0,2.5714285714285716,0.2857142857142857,1200.0,2.0,2014,4.6,1.0,0.0,0.0
50.0,1.0,13.0,160.0,64.0,24.999999999999996,92.0,0.575,174.5,115.5,0.0,1.0,0.0,0.0,0.0,0.0,3.0,0.14285714285714285,2160.0,0.75,2014,5.3,1.0,0.0,0.0
34.0,0.0,13.0,156.0,47.6,19.559500328731097,68.0,0.4358974358974359,110.0,71.5,0.0,0.0,0.0,0.0,0.0,0.0,2.5714285714285716,0.42857142857142855,2240.0,1.0,2014,4.9,1.0,0.0,0.0
26.0,0.0,,158.0,62.1,24.8758211825028,84.0,0.5316455696202531,132.0,83.0,0.0,0.0,0.0,0.0,1.0,2.0,0.14285714285714285,0.8571428571428571,9480.0,2.0,2014,4.6,1.0,0.0,0.0
47.0,0.0,,162.0,69.1,26.32982777015698,93.3,0.575925925925926,195.5,117.5,0.0,1.0,0.0,0.0,1.0,30.0,0.8571428571428571,0.5714285714285714,1920.0,3.0,2014,6.9,0.0,0.0,0.0
25.0,0.0,8.0,158.0,61.3,24.555359717993905,82.5,0.5221518987341772,113.5,80.0,0.0,0.0,0.0,0.0,0.0,0.0,0.7142857142857143,1.0,6840.0,2.0,2014,4.1,1.0,0.0,0.0
55.0,1.0,4.0,160.0,45.5,17.773437499999996,67.0,0.41875,149.5,100.0,0.0,0.0,1.0,0.0,1.0,0.5,0.2857142857142857,0.8571428571428571,11400.0,0.6666666666666666,2014,4.3,1.0,0.0,0.0
42.0,1.0,2.0,159.0,50.3,19.896364858985006,67.0,0.42138364779874216,146.5,83.0,0.0,0.0,0.0,0.0,1.0,6.0,1.1428571428571428,1.1428571428571428,3680.0,0.8333333333333334,2014,4.0,1.0,0.0,0.0
26.0,0.0,1.0,155.0,48.0,19.979188345473464,76.0,0.49032258064516127,125.0,87.5,0.0,0.0,0.0,0.0,0.0,0.0,0.8571428571428571,1.1428571428571428,3880.0,1.0,2014,5.4,0.0,0.0,0.0
28.0,1.0,6.0,157.0,55.6,22.5566960120086,73.0,0.46496815286624205,126.0,92.5,0.0,0.0,0.0,0.0,0.0,0.0,0.8571428571428571,0.42857142857142855,17320.0,1.0,2014,3.6,1.0,0.0,0.0
25.0,1.0,5.0,166.0,53.4,19.378719698069386,71.0,0.42771084337349397,141.0,84.5,,0.0,1.0,0.0,0.0,0.0,0.8571428571428571,1.1428571428571428,5040.0,3.0,2014,3.5,1.0,0.0,0.0
29.0,0.0,5.0,154.0,59.8,25.215044695564174,78.0,0.5064935064935064,138.5,88.0,0.0,0.0,0.0,0.0,0.0,0.0,0.8571428571428571,1.7142857142857142,10920.0,1.0,2014,4.1,0.0,0.0,0.0
60.0,0.0,5.0,153.0,45.5,19.43696868725704,69.0,0.45098039215686275,111.5,79.0,0.0,0.0,0.0,1.0,0.0,0.0,0.2857142857142857,0.8571428571428571,12960.0,2.0,2014,5.4,0.0,0.0,0.0
32.0,1.0,10.0,161.0,55.8,21.52694726283708,76.0,0.4720496894409938,128.0,80.0,0.0,0.0,0.0,0.0,0.0,0.0,0.8571428571428571,0.8571428571428571,9360.0,1.0,2014,5.7,0.0,0.0,0.0
37.0,0.0,4.0,147.0,56.4,26.100236012772456,77.2,0.5251700680272109,122.5,88.0,0.0,0.0,0.0,0.0,0.0,0.0,0.8571428571428571,1.4285714285714286,11400.0,2.0,2014,3.6,1.0,0.0,0.0
63.0,0.0,,152.0,61.0,26.40235457063712,87.0,0.5723684210526315,128.5,75.0,0.0,0.0,1.0,0.0,0.0,0.0,2.5714285714285716,0.8571428571428571,6840.0,1.8333333333333333,2014,6.7,0.0,0.0,0.0
40.0,1.0,6.0,160.0,53.9,21.054687499999996,72.0,0.45,160.0,94.5,0.0,0.0,0.0,0.0,0.0,0.0,0.8571428571428571,2.0,2880.0,1.0,2014,4.3,1.0,0.0,0.0
42.0,0.0,,156.0,52.4,21.531886916502298,73.0,0.46794871794871795,174.5,103.0,0.0,0.0,0.0,1.0,0.0,0.0,1.4285714285714286,0.8571428571428571,3720.0,1.5,2014,4.8,1.0,0.0,0.0
58.0,1.0,,170.0,90.7,31.384083044982702,103.0,0.6058823529411764,170.5,104.5,0.0,0.0,0.0,0.0,0.0,0.0,3.0,0.2857142857142857,19680.0,0.5,2014,4.4,1.0,0.0,0.0
39.0,0.0,5.0,151.0,48.7,21.358712337178194,86.0,0.5695364238410596,143.0,99.0,0.0,0.0,1.0,0.0,0.0,0.0,0.42857142857142855,0.2857142857142857,13200.0,1.0,2014,4.6,1.0,0.0,0.0
28.0,1.0,3.0,161.0,50.0,19.28937926777516,67.0,0.4161490683229814,154.0,90.5,0.0,0.0,0.0,0.0,0.0,0.0,4.285714285714286,0.2857142857142857,26760.0,0.5,2014,4.2,1.0,0.0,0.0
39.0,0.0,2.0,158.0,52.0,20.82999519307803,71.0,0.44936708860759494,152.0,102.0,0.0,0.0,0.0,1.0,0.0,0.0,2.142857142857143,0.42857142857142855,12600.0,1.0,2014,4.5,1.0,0.0,0.0
63.0,0.0,4.0,159.0,82.8,32.751868992524024,104.0,0.6540880503144654,130.0,87.5,0.0,0.0,0.0,1.0,0.0,0.0,0.14285714285714285,0.2857142857142857,6080.0,0.8333333333333334,2014,4.4,1.0,0.0,0.0
48.0,0.0,,153.0,47.2,20.163185099747963,72.0,0.47058823529411764,154.5,82.0,0.0,0.0,0.0,0.0,0.0,0.0,0.14285714285714285,0.8571428571428571,5280.0,0.8333333333333334,2014,3.9,1.0,0.0,0.0
28.0,1.0,12.0,157.0,50.7,20.568785751957485,73.0,0.46496815286624205,165.0,90.5,0.0,0.0,0.0,0.0,0.0,0.0,2.5714285714285716,1.1428571428571428,5580.0,2.0,2014,3.8,1.0,0.0,0.0
25.0,1.0,5.0,169.0,62.5,21.882987290360983,74.0,0.4378698224852071,116.5,67.0,0.0,0.0,1.0,0.0,1.0,14.0,0.14285714285714285,0.8571428571428571,11280.0,0.5,2014,4.4,1.0,0.0,0.0
38.0,1.0,6.0,168.0,62.2,22.037981859410436,77.0,0.4583333333333333,131.0,85.5,0.0,0.0,1.0,0.0,0.0,0.0,0.42857142857142855,0.8571428571428571,5760.0,2.0,2014,3.5,1.0,0.0,0.0
35.0,1.0,,164.0,52.5,19.51963117192148,73.0,0.4451219512195122,120.5,74.0,0.0,0.0,1.0,0.0,0.0,0.0,0.8571428571428571,0.42857142857142855,8940.0,3.0,2014,3.9,1.0,0.0,0.0
31.0,0.0,,138.0,39.9,20.951480781348458,70.0,0.5072463768115942,103.0,64.5,0.0,0.0,0.0,0.0,0.0,0.0,0.2857142857142857,0.5714285714285714,4200.0,2.0,2014,4.3,1.0,0.0,0.0
39.0,0.0,2.0,156.0,44.4,18.244575936883628,68.5,0.4391025641025641,132.0,85.0,0.0,0.0,0.0,1.0,0.0,0.0,1.7142857142857142,0.5714285714285714,7800.0,2.0,2014,4.9,1.0,0.0,0.0
35.0,1.0,1.0,171.0,57.9,19.80096439930235,84.0,0.49122807017543857,154.5,98.0,0.0,0.0,1.0,0.0,1.0,6.0,3.4285714285714284,0.8571428571428571,14760.0,1.0,2014,3.9,1.0,0.0,0.0
44.0,0.0,2.0,152.0,53.4,23.11288088642659,74.0,0.4868421052631579,124.5,79.5,0.0,0.0,0.0,0.0,0.0,0.0,0.8571428571428571,1.1428571428571428,4620.0,0.5,2014,4.2,1.0,0.0,0.0
51.0,1.0,3.0,169.0,55.3,19.362067154511397,87.0,0.514792899408284,146.0,92.0,0.0,0.0,1.0,0.0,0.0,0.0,1.7142857142857142,1.1428571428571428,9600.0,1.0,2014,4.3,1.0,0.0,0.0
30.0,1.0,4.0,152.0,45.2,19.56371191135734,69.0,0.45394736842105265,128.5,82.5,0.0,0.0,0.0,0.0,1.0,6.0,0.8571428571428571,1.4285714285714286,6840.0,3.0,2014,4.2,1.0,0.0,0.0
30.0,1.0,6.0,157.0,51.7,20.974481723396487,68.5,0.43630573248407645,113.5,76.0,0.0,0.0,1.0,0.0,0.0,0.0,2.5714285714285716,0.14285714285714285,16320.0,0.5,2014,3.8,1.0,0.0,0.0
50.0,0.0,1.0,157.0,49.8,20.20365937766238,70.0,0.445859872611465,164.5,100.0,0.0,0.0,1.0,0.0,0.0,0.0,0.8571428571428571,0.5714285714285714,10320.0,0.8333333333333334,2014,5.7,0.0,0.0,0.0
40.0,0.0,3.0,153.0,56.6,24.17873467469777,78.0,0.5098039215686274,128.5,94.5,0.0,0.0,0.0,0.0,0.0,0.0,3.5714285714285716,1.1428571428571428,6200.0,1.0,2014,5.3,1.0,0.0,0.0
48.0,1.0,1.0,159.0,55.9,22.111467109687116,77.0,0.48427672955974843,137.5,90.0,0.0,0.0,1.0,0.0,0.0,0.0,6.428571428571429,1.1428571428571428,2220.0,0.5,2014,4.3,1.0,0.0,0.0
56.0,0.0,7.0,155.0,42.7,17.77315296566077,58.2,0.37548387096774194,134.5,84.5,0.0,0.0,0.0,0.0,0.0,0.0,0.42857142857142855,0.5714285714285714,22560.0,0.3333333333333333,2014,4.1,1.0,0.0,0.0
26.0,1.0,,141.0,36.9,18.560434585785426,64.0,0.45390070921985815,125.5,80.0,0.0,0.0,1.0,0.0,0.0,0.0,0.42857142857142855,0.2857142857142857,10560.0,0.5,2014,4.3,1.0,0.0,0.0
45.0,0.0,5.0,155.0,56.4,23.475546305931317,80.0,0.5161290322580645,118.5,77.5,0.0,0.0,0.0,0.0,0.0,0.0,1.7142857142857142,0.2857142857142857,2520.0,2.0,2014,4.7,1.0,0.0,0.0
38.0,1.0,3.0,163.0,60.0,22.582709172343712,74.0,0.4539877300613497,125.5,83.5,0.0,0.0,1.0,0.0,0.0,0.0,1.7142857142857142,0.5714285714285714,6960.0,3.0,2014,5.0,1.0,0.0,0.0
39.0,0.0,,151.0,56.1,24.60418402701636,79.0,0.5231788079470199,124.0,76.0,0.0,0.0,0.0,0.0,0.0,0.0,2.2857142857142856,1.7142857142857142,18600.0,1.0,2014,5.2,1.0,0.0,0.0
30.0,1.0,,157.0,46.5,18.864862671913667,66.0,0.42038216560509556,135.0,87.5,0.0,0.0,1.0,0.0,0.0,0.0,0.8571428571428571,0.5714285714285714,10080.0,2.0,2014,4.4,1.0,0.0,0.0
53.0,0.0,3.0,145.0,38.1,18.12128418549346,63.5,0.4379310344827586,124.0,86.0,0.0,0.0,1.0,0.0,0.0,0.0,0.5714285714285714,0.8571428571428571,15360.0,1.5,2014,5.1,1.0,0.0,0.0
38.0,0.0,1.0,147.0,37.7,17.44643435605535,63.0,0.42857142857142855,121.0,84.5,0.0,0.0,0.0,0.0,0.0,0.0,0.14285714285714285,0.2857142857142857,12920.0,0.6666666666666666,2014,4.7,1.0,0.0,0.0
40.0,0.0,7.0,158.0,47.8,19.14757250440634,68.0,0.43037974683544306,104.0,77.0,0.0,0.0,0.0,0.0,0.0,0.0,0.42857142857142855,1.1428571428571428,2160.0,2.0,2014,4.1,1.0,0.0,0.0
24.0,0.0,3.0,161.0,51.6,19.906639404343967,70.0,0.43478260869565216,121.0,89.0,0.0,0.0,1.0,0.0,0.0,0.0,0.8571428571428571,1.7142857142857142,8040.0,2.0,2014,5.4,1.0,0.0,0.0
32.0,0.0,5.0,153.0,47.3,20.205903712247427,71.0,0.46405228758169936,117.0,78.0,0.0,0.0,1.0,0.0,1.0,0.5,0.2857142857142857,0.5714285714285714,10920.0,0.16666666666666666,2014,5.9,1.0,0.0,0.0
43.0,1.0,4.0,165.0,52.2,19.173553719008268,72.0,0.43636363636363634,137.0,80.0,0.0,0.0,1.0,0.0,1.0,0.5,2.142857142857143,0.8571428571428571,13800.0,1.5,2014,5.4,1.0,0.0,0.0
40.0,0.0,2.0,153.0,44.5,19.009782562262377,67.0,0.43790849673202614,123.5,83.0,0.0,0.0,0.0,1.0,0.0,0.0,0.2857142857142857,1.4285714285714286,5840.0,2.0,2014,4.3,1.0,0.0,0.0
52.0,1.0,,160.0,51.8,20.234374999999996,74.0,0.4625,138.0,81.5,0.0,0.0,1.0,0.0,1.0,2.0,0.14285714285714285,2.0,5580.0,2.0,2014,4.7,1.0,0.0,0.0
52.0,1.0,4.0,161.0,53.3,20.56247829944832,70.0,0.43478260869565216,134.0,93.5,0.0,0.0,0.0,0.0,1.0,2.0,0.5714285714285714,0.2857142857142857,16800.0,2.0,2014,4.5,1.0,0.0,0.0
41.0,1.0,5.0,154.0,49.3,20.78765390453702,71.0,0.461038961038961,136.0,90.5,0.0,0.0,1.0,0.0,0.0,0.0,1.4285714285714286,0.7142857142857143,13200.0,1.5,2014,3.9,1.0,0.0,0.0
25.0,0.0,1.0,157.0,60.7,24.62574546634752,82.0,0.5222929936305732,127.5,81.5,0.0,0.0,0.0,0.0,0.0,0.0,0.5714285714285714,0.5714285714285714,4600.0,1.0,2014,4.9,1.0,0.0,0.0
28.0,1.0,3.0,160.0,53.3,20.820312499999996,70.0,0.4375,122.0,76.5,0.0,0.0,0.0,0.0,0.0,0.0,3.4285714285714284,0.2857142857142857,9040.0,1.0,2014,4.9,1.0,0.0,0.0
32.0,0.0,3.0,148.0,47.2,21.548575602629658,71.0,0.4797297297297297,113.5,78.0,0.0,0.0,0.0,0.0,0.0,0.0,0.8571428571428571,1.4285714285714286,8720.0,1.0,2014,3.9,1.0,0.0,0.0
42.0,0.0,,140.0,47.8,24.387755102040817,77.0,0.55,163.5,87.0,0.0,0.0,1.0,1.0,0.0,0.0,0.2857142857142857,0.8571428571428571,11520.0,0.5,2014,4.1,1.0,0.0,0.0
53.0,1.0,,163.0,57.4,21.604125108208816,78.0,0.4785276073619632,159.5,89.5,0.0,0.0,1.0,0.0,1.0,6.0,0.8571428571428571,0.8571428571428571,10320.0,1.0,2014,3.9,1.0,0.0,0.0
41.0,0.0,2.0,151.0,44.4,19.47283013902899,73.0,0.48344370860927155,101.0,70.0,0.0,0.0,0.0,0.0,0.0,0.0,0.2857142857142857,0.8571428571428571,14880.0,1.0,2014,4.1,1.0,0.0,0.0
60.0,1.0,,158.0,56.5,22.63259093094055,82.0,0.5189873417721519,154.0,86.0,0.0,0.0,0.0,0.0,0.0,0.0,0.42857142857142855,0.5714285714285714,9000.0,1.0,2014,4.9,1.0,0.0,0.0
29.0,1.0,3.0,163.0,54.0,20.32443825510934,70.0,0.4294478527607362,128.5,80.0,0.0,0.0,0.0,0.0,0.0,0.0,2.5714285714285716,1.1428571428571428,6720.0,3.0,2014,4.7,1.0,0.0,0.0
25.0,1.0,3.0,160.0,59.1,23.085937499999996,76.0,0.475,113.0,65.5,0.0,0.0,0.0,0.0,0.0,0.0,0.8571428571428571,1.1428571428571428,5760.0,1.0,2014,3.2,1.0,0.0,0.0
40.0,0.0,,151.0,42.8,18.77110653041533,70.0,0.46357615894039733,152.5,90.0,0.0,0.0,0.0,1.0,0.0,0.0,0.42857142857142855,0.8571428571428571,6480.0,1.0,2014,3.6,1.0,0.0,0.0
28.0,1.0,6.0,163.0,52.2,19.64695697993903,70.0,0.4294478527607362,143.0,100.0,0.0,0.0,0.0,0.0,1.0,0.5,1.2857142857142858,1.1428571428571428,25440.0,1.0,2014,3.1,1.0,0.0,0.0
30.0,1.0,,153.0,50.1,21.402024862232476,72.0,0.47058823529411764,132.0,81.5,0.0,0.0,0.0,0.0,0.0,0.0,0.8571428571428571,0.42857142857142855,5640.0,3.0,2014,3.2,1.0,0.0,0.0
35.0,1.0,3.0,168.0,52.7,18.672052154195015,75.0,0.44642857142857145,164.5,107.0,0.0,0.0,1.0,0.0,1.0,6.0,0.2857142857142857,1.1428571428571428,7800.0,1.0,2014,3.1,1.0,0.0,0.0
34.0,0.0,,157.0,53.8,21.826443263418394,73.0,0.46496815286624205,121.5,75.5,0.0,0.0,0.0,1.0,0.0,0.0,2.857142857142857,2.0,14100.0,2.0,2014,4.3,1.0,0.0,0.0
60.0,0.0,3.0,165.0,88.4,32.470156106519745,104.0,0.6303030303030303,154.5,128.0,0.0,0.0,0.0,0.0,0.0,0.0,1.2857142857142858,2.0,21840.0,1.0,2014,4.1,1.0,0.0,0.0
29.0,0.0,4.0,157.0,48.0,19.473406629072173,74.5,0.4745222929936306,128.5,79.0,0.0,0.0,0.0,0.0,1.0,30.0,,1.7142857142857142,8640.0,0.75,2014,4.6,1.0,0.0,0.0
32.0,1.0,6.0,169.0,78.8,27.590070375687127,87.0,0.514792899408284,148.5,89.0,0.0,0.0,1.0,0.0,0.0,0.0,1.2857142857142858,1.1428571428571428,1680.0,2.0,2014,3.7,1.0,0.0,0.0
34.0,0.0,7.0,172.0,60.5,20.45024337479719,77.0,0.4476744186046512,127.5,74.0,0.0,0.0,0.0,1.0,1.0,2.0,1.0,1.1428571428571428,6160.0,0.5,2014,2.9,1.0,0.0,0.0
40.0,0.0,,158.0,62.4,24.995994231693633,83.5,0.5284810126582279,135.0,94.5,0.0,0.0,0.0,0.0,0.0,0.0,2.142857142857143,0.2857142857142857,5040.0,2.0,2014,4.7,1.0,0.0,0.0
35.0,0.0,10.0,161.0,67.8,26.156398287103116,90.5,0.562111801242236,142.0,91.5,0.0,0.0,0.0,1.0,1.0,0.5,0.2857142857142857,0.2857142857142857,7920.0,0.8333333333333334,2014,4.8,1.0,0.0,0.0
45.0,0.0,,156.0,43.0,17.66929651545036,72.0,0.46153846153846156,122.0,70.0,0.0,0.0,0.0,1.0,0.0,0.0,0.14285714285714285,0.8571428571428571,13600.0,2.0,2014,4.9,1.0,0.0,0.0
27.0,0.0,7.0,165.0,50.0,18.36547291092746,71.0,0.4303030303030303,139.0,91.0,0.0,0.0,0.0,0.0,0.0,0.0,0.14285714285714285,1.4285714285714286,9000.0,2.0,2014,3.4,1.0,0.0,0.0
39.0,0.0,,168.0,69.0,24.44727891156463,84.0,0.5,108.5,77.0,0.0,0.0,0.0,1.0,0.0,0.0,1.1428571428571428,0.8571428571428571,5400.0,2.0,2014,4.1,0.0,0.0,0.0
45.0,1.0,,173.0,54.5,18.209763106017576,70.0,0.4046242774566474,169.5,85.0,0.0,0.0,1.0,0.0,1.0,2.0,0.2857142857142857,0.5714285714285714,3960.0,1.0,2014,4.2,1.0,0.0,0.0
41.0,0.0,2.0,154.0,45.9,19.35402260077585,74.0,0.4805194805194805,165.0,83.5,0.0,0.0,0.0,0.0,0.0,0.0,0.14285714285714285,0.14285714285714285,5280.0,3.0,2014,3.9,1.0,0.0,0.0
43.0,0.0,,159.0,49.7,19.65903247498121,70.1,0.44088050314465405,138.0,92.0,0.0,0.0,0.0,0.0,0.0,0.0,0.8571428571428571,1.4285714285714286,7560.0,1.0,2014,5.0,1.0,0.0,0.0
48.0,1.0,3.0,166.0,56.8,20.612570764987662,74.0,0.4457831325301205,163.0,89.0,0.0,0.0,1.0,0.0,1.0,2.0,0.14285714285714285,,13120.0,2.0,2014,4.4,1.0,0.0,0.0
27.0,1.0,5.0,172.0,61.7,20.855868036776638,75.0,0.436046511627907,152.5,95.0,0.0,0.0,1.0,0.0,1.0,2.0,1.4285714285714286,0.5714285714285714,2192.0,2.0,2014,4.2,1.0,0.0,0.0
47.0,0.0,,163.0,58.0,21.829952199932254,73.2,0.449079754601227,125.0,92.0,0.0,0.0,0.0,0.0,0.0,0.0,0.14285714285714285,0.8571428571428571,4200.0,2.0,2014,4.6,1.0,0.0,0.0
33.0,0.0,,164.0,49.9,18.552944675788225,70.0,0.4268292682926829,127.5,88.0,0.0,0.0,0.0,1.0,0.0,0.0,0.0,0.8571428571428571,2520.0,0.5,2014,3.8,1.0,0.0,0.0
43.0,1.0,6.0,164.0,51.0,18.961927424152293,71.0,0.4329268292682927,107.0,67.5,0.0,0.0,0.0,0.0,1.0,30.0,0.8571428571428571,0.5714285714285714,8400.0,1.0,2014,4.2,1.0,0.0,0.0
50.0,0.0,1.0,158.0,46.8,18.746995673770225,71.0,0.44936708860759494,124.5,86.0,0.0,0.0,0.0,0.0,0.0,0.0,0.2857142857142857,1.1428571428571428,8400.0,2.0,2014,4.1,1.0,0.0,0.0
35.0,1.0,3.0,171.0,56.3,19.253787490167916,70.1,0.4099415204678362,195.0,86.5,0.0,0.0,1.0,0.0,0.0,0.0,0.8571428571428571,0.7142857142857143,7440.0,1.0,2014,4.8,1.0,0.0,0.0
40.0,0.0,,156.0,49.0,20.134779750164363,73.1,0.46858974358974353,129.0,85.0,0.0,0.0,0.0,0.0,0.0,0.0,0.2857142857142857,1.1428571428571428,6120.0,0.6666666666666666,2014,6.5,0.0,0.0,0.0
54.0,1.0,,,51.5,,71.5,,126.0,83.0,0.0,0.0,1.0,0.0,1.0,2.0,0.2857142857142857,1.1428571428571428,9900.0,0.5,2014,4.3,0.0,0.0,0.0
38.0,0.0,,152.0,50.7,21.94425207756233,60.0,0.39473684210526316,118.5,80.5,0.0,0.0,0.0,0.0,0.0,0.0,0.14285714285714285,0.8571428571428571,1480.0,0.8333333333333334,2014,4.7,1.0,0.0,0.0
45.0,0.0,,141.0,38.9,19.56642020019114,68.0,0.48226950354609927,147.5,82.0,0.0,0.0,0.0,1.0,1.0,2.0,0.2857142857142857,0.8571428571428571,12000.0,1.0,2014,4.1,1.0,0.0,0.0
27.0,0.0,,152.0,48.9,21.16516620498615,69.0,0.45394736842105265,119.0,78.0,0.0,0.0,0.0,0.0,0.0,0.0,0.0,1.1428571428571428,5040.0,3.0,2014,3.9,1.0,0.0,0.0
38.0,1.0,3.0,162.0,52.7,20.08078036884621,71.0,0.4382716049382716,123.0,75.5,0.0,0.0,1.0,0.0,1.0,22.0,5.0,1.0,7500.0,0.5,2014,4.4,1.0,0.0,0.0
54.0,0.0,,156.0,46.5,19.10749506903353,66.0,0.4230769230769231,153.0,96.0,0.0,0.0,0.0,1.0,0.0,0.0,,2.0,1260.0,2.0,2014,4.7,1.0,0.0,0.0
48.0,0.0,4.0,153.0,47.3,20.205903712247427,69.0,0.45098039215686275,110.5,69.0,0.0,0.0,0.0,0.0,0.0,0.0,1.4285714285714286,0.5714285714285714,4200.0,0.16666666666666666,2014,4.6,1.0,0.0,0.0
31.0,0.0,,159.0,56.4,22.309244096356945,76.5,0.4811320754716981,126.0,91.0,0.0,0.0,0.0,0.0,1.0,0.5,0.2857142857142857,0.14285714285714285,3040.0,2.0,2014,4.3,1.0,0.0,0.0
23.0,0.0,,166.0,45.8,16.620699666134417,72.0,0.43373493975903615,119.5,84.0,0.0,0.0,0.0,0.0,1.0,0.5,0.8571428571428571,0.2857142857142857,3120.0,1.5,2014,,,0.0,0.0
44.0,1.0,2.0,164.0,51.5,19.14782867340869,75.0,0.4573170731707317,118.0,72.5,0.0,0.0,0.0,0.0,0.0,0.0,2.5714285714285716,1.1428571428571428,11040.0,0.75,2014,4.8,1.0,0.0,0.0
54.0,0.0,6.0,158.0,76.4,30.60406986059926,70.0,0.4430379746835443,132.0,82.0,0.0,0.0,0.0,1.0,0.0,0.0,0.14285714285714285,0.8571428571428571,1680.0,3.0,2014,6.0,1.0,0.0,0.0
25.0,1.0,6.0,163.0,51.4,19.345854190974446,70.0,0.4294478527607362,117.5,72.0,0.0,0.0,1.0,0.0,0.0,0.0,3.4285714285714284,0.8571428571428571,880.0,0.6666666666666666,2014,5.2,1.0,0.0,0.0
34.0,0.0,,162.0,53.6,20.42371589696692,73.0,0.4506172839506173,121.0,90.0,0.0,0.0,0.0,0.0,0.0,0.0,10.0,1.4285714285714286,5040.0,,2014,4.2,1.0,0.0,0.0
43.0,1.0,7.0,167.0,48.6,17.42622539352433,67.0,0.40119760479041916,129.0,79.0,0.0,0.0,1.0,0.0,0.0,0.0,10.0,0.42857142857142855,14760.0,3.0,2014,5.9,1.0,0.0,0.0
19.0,1.0,3.0,162.0,53.4,20.347508001828984,75.5,0.4660493827160494,148.5,80.0,0.0,0.0,0.0,0.0,0.0,0.0,0.5714285714285714,1.7142857142857142,16920.0,1.5,2014,4.2,1.0,0.0,0.0
36.0,0.0,12.0,159.0,40.7,16.099046714924253,60.8,0.3823899371069182,106.5,70.0,0.0,0.0,0.0,0.0,0.0,0.0,1.1428571428571428,1.4285714285714286,4300.0,5.0,2014,1.9,1.0,0.0,0.0
34.0,0.0,,164.0,61.5,22.86585365853659,83.0,0.5060975609756098,119.5,77.5,0.0,0.0,0.0,0.0,0.0,0.0,0.42857142857142855,1.1428571428571428,10080.0,3.0,2014,2.9,1.0,0.0,0.0
24.0,0.0,,154.0,59.0,24.87771968291449,81.0,0.525974025974026,113.0,77.0,0.0,0.0,0.0,0.0,0.0,0.0,0.5714285714285714,0.2857142857142857,1440.0,3.0,2014,,0.0,0.0,0.0
38.0,0.0,4.0,157.0,65.6,26.613655726398633,62.0,0.39490445859872614,117.0,71.5,0.0,1.0,0.0,0.0,0.0,0.0,1.4285714285714286,0.0,9472.0,1.5,2014,,1.0,0.0,0.0
36.0,1.0,6.0,155.0,62.5,26.014568158168572,70.9,0.4574193548387097,118.0,71.0,0.0,0.0,0.0,0.0,0.0,0.0,0.2857142857142857,1.1428571428571428,15360.0,2.0,2014,2.6,1.0,0.0,0.0
28.0,1.0,13.0,170.0,68.0,23.529411764705884,67.5,0.39705882352941174,107.5,62.0,0.0,0.0,0.0,0.0,0.0,0.0,0.8571428571428571,0.14285714285714285,7920.0,1.0,2014,,0.0,0.0,0.0
41.0,0.0,3.0,160.0,65.0,25.390624999999996,78.0,0.4875,117.0,73.5,,0.0,1.0,1.0,0.0,0.0,3.0,0.14285714285714285,1680.0,0.5,2014,,1.0,0.0,0.0
47.0,1.0,5.0,163.0,67.5,25.405547818886674,90.3,0.5539877300613497,137.5,86.0,,0.0,0.0,0.0,1.0,6.0,0.14285714285714285,0.2857142857142857,2760.0,2.0,2014,7.5,0.0,0.0,0.0
34.0,0.0,7.0,161.0,58.4,22.529994984761387,80.0,0.4968944099378882,118.5,79.0,0.0,0.0,0.0,0.0,0.0,0.0,0.42857142857142855,0.42857142857142855,1440.0,1.0,2014,,0.0,0.0,0.0
44.0,0.0,,161.0,68.4,26.387870838316424,68.7,0.4267080745341615,118.0,78.0,0.0,0.0,0.0,0.0,0.0,0.0,0.5714285714285714,0.5714285714285714,12360.0,1.0,2014,4.1,1.0,0.0,0.0
55.0,1.0,5.0,162.0,78.9,30.064014631915864,74.5,0.45987654320987653,151.0,74.5,0.0,0.0,1.0,0.0,0.0,0.0,0.8571428571428571,0.8571428571428571,20640.0,2.0,2014,2.9,0.0,0.0,0.0
58.0,0.0,3.0,160.0,70.1,27.382812499999993,41.0,0.25625,121.0,73.5,0.0,0.0,0.0,1.0,1.0,2.0,1.1428571428571428,3.5714285714285716,7200.0,1.0,2014,4.5,0.0,0.0,0.0
59.0,0.0,2.0,153.0,50.0,21.35930624973301,59.2,0.3869281045751634,145.5,71.5,,1.0,0.0,1.0,1.0,14.0,0.14285714285714285,0.8571428571428571,26880.0,9.0,2014,3.7,1.0,0.0,0.0
41.0,1.0,5.0,175.0,53.5,17.46938775510204,,,127.5,84.0,,0.0,1.0,0.0,1.0,6.0,2.0,0.5714285714285714,38640.0,0.5,2014,5.3,0.0,0.0,0.0
56.0,1.0,10.0,165.0,75.7,27.805325987144172,74.2,0.4496969696969697,111.5,76.0,0.0,0.0,0.0,0.0,0.0,0.0,2.0,1.1428571428571428,20880.0,10.0,2014,2.9,1.0,0.0,0.0
43.0,0.0,5.0,169.0,80.9,28.32533874864326,95.0,0.5621301775147929,192.0,112.5,0.0,1.0,0.0,0.0,1.0,0.5,0.42857142857142855,1.2857142857142858,23280.0,1.0,2014,4.6,0.0,0.0,0.0
47.0,1.0,13.0,162.0,57.4,21.87166590458771,66.7,0.4117283950617284,128.0,79.0,0.0,0.0,1.0,0.0,,14.0,0.2857142857142857,1.2857142857142858,30660.0,0.5,2014,3.2,1.0,0.0,0.0
53.0,1.0,7.0,162.0,81.7,31.13092516384697,100.0,0.6172839506172839,111.5,78.0,0.0,0.0,0.0,0.0,0.0,0.0,3.0,0.14285714285714285,23040.0,12.0,2014,9.6,0.0,0.0,0.0
59.0,0.0,5.0,163.0,97.4,36.65926455643796,93.0,0.5705521472392638,119.0,79.0,0.0,0.0,0.0,0.0,0.0,0.0,0.2857142857142857,,960.0,3.0,2014,5.5,0.0,0.0,0.0
62.0,1.0,5.0,170.0,81.0,28.027681660899656,100.0,0.5882352941176471,124.0,78.0,,0.0,0.0,0.0,1.0,6.0,0.5714285714285714,0.14285714285714285,2460.0,0.5,2014,9.3,1.0,0.0,1.0
35.0,0.0,14.0,156.0,75.6,31.065088757396445,58.0,0.3717948717948718,116.5,83.5,1.0,0.0,0.0,0.0,1.0,2.0,0.8571428571428571,0.2857142857142857,400.0,2.0,2014,5.1,1.0,,0.0
43.0,0.0,17.0,160.0,89.9,35.11718749999999,110.8,0.6925,127.0,84.5,0.0,0.0,0.0,0.0,1.0,0.5,1.0,0.8571428571428571,2640.0,1.0,2014,4.5,0.0,0.0,0.0
32.0,0.0,13.0,158.0,43.5,17.425092132671043,63.5,0.40189873417721517,97.0,66.0,0.0,0.0,0.0,0.0,0.0,0.0,1.1428571428571428,0.8571428571428571,480.0,4.0,2014,2.4,0.0,0.0,0.0
34.0,1.0,15.0,179.0,65.2,20.348927936081896,72.0,0.4022346368715084,119.0,78.5,0.0,1.0,0.0,0.0,0.0,0.0,0.2857142857142857,0.14285714285714285,19800.0,12.0,2014,3.2,1.0,0.0,0.0
47.0,0.0,7.0,159.0,62.3,24.64301253906095,85.4,0.5371069182389937,127.0,90.5,0.0,0.0,0.0,0.0,0.0,0.0,0.8571428571428571,0.14285714285714285,360.0,10.0,2014,3.7,1.0,0.0,0.0
34.0,0.0,,162.0,59.4,22.633744855967073,71.3,0.44012345679012344,110.5,67.0,0.0,0.0,0.0,0.0,0.0,0.0,2.142857142857143,0.2857142857142857,31920.0,1.0,2014,5.5,0.0,0.0,0.0
35.0,0.0,,158.0,58.0,23.233456176894723,69.3,0.43860759493670887,110.0,70.0,0.0,0.0,0.0,0.0,0.0,0.0,1.2857142857142858,0.5714285714285714,9120.0,1.0,2014,8.3,0.0,0.0,0.0
34.0,0.0,,166.0,68.2,24.74960081289012,60.1,0.36204819277108435,113.0,65.5,0.0,0.0,0.0,0.0,0.0,0.0,0.5714285714285714,1.1428571428571428,18480.0,1.0,2014,5.2,0.0,0.0,0.0
46.0,0.0,2.0,156.0,72.1,29.626890203813275,84.5,0.5416666666666666,149.0,74.5,0.0,0.0,0.0,0.0,1.0,2.0,0.5714285714285714,2.2857142857142856,3580.0,0.5,2014,2.2,0.0,0.0,0.0
56.0,0.0,,161.0,63.2,24.381775394467805,77.1,0.4788819875776397,120.0,70.0,0.0,0.0,0.0,0.0,0.0,0.0,1.7142857142857142,1.7142857142857142,4440.0,3.0,2014,4.0,0.0,0.0,0.0
55.0,1.0,4.0,161.0,67.1,25.886346977354265,74.0,0.45962732919254656,113.0,65.5,0.0,0.0,0.0,0.0,1.0,6.0,2.857142857142857,1.1428571428571428,10800.0,1.0,2014,2.2,1.0,0.0,0.0
49.0,1.0,4.0,159.0,59.2,23.416795221708,71.3,0.4484276729559748,115.0,81.5,0.0,0.0,0.0,0.0,0.0,0.0,0.14285714285714285,0.8571428571428571,28320.0,1.0,2014,2.9,1.0,0.0,0.0
49.0,1.0,,157.0,62.5,25.355998214937724,70.1,0.44649681528662416,128.5,76.5,0.0,0.0,0.0,0.0,0.0,0.0,0.0,0.14285714285714285,8160.0,2.0,2014,5.4,1.0,0.0,0.0
26.0,1.0,3.0,163.0,65.0,24.46460160337235,48.3,0.296319018404908,116.5,66.0,0.0,0.0,0.0,0.0,0.0,0.0,3.0,0.42857142857142855,3840.0,3.0,2014,2.1,0.0,0.0,0.0
41.0,1.0,5.0,162.0,78.9,30.064014631915864,73.6,0.45432098765432094,132.5,85.0,0.0,0.0,1.0,0.0,0.0,0.0,0.14285714285714285,0.8571428571428571,13200.0,0.5,2014,2.9,0.0,0.0,0.0
52.0,1.0,4.0,162.0,54.3,20.690443529949697,67.6,0.4172839506172839,144.0,93.5,0.0,0.0,0.0,0.0,1.0,2.0,0.2857142857142857,0.5714285714285714,1440.0,10.0,2014,5.2,0.0,0.0,0.0
27.0,0.0,12.0,156.0,62.2,25.558842866535173,90.5,0.5801282051282052,124.5,93.0,0.0,0.0,0.0,0.0,0.0,0.0,0.2857142857142857,0.2857142857142857,2040.0,1.0,2014,,0.0,0.0,0.0
61.0,1.0,6.0,160.0,51.5,20.117187499999996,80.1,0.500625,154.0,78.5,0.0,0.0,0.0,0.0,0.0,0.0,0.5714285714285714,0.14285714285714285,1200.0,0.5,2014,4.3,1.0,1.0,1.0
41.0,0.0,4.0,150.0,73.5,32.666666666666664,90.5,0.6033333333333334,148.0,90.5,0.0,0.0,0.0,0.0,0.0,0.0,2.142857142857143,0.5714285714285714,3480.0,0.5,2014,4.3,0.0,0.0,0.0
35.0,1.0,3.0,170.0,54.1,18.719723183391007,83.5,0.49117647058823527,137.0,76.5,0.0,0.0,1.0,0.0,0.0,0.0,2.142857142857143,0.2857142857142857,33120.0,1.0,2014,3.6,0.0,0.0,0.0
61.0,1.0,,155.0,56.9,23.683662851196665,86.5,0.5580645161290323,130.5,75.0,0.0,0.0,0.0,0.0,0.0,0.0,,0.14285714285714285,3564.0,0.5,2014,6.8,0.0,0.0,0.0
26.0,0.0,7.0,151.0,50.1,21.972720494715144,94.0,0.6225165562913907,121.5,77.5,0.0,0.0,0.0,0.0,0.0,0.0,7.0,0.14285714285714285,5680.0,1.0,2014,3.7,0.0,0.0,0.0
27.0,1.0,8.0,161.0,55.9,21.56552602137263,78.3,0.4863354037267081,127.0,81.0,0.0,0.0,1.0,0.0,1.0,0.5,1.0,0.14285714285714285,13000.0,0.5166666666666667,2014,,0.0,0.0,0.0
41.0,1.0,6.0,156.0,44.9,18.450032873109794,78.0,0.5,139.0,85.0,0.0,0.0,1.0,1.0,1.0,0.5,3.0,0.0,8520.0,1.0,2014,3.2,1.0,0.0,0.0
35.0,0.0,7.0,150.0,43.7,19.422222222222224,68.0,0.4533333333333333,114.0,74.5,0.0,0.0,0.0,0.0,1.0,2.0,0.2857142857142857,0.2857142857142857,11760.0,1.0,2014,3.7,0.0,0.0,0.0
22.0,1.0,5.0,167.0,54.9,19.685180537129334,68.0,0.40718562874251496,117.0,65.0,0.0,0.0,0.0,0.0,1.0,22.0,0.8571428571428571,0.2857142857142857,17040.0,1.0,2014,,0.0,0.0,0.0
52.0,1.0,4.0,168.0,55.8,19.77040816326531,74.0,0.44047619047619047,120.5,65.0,0.0,0.0,0.0,0.0,0.0,0.0,0.2857142857142857,0.42857142857142855,2880.0,0.8333333333333334,2014,2.5,1.0,0.0,0.0
29.0,1.0,12.0,162.0,52.0,19.81405273586343,73.0,0.4506172839506173,155.0,91.0,,0.0,0.0,0.0,0.0,0.0,0.2857142857142857,0.14285714285714285,6480.0,0.25,2014,,1.0,0.0,0.0
45.0,1.0,7.0,159.0,56.7,22.427910288358845,80.5,0.5062893081761006,162.5,82.0,0.0,0.0,0.0,0.0,0.0,0.0,1.7142857142857142,0.2857142857142857,14400.0,4.0,2014,9.3,0.0,0.0,0.0
45.0,1.0,2.0,160.0,53.5,20.898437499999996,70.7,0.441875,127.5,79.5,0.0,0.0,0.0,0.0,0.0,0.0,3.4285714285714284,0.14285714285714285,12960.0,5.0,2014,6.3,0.0,0.0,0.0
50.0,1.0,7.0,172.0,57.1,19.300973499188753,70.5,0.40988372093023256,135.0,84.5,0.0,0.0,0.0,0.0,0.0,0.0,2.2857142857142856,3.5714285714285716,7480.0,0.5,2014,4.3,0.0,0.0,0.0
52.0,1.0,2.0,170.0,60.6,20.96885813148789,77.0,0.45294117647058824,165.5,78.0,0.0,0.0,0.0,0.0,0.0,0.0,2.142857142857143,0.2857142857142857,1440.0,5.0,2014,4.5,0.0,0.0,0.0
25.0,1.0,7.0,162.0,55.0,20.957171162932475,70.2,0.43333333333333335,155.0,82.5,0.0,0.0,0.0,0.0,0.0,0.0,,0.14285714285714285,7680.0,1.0,2014,2.2,0.0,0.0,0.0
39.0,1.0,,170.0,54.9,18.996539792387544,72.0,0.4235294117647059,129.0,82.0,0.0,0.0,1.0,0.0,0.0,0.0,15.0,0.0,16680.0,1.0,2014,7.0,0.0,0.0,0.0
46.0,1.0,7.0,167.0,69.0,24.740937287102444,80.1,0.4796407185628742,134.5,87.5,0.0,0.0,0.0,0.0,1.0,6.0,0.14285714285714285,0.2857142857142857,6720.0,1.0,2014,4.7,0.0,0.0,0.0
39.0,1.0,3.0,170.0,57.8,20.0,78.5,0.46176470588235297,118.5,83.0,0.0,0.0,0.0,0.0,1.0,2.0,0.5714285714285714,1.2857142857142858,15360.0,0.65,2014,3.1,0.0,0.0,0.0
36.0,1.0,6.0,162.0,53.4,20.347508001828984,74.1,0.4574074074074074,118.0,86.5,0.0,0.0,1.0,0.0,1.0,6.0,0.14285714285714285,0.2857142857142857,15120.0,4.0,2014,3.6,1.0,0.0,0.0
27.0,0.0,14.0,160.0,57.5,22.460937499999996,79.0,0.49375,122.0,66.5,0.0,0.0,0.0,0.0,0.0,0.0,1.0,0.2857142857142857,480.0,1.0,2014,4.2,0.0,0.0,0.0
53.0,0.0,,149.0,50.0,22.52150804017837,83.0,0.5570469798657718,150.5,88.5,0.0,1.0,1.0,0.0,0.0,0.0,1.0,0.5714285714285714,1372.0,0.016666666666666666,2014,6.8,0.0,0.0,0.0
32.0,0.0,16.0,160.0,96.9,37.85156249999999,107.0,0.66875,109.5,69.5,0.0,0.0,0.0,0.0,0.0,0.0,1.0,0.14285714285714285,360.0,1.0,2014,4.3,1.0,,0.0
62.0,0.0,1.0,145.0,58.5,27.824019024970273,100.0,0.6896551724137931,107.0,62.5,0.0,0.0,0.0,0.0,1.0,0.5,3.0,0.0,13200.0,1.0,2014,4.4,0.0,0.0,0.0
63.0,1.0,3.0,172.0,61.6,20.822065981611683,90.0,0.5232558139534884,119.0,84.5,0.0,1.0,0.0,0.0,1.0,0.5,0.2857142857142857,0.5714285714285714,6960.0,3.0,2014,4.8,1.0,1.0,1.0
29.0,1.0,18.0,,,,,,,,,0.0,0.0,0.0,0.0,0.0,0.14285714285714285,0.0,0.0,2.0,2014,,,0.0,0.0
51.0,0.0,10.0,152.0,54.9,23.762119113573405,88.0,0.5789473684210527,167.5,73.0,0.0,1.0,0.0,0.0,0.0,0.0,1.2857142857142858,0.42857142857142855,14000.0,0.5,2014,4.4,1.0,0.0,0.0
29.0,1.0,10.0,170.0,70.1,24.2560553633218,79.0,0.4647058823529412,,,,0.0,0.0,0.0,1.0,22.0,10.0,0.0,47760.0,2.0,2014,,,0.0,0.0
46.0,0.0,4.0,150.0,64.7,28.755555555555556,98.0,0.6533333333333333,134.5,78.5,0.0,1.0,0.0,0.0,0.0,0.0,0.7142857142857143,0.42857142857142855,5280.0,1.0,2014,7.2,0.0,0.0,0.0
32.0,0.0,14.0,159.0,74.1,29.310549424468963,95.0,0.5974842767295597,113.0,78.0,0.0,1.0,0.0,0.0,1.0,30.0,5.0,2.0,400.0,2.0,2014,4.0,0.0,0.0,0.0
47.0,0.0,6.0,158.0,108.0,43.26229770870052,104.0,0.6582278481012658,142.5,89.0,0.0,0.0,0.0,0.0,1.0,2.0,14.0,2.2857142857142856,5040.0,2.0,2014,6.9,0.0,0.0,0.0
27.0,1.0,12.0,164.0,107.4,39.931588340273656,115.0,0.7012195121951219,140.5,99.5,0.0,0.0,0.0,0.0,1.0,6.0,2.0,0.42857142857142855,16320.0,0.5,2014,4.2,1.0,0.0,0.0
47.0,0.0,5.0,158.0,69.7,27.920205095337284,95.0,0.6012658227848101,123.0,80.0,0.0,0.0,0.0,0.0,1.0,6.0,0.8571428571428571,0.14285714285714285,15600.0,1.5,2014,4.2,1.0,0.0,0.0
29.0,1.0,15.0,183.0,83.9,25.05300247842575,85.0,0.4644808743169399,124.5,78.5,0.0,0.0,0.0,0.0,1.0,2.0,0.42857142857142855,0.14285714285714285,3000.0,1.0,2014,4.7,0.0,0.0,0.0
58.0,1.0,4.0,170.0,65.3,22.595155709342563,90.0,0.5294117647058824,176.5,104.0,0.0,1.0,1.0,0.0,1.0,30.0,0.14285714285714285,0.42857142857142855,33600.0,1.0,2014,21.4,0.0,0.0,0.0
58.0,0.0,12.0,152.0,70.0,30.297783933518005,96.0,0.631578947368421,128.5,77.0,0.0,0.0,0.0,0.0,1.0,22.0,1.0,0.14285714285714285,4440.0,0.25,2014,11.5,1.0,,1.0
26.0,0.0,12.0,154.0,62.7,26.437847866419297,85.0,0.551948051948052,121.0,74.0,0.0,0.0,0.0,0.0,0.0,0.0,0.8571428571428571,0.42857142857142855,1680.0,3.0,2014,6.3,0.0,0.0,0.0
33.0,0.0,11.0,156.0,83.6,34.35239973701512,116.0,0.7435897435897436,141.5,97.0,0.0,0.0,0.0,0.0,1.0,0.5,0.5714285714285714,0.7142857142857143,1680.0,2.0,2014,4.2,0.0,0.0,0.0
49.0,1.0,10.0,162.0,51.1,19.47111720774272,70.0,0.43209876543209874,160.5,82.5,0.0,0.0,0.0,0.0,0.0,0.0,0.14285714285714285,0.2857142857142857,25920.0,3.0,2014,4.0,0.0,0.0,0.0
30.0,0.0,5.0,158.0,60.4,24.194840570421402,80.2,0.5075949367088608,98.5,73.0,0.0,0.0,0.0,0.0,0.0,0.0,0.14285714285714285,0.42857142857142855,28680.0,3.0,2014,4.3,1.0,0.0,0.0
46.0,0.0,,157.0,52.1,21.136760111972087,80.0,0.5095541401273885,128.5,92.5,0.0,0.0,0.0,0.0,1.0,14.0,0.2857142857142857,0.0,8400.0,0.75,2014,3.2,0.0,0.0,0.0
31.0,0.0,11.0,158.0,87.4,35.010414997596534,102.0,0.6455696202531646,122.0,77.5,0.0,0.0,1.0,0.0,1.0,2.0,4.0,0.7142857142857143,14528.0,2.0,2014,4.0,0.0,0.0,0.0
35.0,1.0,11.0,165.0,62.7,23.030303030303035,82.0,0.49696969696969695,138.5,84.5,0.0,0.0,0.0,0.0,0.0,0.0,3.0,1.0,20880.0,2.0,2014,2.6,0.0,0.0,0.0
27.0,0.0,15.0,156.0,46.7,19.189677843523995,74.0,0.47435897435897434,108.0,72.5,0.0,0.0,0.0,0.0,0.0,0.0,0.42857142857142855,0.2857142857142857,11520.0,1.0,2014,4.2,1.0,0.0,0.0
38.0,0.0,,155.0,47.0,19.562955254942764,66.0,0.4258064516129032,221.0,115.0,0.0,0.0,1.0,0.0,0.0,0.0,0.5714285714285714,0.8571428571428571,16200.0,3.0,2014,3.4,1.0,0.0,0.0
35.0,1.0,11.0,178.0,68.9,21.745991667718723,,,120.0,79.5,0.0,1.0,1.0,0.0,1.0,0.5,3.0,1.0,39960.0,1.5,2014,3.8,1.0,0.0,0.0
28.0,1.0,12.0,182.0,93.9,28.348025600772853,92.0,0.5054945054945055,120.0,77.0,0.0,0.0,0.0,0.0,1.0,6.0,0.8571428571428571,0.5714285714285714,4260.0,6.0,2014,4.5,1.0,0.0,0.0
60.0,1.0,6.0,173.0,58.5,19.54625948077116,74.0,0.4277456647398844,147.5,79.5,0.0,0.0,0.0,0.0,0.0,0.0,2.0,0.5714285714285714,14940.0,2.0,2014,2.3,0.0,0.0,0.0
27.0,0.0,13.0,147.0,51.9,24.017770373455505,70.0,0.47619047619047616,137.0,87.5,0.0,1.0,0.0,0.0,1.0,2.0,0.8571428571428571,0.5714285714285714,16440.0,3.0,2014,4.8,0.0,0.0,0.0
37.0,0.0,,149.0,48.5,21.84586279897302,78.0,0.5234899328859061,135.0,79.0,0.0,0.0,0.0,0.0,0.0,0.0,1.0,0.42857142857142855,27840.0,2.0,2014,4.9,1.0,0.0,0.0
22.0,0.0,7.0,148.0,48.2,22.00511322132944,76.0,0.5135135135135135,119.5,84.5,0.0,0.0,0.0,0.0,0.0,0.0,1.0,0.2857142857142857,15240.0,1.0,2014,,,0.0,0.0
21.0,1.0,3.0,152.0,44.0,19.04432132963989,67.0,0.4407894736842105,123.5,84.0,0.0,0.0,0.0,0.0,0.0,0.0,1.0,1.1428571428571428,8760.0,1.0,2014,,,0.0,0.0
46.0,1.0,5.0,146.0,40.9,19.187464815162322,70.0,0.4794520547945205,106.0,74.5,0.0,0.0,0.0,0.0,0.0,0.0,1.0,1.1428571428571428,29280.0,1.0,2014,6.0,1.0,0.0,0.0
32.0,1.0,,149.0,39.0,17.56677627133913,70.0,0.4697986577181208,113.0,84.0,0.0,0.0,0.0,0.0,1.0,2.0,1.0,2.0,15240.0,0.75,2014,2.5,0.0,0.0,0.0
49.0,0.0,,157.0,51.5,20.893342529108686,80.0,0.5095541401273885,122.5,84.0,0.0,0.0,0.0,0.0,1.0,2.0,1.0,0.2857142857142857,2920.0,2.0,2014,4.9,0.0,0.0,0.0
26.0,0.0,2.0,157.0,69.4,28.15530041786685,87.8,0.5592356687898089,133.5,95.0,0.0,0.0,0.0,0.0,0.0,0.0,1.0,1.0,16800.0,2.0,2014,3.9,1.0,0.0,0.0
46.0,0.0,,158.0,51.0,20.429418362441915,80.2,0.5075949367088608,126.5,83.0,0.0,0.0,1.0,0.0,0.0,0.0,1.0,1.0,23520.0,2.0,2014,4.5,1.0,0.0,0.0
50.0,0.0,,149.0,41.6,18.737894689428405,83.0,0.5570469798657718,189.0,98.5,0.0,0.0,1.0,0.0,0.0,0.0,1.0,0.42857142857142855,21120.0,1.0,2014,5.8,1.0,0.0,0.0
25.0,0.0,,149.0,43.6,19.63875501103554,70.0,0.4697986577181208,137.5,88.0,0.0,0.0,0.0,0.0,0.0,0.0,1.0,0.8571428571428571,20400.0,0.75,2014,3.9,1.0,0.0,0.0
60.0,0.0,3.0,147.0,37.5,17.353880327641264,70.0,0.47619047619047616,193.0,106.5,0.0,0.0,0.0,0.0,1.0,2.0,1.0,0.42857142857142855,1020.0,1.5,2014,4.7,1.0,,0.0
39.0,0.0,2.0,146.0,39.4,18.483768061550013,74.0,0.5068493150684932,115.5,84.0,0.0,1.0,0.0,0.0,0.0,0.0,1.0,2.0,5520.0,0.5,2014,6.1,1.0,0.0,1.0
36.0,0.0,1.0,150.0,42.2,18.755555555555556,80.0,0.5333333333333333,131.0,88.5,,0.0,0.0,0.0,0.0,0.0,5.0,0.14285714285714285,16800.0,1.5,2014,4.3,0.0,0.0,0.0
49.0,1.0,6.0,162.0,58.2,22.176497485139457,78.0,0.48148148148148145,138.0,80.0,0.0,0.0,0.0,0.0,1.0,2.0,1.0,1.1428571428571428,30000.0,1.0,2014,4.1,1.0,0.0,0.0
64.0,0.0,,154.0,60.0,25.2993759487266,87.0,0.564935064935065,210.0,85.0,0.0,0.0,1.0,0.0,0.0,0.0,7.0,1.2857142857142858,12960.0,1.0,2014,5.9,1.0,0.0,0.0
36.0,0.0,2.0,150.0,46.4,20.62222222222222,78.0,0.52,144.5,79.5,0.0,0.0,0.0,0.0,0.0,0.0,2.0,1.4285714285714286,16800.0,1.5,2014,4.2,1.0,0.0,0.0
34.0,1.0,5.0,152.0,38.1,16.490650969529085,68.4,0.45,112.5,85.0,,0.0,0.0,0.0,1.0,30.0,3.0,0.7142857142857143,20160.0,1.0,2014,4.2,1.0,0.0,0.0
55.0,0.0,3.0,145.0,42.7,20.309155766944116,78.0,0.5379310344827586,193.0,80.0,,0.0,1.0,0.0,0.0,0.0,2.0,1.1428571428571428,19280.0,3.0,2014,4.4,1.0,0.0,0.0
47.0,0.0,2.0,155.0,55.0,22.892819979188342,82.0,0.5290322580645161,117.0,74.0,0.0,0.0,0.0,0.0,0.0,0.0,1.0,0.8571428571428571,16000.0,4.0,2014,3.9,1.0,0.0,0.0
39.0,0.0,1.0,155.0,52.5,21.8522372528616,78.0,0.5032258064516129,191.0,105.5,0.0,0.0,0.0,0.0,0.0,0.0,1.0,1.7142857142857142,11040.0,3.0,2014,7.2,1.0,,1.0
39.0,1.0,8.0,162.0,50.3,19.166285627190973,71.0,0.4382716049382716,103.5,60.5,0.0,0.0,1.0,0.0,0.0,0.0,1.0,0.8571428571428571,41040.0,0.25,2014,5.4,0.0,0.0,0.0
37.0,1.0,4.0,155.0,47.1,19.604578563995837,72.0,0.4645161290322581,164.5,90.0,0.0,0.0,1.0,0.0,0.0,0.0,1.0,0.2857142857142857,22440.0,0.25,2014,3.9,1.0,0.0,0.0
30.0,0.0,,140.0,52.0,26.530612244897963,72.0,0.5142857142857142,127.5,89.5,0.0,0.0,0.0,0.0,0.0,0.0,1.0,0.8571428571428571,16920.0,0.5,2014,4.4,0.0,0.0,0.0
47.0,1.0,4.0,165.0,52.9,19.43067033976125,70.0,0.42424242424242425,155.0,91.5,0.0,0.0,0.0,0.0,1.0,6.0,0.14285714285714285,2.0,5400.0,0.5,2014,5.2,0.0,0.0,0.0
28.0,0.0,3.0,153.0,53.9,23.02533213721218,77.0,0.5032679738562091,106.0,60.5,0.0,0.0,0.0,0.0,0.0,0.0,2.0,2.0,10320.0,0.5,2014,4.3,0.0,0.0,0.0
30.0,1.0,3.0,152.0,45.8,19.823407202216064,69.0,0.45394736842105265,149.0,82.5,0.0,0.0,0.0,0.0,0.0,0.0,2.0,2.0,3360.0,0.5,2014,9.0,0.0,0.0,0.0
39.0,0.0,,,,,,,138.0,85.5,0.0,0.0,1.0,0.0,0.0,0.0,1.4285714285714286,0.2857142857142857,18240.0,,2014,3.4,1.0,0.0,0.0
47.0,0.0,1.0,155.0,45.9,19.105098855359,70.0,0.45161290322580644,152.5,71.5,0.0,0.0,0.0,0.0,0.0,0.0,7.0,0.2857142857142857,16080.0,1.5,2014,6.1,1.0,0.0,1.0
36.0,1.0,2.0,162.0,43.7,16.651425087639076,67.5,0.4166666666666667,140.0,79.0,0.0,0.0,1.0,0.0,1.0,14.0,0.8571428571428571,0.0,15360.0,2.0,2014,4.1,1.0,0.0,0.0
50.0,1.0,,159.0,57.6,22.78390886436454,72.0,0.4528301886792453,124.0,82.0,0.0,0.0,1.0,0.0,1.0,6.0,0.2857142857142857,0.14285714285714285,480.0,,2014,1.6,0.0,0.0,0.0
29.0,0.0,,155.0,45.6,18.98022892819979,75.0,0.4838709677419355,116.5,77.5,0.0,0.0,0.0,0.0,0.0,0.0,2.0,0.0,11720.0,3.0,2014,4.0,1.0,,0.0
33.0,0.0,5.0,150.0,51.2,22.755555555555556,71.0,0.47333333333333333,136.0,94.5,0.0,0.0,0.0,0.0,1.0,0.5,1.0,0.5714285714285714,22200.0,,2014,3.1,1.0,,0.0
25.0,0.0,2.0,166.0,63.5,23.04398316156191,81.0,0.4879518072289157,138.0,93.0,0.0,0.0,0.0,0.0,0.0,0.0,3.0,0.8571428571428571,18600.0,2.0,2014,3.7,1.0,0.0,0.0
60.0,1.0,2.0,178.0,69.8,22.030046711273826,85.0,0.47752808988764045,137.5,77.0,0.0,0.0,0.0,0.0,0.0,0.0,0.2857142857142857,0.5714285714285714,22800.0,3.0,2014,4.4,1.0,0.0,0.0
30.0,0.0,,146.0,40.1,18.812159879902424,70.0,0.4794520547945205,183.5,101.0,0.0,0.0,0.0,0.0,0.0,0.0,1.0,0.5714285714285714,21120.0,1.0,2014,4.6,1.0,0.0,0.0
49.0,1.0,2.0,168.0,54.5,19.309807256235832,74.5,0.44345238095238093,167.0,76.0,0.0,0.0,1.0,1.0,0.0,0.0,1.0,0.5714285714285714,17760.0,1.5,2014,5.3,1.0,0.0,0.0
40.0,0.0,,155.0,58.5,24.34963579604578,78.0,0.5032258064516129,111.5,62.0,0.0,0.0,1.0,0.0,0.0,0.0,0.8571428571428571,0.42857142857142855,28560.0,1.0,2014,4.0,1.0,0.0,0.0
23.0,1.0,,155.0,148.0,61.60249739854318,66.0,0.4258064516129032,158.0,79.5,0.0,0.0,0.0,0.0,0.0,0.0,0.2857142857142857,0.5714285714285714,21960.0,1.0,2014,5.6,1.0,0.0,0.0
55.0,1.0,2.0,150.0,43.0,19.11111111111111,71.0,0.47333333333333333,136.0,68.0,0.0,0.0,1.0,0.0,1.0,6.0,0.2857142857142857,0.8571428571428571,40560.0,2.0,2014,1.1,1.0,0.0,0.0
30.0,0.0,1.0,150.0,64.9,28.84444444444445,90.0,0.6,119.0,79.0,0.0,0.0,0.0,0.0,0.0,0.0,1.0,0.2857142857142857,20800.0,2.0,2014,4.8,0.0,0.0,0.0
35.0,0.0,,152.0,52.8,22.853185595567865,73.0,0.48026315789473684,128.5,82.0,0.0,0.0,0.0,0.0,0.0,0.0,2.0,0.2857142857142857,13760.0,1.3333333333333333,2014,4.3,0.0,0.0,0.0
25.0,0.0,,162.0,57.1,21.757354061880807,75.0,0.46296296296296297,114.5,76.5,0.0,0.0,0.0,0.0,0.0,0.0,3.0,1.1428571428571428,15920.0,0.6666666666666666,2014,4.2,1.0,0.0,0.0
36.0,1.0,6.0,160.0,61.3,23.945312499999993,78.0,0.4875,139.5,75.0,0.0,0.0,0.0,0.0,0.0,0.0,1.0,0.14285714285714285,5200.0,,2014,4.8,0.0,0.0,0.0
29.0,1.0,7.0,160.0,46.1,18.007812499999996,71.0,0.44375,109.5,75.5,,0.0,1.0,0.0,1.0,6.0,2.0,0.14285714285714285,22320.0,1.5,2014,5.1,0.0,0.0,0.0
47.0,0.0,,150.0,40.1,17.822222222222223,81.0,0.54,133.0,83.0,0.0,0.0,0.0,0.0,0.0,0.0,2.0,0.14285714285714285,24000.0,3.0,2014,1.8,0.0,0.0,0.0
45.0,1.0,6.0,162.0,50.1,19.090077732053036,72.0,0.4444444444444444,127.0,73.5,0.0,0.0,0.0,0.0,0.0,0.0,1.0,0.2857142857142857,22980.0,2.3333333333333335,2014,3.6,0.0,0.0,0.0
39.0,0.0,2.0,151.0,47.6,20.876277356256306,75.0,0.4966887417218543,165.5,96.0,0.0,0.0,0.0,1.0,0.0,0.0,0.42857142857142855,2.0,10880.0,1.0,2014,2.3,1.0,0.0,0.0
43.0,0.0,4.0,152.0,43.6,18.871191135734072,81.0,0.5328947368421053,123.0,73.0,,0.0,0.0,1.0,0.0,0.0,0.42857142857142855,2.0,10320.0,3.0,2014,3.4,1.0,0.0,0.0
45.0,0.0,5.0,158.0,44.2,17.705495914116327,68.0,0.43037974683544306,129.0,87.0,0.0,0.0,0.0,0.0,0.0,0.0,0.2857142857142857,1.1428571428571428,22800.0,1.0,2014,3.8,0.0,0.0,0.0
29.0,1.0,6.0,177.0,60.8,19.406939257556893,74.0,0.4180790960451977,120.0,77.0,0.0,0.0,0.0,0.0,1.0,14.0,0.14285714285714285,1.1428571428571428,36000.0,2.0,2014,4.8,0.0,0.0,0.0
26.0,0.0,,144.0,45.0,21.70138888888889,70.0,0.4861111111111111,170.5,104.0,0.0,0.0,0.0,0.0,0.0,0.0,0.8571428571428571,0.8571428571428571,1680.0,2.0,2014,4.4,1.0,0.0,0.0
34.0,0.0,12.0,130.0,59.1,34.97041420118343,77.0,0.5923076923076923,112.5,74.0,0.0,0.0,0.0,0.0,0.0,0.0,0.2857142857142857,0.2857142857142857,20400.0,2.0,2014,3.8,1.0,0.0,0.0
30.0,0.0,8.0,160.0,56.7,22.148437499999996,78.0,0.4875,114.0,68.0,0.0,0.0,0.0,0.0,1.0,14.0,0.14285714285714285,0.42857142857142855,5040.0,3.0,2014,5.5,1.0,0.0,0.0
37.0,1.0,5.0,175.0,61.2,19.983673469387757,78.0,0.44571428571428573,117.5,82.0,0.0,0.0,0.0,0.0,1.0,6.0,0.5714285714285714,0.7142857142857143,21360.0,3.0,2014,3.7,0.0,0.0,0.0
27.0,0.0,6.0,151.0,52.2,22.89373273102057,79.0,0.5231788079470199,146.5,93.0,0.0,0.0,0.0,0.0,0.0,0.0,0.2857142857142857,1.0,3840.0,1.5,2014,3.8,0.0,0.0,0.0
52.0,0.0,3.0,159.0,54.4,21.51813614967762,67.0,0.42138364779874216,133.5,82.0,0.0,0.0,0.0,0.0,0.0,0.0,0.14285714285714285,0.0,35760.0,2.0,2014,4.5,1.0,0.0,0.0
41.0,0.0,4.0,156.0,48.6,19.97041420118343,71.0,0.4551282051282051,126.5,92.0,0.0,0.0,0.0,0.0,0.0,0.0,0.14285714285714285,1.0,36000.0,2.0,2014,5.3,0.0,0.0,0.0
29.0,0.0,,158.0,49.7,19.908668482614964,73.0,0.4620253164556962,140.5,96.0,0.0,0.0,0.0,0.0,0.0,0.0,0.42857142857142855,1.0,26400.0,3.0,2014,5.8,0.0,0.0,0.0
56.0,1.0,7.0,156.0,43.1,17.710387902695594,73.2,0.46923076923076923,146.5,100.5,0.0,0.0,0.0,0.0,1.0,6.0,1.0,0.42857142857142855,25200.0,2.0,2014,4.7,0.0,0.0,0.0
31.0,1.0,5.0,154.0,55.6,23.444088379153314,72.0,0.4675324675324675,98.0,71.5,1.0,1.0,0.0,0.0,0.0,0.0,0.5714285714285714,1.1428571428571428,19440.0,4.0,2014,3.6,0.0,1.0,1.0
36.0,1.0,8.0,165.0,51.0,18.73278236914601,72.0,0.43636363636363634,122.0,85.5,0.0,0.0,0.0,0.0,1.0,6.0,0.2857142857142857,0.8571428571428571,19440.0,3.0,2014,4.0,0.0,0.0,0.0
64.0,0.0,,150.0,61.4,27.288888888888888,88.0,0.5866666666666667,210.5,84.5,0.0,0.0,0.0,0.0,1.0,2.0,1.0,0.5714285714285714,6160.0,6.0,2014,5.4,1.0,0.0,0.0
63.0,1.0,4.0,168.0,53.2,18.84920634920635,70.0,0.4166666666666667,105.5,58.0,0.0,0.0,1.0,0.0,0.0,0.0,2.0,0.14285714285714285,24720.0,2.0,2014,4.1,1.0,0.0,0.0
31.0,0.0,,151.0,50.8,22.279724573483616,75.0,0.4966887417218543,121.5,76.0,0.0,0.0,0.0,0.0,0.0,0.0,3.0,0.14285714285714285,28140.0,3.0,2014,3.1,1.0,0.0,0.0
44.0,0.0,2.0,156.0,48.9,20.09368836291913,76.0,0.48717948717948717,96.0,80.0,0.0,0.0,0.0,0.0,0.0,0.0,3.0,0.14285714285714285,23520.0,3.0,2014,5.5,1.0,0.0,0.0
34.0,0.0,,172.0,51.5,17.408058409951327,70.7,0.411046511627907,108.0,65.5,,0.0,0.0,0.0,0.0,0.0,0.42857142857142855,1.2857142857142858,17520.0,2.0,2014,4.4,,0.0,0.0
35.0,0.0,5.0,154.0,61.6,25.974025974025974,80.7,0.5240259740259741,175.5,119.0,0.0,0.0,0.0,0.0,0.0,0.0,2.2857142857142856,0.2857142857142857,840.0,2.6666666666666665,2014,3.9,0.0,0.0,0.0
31.0,0.0,11.0,155.0,53.8,22.393340270551505,90.2,0.5819354838709677,117.0,84.0,0.0,0.0,0.0,0.0,0.0,0.0,0.2857142857142857,0.2857142857142857,1920.0,10.0,2014,4.5,1.0,0.0,0.0
45.0,1.0,11.0,165.0,53.4,19.614325068870524,70.7,0.4284848484848485,155.0,90.5,0.0,0.0,0.0,0.0,0.0,0.0,0.5714285714285714,1.1428571428571428,15480.0,0.3333333333333333,2014,3.7,1.0,0.0,0.0
25.0,1.0,13.0,149.0,56.1,25.269132021080132,70.7,0.47449664429530203,139.0,106.5,0.0,0.0,0.0,0.0,1.0,6.0,1.0,1.4285714285714286,1320.0,0.16666666666666666,2014,4.1,1.0,0.0,0.0
30.0,0.0,12.0,158.0,50.8,20.349302996314687,70.8,0.4481012658227848,116.0,76.0,0.0,0.0,0.0,0.0,1.0,2.0,0.5714285714285714,0.5714285714285714,400.0,0.13333333333333333,2014,4.2,1.0,0.0,0.0
41.0,0.0,8.0,178.0,65.6,20.704456508016662,80.7,0.453370786516854,108.0,80.5,0.0,1.0,0.0,0.0,1.0,2.0,0.14285714285714285,0.14285714285714285,360.0,6.0,2014,4.6,0.0,0.0,0.0
33.0,0.0,7.0,134.0,57.8,32.18979728224548,80.5,0.6007462686567164,106.5,82.0,0.0,0.0,0.0,0.0,0.0,0.0,0.8571428571428571,2.0,360.0,,2014,4.7,,0.0,0.0
58.0,0.0,1.0,156.0,89.1,36.612426035502956,100.3,0.6429487179487179,126.5,89.5,0.0,1.0,0.0,0.0,0.0,0.0,0.2857142857142857,1.1428571428571428,600.0,3.0,2014,4.0,1.0,0.0,0.0
27.0,1.0,15.0,141.0,65.1,32.744831748905995,70.4,0.499290780141844,119.0,66.5,0.0,0.0,0.0,0.0,1.0,6.0,0.2857142857142857,0.2857142857142857,14880.0,16.0,2014,4.0,0.0,0.0,0.0
37.0,0.0,,160.0,66.6,26.015624999999993,90.7,0.566875,116.0,72.5,0.0,0.0,0.0,0.0,0.0,0.0,3.0,0.8571428571428571,1680.0,0.5,2014,4.1,1.0,0.0,0.0
46.0,0.0,8.0,134.0,54.5,30.351971485854307,70.9,0.5291044776119403,105.0,72.0,0.0,0.0,0.0,0.0,0.0,0.0,0.8571428571428571,0.8571428571428571,4800.0,1.0,2014,4.2,1.0,0.0,0.0
34.0,1.0,7.0,136.0,57.3,30.979671280276808,80.0,0.5882352941176471,118.0,72.0,0.0,0.0,0.0,0.0,1.0,2.0,0.42857142857142855,0.7142857142857143,10680.0,0.08333333333333333,2014,2.9,1.0,,0.0
31.0,0.0,15.0,149.0,60.9,27.431196792937254,90.1,0.6046979865771812,119.5,84.5,0.0,0.0,0.0,0.0,0.0,0.0,0.2857142857142857,0.8571428571428571,1160.0,0.16666666666666666,2014,4.8,1.0,0.0,0.0
35.0,0.0,12.0,145.0,60.5,28.77526753864447,70.0,0.4827586206896552,109.0,72.5,0.0,0.0,0.0,0.0,0.0,0.0,0.42857142857142855,0.8571428571428571,1200.0,0.5833333333333334,2014,,1.0,0.0,0.0
33.0,1.0,14.0,160.0,76.9,30.039062499999996,80.7,0.504375,184.0,113.0,0.0,0.0,0.0,0.0,1.0,2.0,0.5714285714285714,0.8571428571428571,1600.0,9.666666666666666,2014,4.1,1.0,0.0,0.0
57.0,1.0,7.0,170.0,51.7,17.889273356401386,80.3,0.4723529411764706,110.0,68.0,0.0,0.0,0.0,0.0,0.0,0.0,1.4285714285714286,0.0,0.0,0.6666666666666666,2014,3.9,1.0,0.0,0.0
44.0,1.0,10.0,161.0,67.7,26.11781952856757,70.1,0.4354037267080745,146.0,77.5,0.0,0.0,1.0,0.0,,14.0,1.4285714285714286,2.5714285714285716,39600.0,9.75,2014,4.6,1.0,0.0,0.0
24.0,1.0,12.0,163.0,65.9,24.803342240957512,80.4,0.4932515337423313,126.0,75.5,0.0,0.0,0.0,0.0,1.0,0.5,0.8571428571428571,0.42857142857142855,840.0,0.25,2014,4.6,1.0,0.0,0.0
47.0,1.0,12.0,160.0,86.1,33.63281249999999,90.6,0.5662499999999999,119.5,83.5,0.0,0.0,0.0,0.0,0.0,0.0,5.0,3.0,600.0,0.6666666666666666,2014,5.0,1.0,0.0,0.0
30.0,0.0,6.0,156.0,54.7,22.47698882314267,70.0,0.44871794871794873,109.5,71.0,0.0,0.0,0.0,0.0,0.0,0.0,0.8571428571428571,0.5714285714285714,9240.0,2.25,2014,4.2,1.0,0.0,0.0
25.0,0.0,16.0,158.0,60.8,24.35507130267585,80.3,0.5082278481012658,96.5,63.5,0.0,0.0,0.0,0.0,1.0,14.0,1.7142857142857142,0.8571428571428571,3480.0,2.1666666666666665,2014,4.1,1.0,0.0,0.0
27.0,0.0,7.0,135.0,76.8,42.139917695473244,101.0,0.7481481481481481,120.0,80.5,0.0,0.0,0.0,0.0,1.0,6.0,2.0,0.5714285714285714,7560.0,0.75,2014,4.6,1.0,0.0,0.0
34.0,0.0,,145.0,109.1,51.89060642092746,91.3,0.6296551724137931,101.5,69.0,0.0,0.0,0.0,0.0,1.0,6.0,0.0,1.1428571428571428,240.0,0.5,2014,4.5,1.0,0.0,0.0
48.0,1.0,10.0,170.0,76.8,26.574394463667822,102.0,0.6,128.5,76.0,0.0,0.0,1.0,0.0,0.0,0.0,0.0,0.5714285714285714,240.0,0.75,2014,4.2,1.0,0.0,0.0
57.0,1.0,3.0,178.0,86.6,27.332407524302486,90.8,0.5101123595505618,218.5,110.0,,1.0,0.0,0.0,0.0,0.0,0.0,1.1428571428571428,0.0,1.0,2014,4.7,1.0,0.0,0.0
26.0,1.0,2.0,159.0,55.3,21.874134725683316,70.5,0.44339622641509435,128.0,76.0,0.0,0.0,0.0,0.0,1.0,6.0,0.0,2.0,20880.0,0.75,2014,4.1,1.0,0.0,0.0
34.0,1.0,7.0,169.0,57.8,20.237386646125838,80.2,0.47455621301775147,112.0,74.0,0.0,0.0,0.0,0.0,0.0,0.0,0.0,2.0,27240.0,0.16666666666666666,2014,4.0,1.0,0.0,0.0
56.0,1.0,6.0,134.0,36.4,20.27177545110269,70.4,0.5253731343283583,117.0,79.0,,0.0,0.0,0.0,1.0,6.0,0.2857142857142857,1.7142857142857142,9600.0,0.5833333333333334,2014,2.2,1.0,0.0,0.0
32.0,0.0,1.0,165.0,65.6,24.095500459136822,80.5,0.48787878787878786,109.0,73.0,0.0,0.0,1.0,0.0,1.0,6.0,0.2857142857142857,0.7142857142857143,720.0,0.08333333333333333,2014,3.8,1.0,0.0,0.0
63.0,1.0,,162.0,69.2,26.367931717725952,80.7,0.4981481481481482,135.0,69.0,0.0,0.0,0.0,0.0,1.0,6.0,0.0,2.0,1440.0,0.16666666666666666,2014,4.3,1.0,0.0,0.0
38.0,1.0,3.0,172.0,59.2,20.01081665765279,60.7,0.3529069767441861,121.5,79.5,0.0,0.0,0.0,0.0,1.0,2.0,0.2857142857142857,1.7142857142857142,14160.0,0.4166666666666667,2014,4.5,1.0,0.0,0.0
61.0,1.0,,170.0,68.7,23.771626297577857,70.8,0.4164705882352941,123.5,77.5,0.0,0.0,1.0,0.0,1.0,2.0,0.0,2.0,5640.0,0.16666666666666666,2014,4.4,1.0,0.0,0.0
38.0,1.0,2.0,141.0,43.1,21.67898999044314,80.1,0.5680851063829787,126.0,78.5,0.0,0.0,0.0,0.0,1.0,6.0,0.0,0.8571428571428571,22440.0,0.5,2014,3.3,1.0,0.0,0.0
39.0,1.0,6.0,169.0,61.0,21.35779559539232,80.6,0.4769230769230769,119.5,74.5,0.0,0.0,0.0,0.0,1.0,14.0,0.2857142857142857,1.1428571428571428,16416.0,1.3333333333333333,2014,4.6,1.0,0.0,0.0
33.0,1.0,5.0,180.0,67.3,20.771604938271604,60.3,0.33499999999999996,151.5,83.5,0.0,0.0,1.0,0.0,1.0,6.0,0.14285714285714285,2.142857142857143,9380.0,1.2666666666666666,2014,4.3,1.0,0.0,0.0
64.0,1.0,,161.0,40.1,15.47008217275568,80.1,0.4975155279503105,115.0,76.5,,0.0,1.0,0.0,1.0,14.0,0.0,1.7142857142857142,11040.0,0.6666666666666666,2014,6.0,1.0,0.0,0.0
62.0,1.0,,159.0,59.1,23.377239824374033,70.9,0.4459119496855346,141.0,89.5,0.0,0.0,1.0,0.0,0.0,0.0,0.0,1.7142857142857142,5020.0,0.5,2014,4.2,1.0,0.0,0.0
59.0,0.0,,157.0,47.3,19.189419449064868,80.0,0.5095541401273885,144.5,88.5,0.0,0.0,0.0,0.0,1.0,0.5,5.0,2.0,16360.0,0.5,2014,6.6,1.0,0.0,1.0
41.0,1.0,10.0,169.0,62.4,21.847974510696407,90.0,0.5325443786982249,119.5,83.0,0.0,0.0,0.0,0.0,1.0,6.0,0.5714285714285714,1.1428571428571428,5760.0,0.5,2014,3.9,1.0,0.0,0.0
30.0,0.0,11.0,165.0,47.2,17.337006427915522,70.1,0.4248484848484848,120.5,89.5,0.0,1.0,0.0,0.0,1.0,6.0,0.42857142857142855,0.5714285714285714,112.0,0.4166666666666667,2014,4.1,1.0,0.0,0.0
30.0,0.0,6.0,154.0,63.8,26.901669758812616,90.1,0.5850649350649351,123.0,74.0,0.0,0.0,0.0,0.0,0.0,0.0,0.14285714285714285,0.2857142857142857,60.0,0.4166666666666667,2014,4.6,1.0,0.0,0.0
34.0,1.0,15.0,159.0,58.1,22.98168585103437,70.5,0.44339622641509435,100.5,57.5,0.0,0.0,0.0,0.0,1.0,2.0,0.14285714285714285,0.5714285714285714,3520.0,1.1666666666666667,2014,3.6,1.0,0.0,0.0
31.0,0.0,8.0,165.0,63.2,23.21395775941231,80.1,0.4854545454545454,109.5,70.5,0.0,0.0,0.0,0.0,0.0,0.0,0.8571428571428571,0.5714285714285714,7680.0,0.25,2014,4.4,1.0,0.0,0.0
28.0,1.0,,162.0,71.9,27.396738302088092,80.7,0.4981481481481482,138.5,84.5,0.0,1.0,0.0,0.0,1.0,6.0,1.4285714285714286,0.5714285714285714,9020.0,,2014,5.2,1.0,0.0,0.0
47.0,0.0,,144.0,63.5,30.623070987654323,90.8,0.6305555555555555,117.0,83.0,0.0,0.0,0.0,0.0,1.0,14.0,0.5714285714285714,1.1428571428571428,7800.0,0.5,2014,4.3,1.0,0.0,0.0
32.0,0.0,8.0,149.0,52.4,23.60254042610693,70.4,0.4724832214765101,155.5,97.5,0.0,0.0,0.0,0.0,0.0,0.0,0.2857142857142857,2.857142857142857,840.0,0.3333333333333333,2014,3.5,1.0,0.0,0.0
46.0,1.0,7.0,166.0,59.7,21.664973145594427,80.1,0.48253012048192767,117.0,72.0,0.0,0.0,1.0,0.0,0.0,0.0,0.2857142857142857,4.285714285714286,30240.0,0.6666666666666666,2014,4.0,1.0,0.0,0.0
29.0,0.0,8.0,156.0,75.9,31.18836291913215,90.3,0.5788461538461538,138.0,83.5,0.0,0.0,0.0,0.0,1.0,2.0,2.0,1.4285714285714286,0.0,1.0,2014,5.4,1.0,0.0,0.0
33.0,0.0,,164.0,52.3,19.44527067221892,70.5,0.4298780487804878,106.0,63.0,0.0,0.0,0.0,0.0,1.0,2.0,0.2857142857142857,1.1428571428571428,980.0,0.25,2014,4.8,1.0,0.0,0.0
60.0,0.0,,158.0,45.3,18.14613042781605,60.4,0.3822784810126582,143.0,72.5,0.0,0.0,0.0,0.0,0.0,0.0,0.14285714285714285,1.1428571428571428,4200.0,0.6666666666666666,2014,4.8,1.0,0.0,0.0
51.0,1.0,7.0,170.0,,,70.0,0.4117647058823529,115.0,70.5,0.0,0.0,0.0,0.0,1.0,6.0,0.7142857142857143,0.5714285714285714,720.0,0.5,2014,4.4,1.0,0.0,0.0
25.0,1.0,7.0,165.0,58.6,21.52433425160698,70.9,0.42969696969696974,110.5,61.5,0.0,0.0,1.0,0.0,1.0,6.0,0.2857142857142857,0.8571428571428571,960.0,2.0,2014,4.4,1.0,0.0,0.0
41.0,1.0,3.0,173.0,62.9,21.0164054930001,70.2,0.40578034682080927,142.0,77.0,0.0,0.0,0.0,0.0,1.0,6.0,1.7142857142857142,2.0,7000.0,0.3333333333333333,2014,3.9,1.0,0.0,0.0
42.0,0.0,,152.0,69.6,30.124653739612185,70.7,0.46513157894736845,172.5,94.5,0.0,0.0,0.0,0.0,0.0,0.0,0.5714285714285714,2.0,27840.0,0.4166666666666667,2014,3.3,1.0,0.0,0.0
60.0,1.0,,142.0,54.2,26.879587383455664,70.7,0.497887323943662,148.5,84.5,0.0,0.0,0.0,0.0,1.0,2.0,1.7142857142857142,1.4285714285714286,23280.0,0.25,2014,4.9,1.0,0.0,0.0
50.0,1.0,6.0,157.0,48.5,19.676254614791674,50.0,0.3184713375796178,126.0,70.5,0.0,0.0,0.0,0.0,0.0,0.0,1.1428571428571428,0.5714285714285714,0.0,0.3333333333333333,2014,3.9,1.0,0.0,0.0
62.0,1.0,,162.0,61.9,23.586343545191276,80.0,0.49382716049382713,162.0,78.0,0.0,0.0,0.0,0.0,1.0,6.0,0.5714285714285714,1.7142857142857142,1440.0,0.6666666666666666,2014,2.6,1.0,0.0,0.0
62.0,1.0,,143.0,55.2,26.993985035943084,80.6,0.5636363636363636,147.5,59.0,0.0,0.0,0.0,0.0,0.0,0.0,0.8571428571428571,2.0,18960.0,1.0,2014,3.2,1.0,0.0,0.0
51.0,1.0,,166.0,62.9,22.826244737988098,80.7,0.48614457831325303,138.5,71.0,0.0,0.0,0.0,0.0,0.0,0.0,1.2857142857142858,1.1428571428571428,860.0,0.3333333333333333,2014,4.3,1.0,0.0,0.0
41.0,0.0,,173.0,64.9,21.684653680376893,80.7,0.4664739884393064,129.5,75.0,0.0,0.0,0.0,0.0,1.0,2.0,0.2857142857142857,1.7142857142857142,2400.0,1.5,2014,4.4,1.0,0.0,0.0
30.0,0.0,4.0,140.0,55.3,28.214285714285715,80.1,0.5721428571428571,102.5,70.5,0.0,0.0,0.0,0.0,1.0,2.0,0.8571428571428571,0.5714285714285714,2520.0,0.08333333333333333,2014,3.2,1.0,0.0,0.0
52.0,0.0,,150.0,101.8,45.24444444444444,120.2,0.8013333333333333,196.5,115.0,0.0,1.0,0.0,0.0,0.0,0.0,0.5714285714285714,2.0,240.0,1.5,2014,8.8,1.0,1.0,1.0
27.0,0.0,,158.0,57.8,23.1533408107675,70.0,0.4430379746835443,122.0,74.5,,0.0,0.0,0.0,0.0,0.0,0.2857142857142857,2.0,4560.0,0.5833333333333334,2014,2.6,1.0,0.0,0.0
60.0,1.0,3.0,166.0,54.8,19.886776019741617,70.0,0.42168674698795183,139.5,73.0,0.0,0.0,0.0,0.0,0.0,0.0,0.14285714285714285,1.7142857142857142,8640.0,1.0,2014,2.6,1.0,0.0,0.0
64.0,0.0,,152.0,45.4,19.650277008310248,70.4,0.46315789473684216,179.0,64.0,0.0,0.0,1.0,0.0,1.0,2.0,0.14285714285714285,2.0,17920.0,0.25,2014,6.3,1.0,0.0,1.0
39.0,0.0,5.0,153.0,58.2,24.862232474689222,80.1,0.5235294117647058,122.5,88.5,0.0,0.0,0.0,0.0,1.0,0.5,0.14285714285714285,2.0,1680.0,0.6666666666666666,2014,4.3,1.0,0.0,0.0
28.0,1.0,1.0,159.0,57.7,22.823464261698508,70.5,0.44339622641509435,125.5,65.0,0.0,0.0,0.0,0.0,0.0,0.0,0.0,1.1428571428571428,160.0,0.5,2014,4.4,1.0,0.0,0.0
46.0,1.0,4.0,172.0,61.2,20.68685776095187,80.2,0.4662790697674419,117.0,68.0,0.0,0.0,0.0,0.0,0.0,0.0,0.2857142857142857,0.5714285714285714,900.0,0.3333333333333333,2014,4.4,1.0,0.0,0.0
26.0,0.0,,121.0,46.3,31.623522983402772,70.6,0.5834710743801652,105.5,72.5,1.0,0.0,0.0,0.0,0.0,0.0,0.14285714285714285,1.4285714285714286,0.0,0.5,2014,3.7,1.0,0.0,0.0
30.0,0.0,1.0,140.0,57.6,29.38775510204082,90.9,0.6492857142857144,120.5,84.0,0.0,0.0,0.0,0.0,0.0,0.0,0.0,0.2857142857142857,0.0,0.6666666666666666,2014,3.4,1.0,0.0,0.0
35.0,1.0,8.0,165.0,53.1,19.504132231404963,80.3,0.48666666666666664,125.0,72.0,0.0,0.0,0.0,0.0,1.0,2.0,0.8571428571428571,0.2857142857142857,40.0,1.5,2014,4.6,1.0,,0.0
20.0,1.0,6.0,166.0,59.3,21.519814196545216,70.6,0.4253012048192771,125.0,64.0,0.0,0.0,0.0,0.0,0.0,0.0,0.0,1.7142857142857142,18160.0,0.3333333333333333,2014,,1.0,0.0,0.0
55.0,0.0,5.0,131.0,35.5,20.68644018413845,40.6,0.3099236641221374,104.0,65.0,0.0,0.0,0.0,0.0,0.0,0.0,0.2857142857142857,1.7142857142857142,3360.0,0.08333333333333333,2014,4.1,1.0,0.0,0.0
28.0,0.0,3.0,134.0,39.5,21.998217865894404,70.3,0.5246268656716417,113.5,70.5,0.0,0.0,0.0,0.0,1.0,0.5,0.2857142857142857,5.142857142857143,0.0,2.0,2014,4.6,1.0,0.0,0.0
34.0,1.0,6.0,159.0,69.2,27.372334955104623,80.8,0.5081761006289308,118.5,73.5,0.0,0.0,0.0,0.0,1.0,6.0,0.42857142857142855,2.2857142857142856,18000.0,0.5,2014,3.0,1.0,0.0,0.0
33.0,1.0,1.0,140.0,31.4,16.02040816326531,40.6,0.29000000000000004,114.0,69.5,0.0,0.0,0.0,0.0,0.0,0.0,0.2857142857142857,5.142857142857143,24320.0,1.0,2014,3.2,1.0,0.0,0.0
44.0,1.0,,171.0,67.4,23.049827297288058,80.3,0.4695906432748538,137.0,76.5,0.0,0.0,0.0,0.0,0.0,0.0,0.0,1.4285714285714286,180.0,0.3333333333333333,2014,4.8,1.0,0.0,0.0
56.0,0.0,,156.0,56.7,23.298816568047336,70.9,0.45448717948717954,130.5,82.0,0.0,0.0,1.0,0.0,0.0,0.0,0.0,2.0,840.0,0.5,2014,4.6,1.0,0.0,0.0
20.0,1.0,8.0,159.0,56.7,22.427910288358845,70.5,0.44339622641509435,122.5,78.0,,0.0,0.0,0.0,1.0,2.0,0.0,1.4285714285714286,0.0,2.0,2014,4.8,1.0,0.0,0.0
46.0,0.0,7.0,145.0,47.3,22.497027348394766,50.0,0.3448275862068966,117.0,82.0,,0.0,0.0,0.0,1.0,2.0,0.2857142857142857,2.0,3960.0,0.25,2014,3.7,1.0,0.0,0.0
28.0,1.0,7.0,153.0,49.5,21.14571318723568,70.0,0.45751633986928103,115.0,69.0,0.0,0.0,0.0,0.0,0.0,0.0,0.8571428571428571,2.0,17520.0,0.3333333333333333,2014,4.5,1.0,0.0,0.0
30.0,1.0,13.0,159.0,69.7,27.570111941774453,80.0,0.5031446540880503,126.5,86.5,,0.0,0.0,0.0,1.0,6.0,0.5714285714285714,0.8571428571428571,2100.0,0.5,2014,4.0,1.0,,0.0
29.0,1.0,12.0,159.0,53.8,21.280803765673824,70.0,0.44025157232704404,118.5,77.0,0.0,1.0,0.0,0.0,1.0,0.5,0.0,0.8571428571428571,4800.0,0.4166666666666667,2014,2.9,,0.0,0.0
41.0,0.0,3.0,156.0,63.5,26.093030900723207,80.9,0.5185897435897436,169.5,101.5,0.0,0.0,0.0,0.0,1.0,2.0,0.8571428571428571,1.7142857142857142,1260.0,0.08333333333333333,2014,4.5,1.0,0.0,0.0
55.0,1.0,,159.0,47.6,18.828369130967918,70.9,0.4459119496855346,113.5,78.5,,0.0,0.0,0.0,1.0,0.5,0.5714285714285714,1.7142857142857142,14880.0,0.6666666666666666,2014,3.4,1.0,0.0,0.0
29.0,0.0,1.0,158.0,45.8,18.34641884313411,70.0,0.4430379746835443,137.5,87.0,,0.0,0.0,0.0,0.0,0.0,0.14285714285714285,2.5714285714285716,8160.0,1.0,2014,3.1,1.0,0.0,0.0
63.0,1.0,,162.0,52.5,20.004572473708272,80.0,0.49382716049382713,113.0,64.0,,0.0,0.0,0.0,1.0,2.0,0.42857142857142855,1.7142857142857142,240.0,0.3333333333333333,2014,4.2,1.0,0.0,0.0
46.0,1.0,,156.0,50.6,20.792241946088097,70.3,0.45064102564102565,120.5,74.0,0.0,0.0,0.0,0.0,1.0,6.0,0.42857142857142855,0.8571428571428571,1700.0,0.5,2014,4.0,1.0,0.0,0.0
35.0,0.0,2.0,155.0,51.6,21.477627471383972,70.6,0.4554838709677419,116.5,81.5,,0.0,0.0,0.0,0.0,0.0,0.2857142857142857,1.7142857142857142,13560.0,1.0,2014,4.2,1.0,0.0,0.0
50.0,1.0,6.0,158.0,52.0,20.82999519307803,75.5,0.4778481012658228,125.0,68.0,,0.0,1.0,0.0,1.0,0.5,0.14285714285714285,1.7142857142857142,14760.0,0.5,2014,3.6,1.0,0.0,0.0
39.0,0.0,4.0,157.0,52.1,21.136760111972087,80.6,0.513375796178344,138.0,86.5,0.0,0.0,0.0,0.0,1.0,6.0,0.5714285714285714,1.7142857142857142,12000.0,1.0,2014,8.0,1.0,0.0,1.0
34.0,1.0,,168.0,50.3,17.82171201814059,70.2,0.41785714285714287,114.0,70.0,0.0,0.0,1.0,0.0,1.0,6.0,0.2857142857142857,1.7142857142857142,10320.0,0.5,2014,4.2,1.0,0.0,0.0
38.0,0.0,7.0,156.0,60.2,24.737015121630506,80.2,0.5141025641025642,139.0,95.0,0.0,0.0,0.0,0.0,1.0,2.0,0.2857142857142857,1.7142857142857142,8160.0,0.5,2014,5.4,1.0,0.0,0.0
35.0,0.0,2.0,156.0,45.8,18.819855358316893,60.9,0.3903846153846154,107.0,71.5,,0.0,1.0,0.0,0.0,0.0,0.14285714285714285,2.0,11520.0,0.5,2014,4.7,1.0,0.0,0.0
29.0,0.0,7.0,152.0,47.2,20.429362880886426,70.1,0.46118421052631575,152.0,97.5,0.0,0.0,0.0,0.0,0.0,0.0,0.8571428571428571,1.4285714285714286,13920.0,0.5,2014,3.7,1.0,0.0,0.0
26.0,0.0,5.0,159.0,58.4,23.10035204303627,70.5,0.44339622641509435,135.5,79.0,0.0,0.0,0.0,0.0,0.0,0.0,0.8571428571428571,2.0,15160.0,0.3333333333333333,2014,4.4,1.0,0.0,0.0
33.0,0.0,2.0,157.0,63.6,25.80226378352063,80.5,0.5127388535031847,145.0,86.0,0.0,0.0,0.0,0.0,0.0,0.0,1.4285714285714286,2.0,10080.0,0.4166666666666667,2014,5.1,1.0,0.0,0.0
34.0,1.0,2.0,162.0,64.9,24.729461972260324,70.9,0.43765432098765433,126.0,60.5,0.0,0.0,0.0,0.0,0.0,0.0,0.2857142857142857,1.7142857142857142,13200.0,1.0,2014,5.1,1.0,0.0,0.0
26.0,0.0,6.0,159.0,46.7,18.472370554962225,70.1,0.44088050314465405,128.0,73.5,0.0,0.0,0.0,0.0,0.0,0.0,0.8571428571428571,1.4285714285714286,360.0,0.3333333333333333,2014,3.8,1.0,0.0,0.0
38.0,0.0,,143.0,41.6,20.343293070565803,70.0,0.48951048951048953,113.5,68.5,0.0,0.0,0.0,0.0,0.0,0.0,0.2857142857142857,1.7142857142857142,1440.0,0.3333333333333333,2014,4.1,1.0,0.0,0.0
35.0,0.0,6.0,163.0,61.2,23.034363355790585,70.6,0.43312883435582816,166.0,106.0,0.0,1.0,0.0,1.0,0.0,0.0,0.42857142857142855,1.4285714285714286,1020.0,0.5,2014,4.5,1.0,0.0,0.0
43.0,0.0,5.0,161.0,68.4,26.387870838316424,90.8,0.563975155279503,151.5,77.0,0.0,0.0,0.0,0.0,0.0,0.0,0.8571428571428571,0.5714285714285714,11940.0,0.16666666666666666,2014,5.3,1.0,0.0,0.0
41.0,0.0,4.0,170.0,72.4,25.051903114186857,90.2,0.5305882352941177,126.0,80.5,0.0,0.0,0.0,0.0,0.0,0.0,0.5714285714285714,1.4285714285714286,1200.0,,2014,3.6,1.0,0.0,0.0
33.0,0.0,,142.0,43.2,21.424320571315217,70.3,0.4950704225352113,153.5,97.0,0.0,0.0,0.0,0.0,0.0,0.0,0.8571428571428571,1.1428571428571428,1728.0,2.15,2014,4.7,1.0,0.0,0.0
46.0,1.0,5.0,168.0,59.9,21.22307256235828,80.1,0.47678571428571426,135.5,85.5,0.0,0.0,0.0,0.0,0.0,0.0,0.5714285714285714,2.0,27600.0,0.21666666666666667,2014,3.8,1.0,0.0,0.0
30.0,1.0,,155.0,46.5,19.354838709677416,70.8,0.45677419354838705,118.0,73.5,0.0,0.0,0.0,0.0,1.0,2.0,0.2857142857142857,1.7142857142857142,12960.0,1.0,2014,3.4,1.0,0.0,0.0
24.0,0.0,,156.0,46.3,19.02531229454306,60.9,0.3903846153846154,95.0,65.5,0.0,0.0,0.0,0.0,0.0,0.0,0.5714285714285714,0.0,8160.0,1.0,2014,4.2,1.0,0.0,0.0
31.0,1.0,3.0,159.0,58.3,23.060796645702304,70.3,0.44213836477987417,130.0,85.5,0.0,0.0,0.0,0.0,0.0,0.0,0.5714285714285714,1.4285714285714286,12240.0,1.0,2014,3.3,1.0,0.0,0.0
39.0,0.0,,165.0,57.2,21.010101010101014,70.9,0.42969696969696974,159.5,89.0,0.0,0.0,0.0,0.0,0.0,0.0,0.2857142857142857,1.4285714285714286,10800.0,0.6666666666666666,2014,3.8,1.0,0.0,0.0
28.0,0.0,,156.0,43.3,17.79257067718606,70.7,0.4532051282051282,116.0,76.5,0.0,0.0,0.0,0.0,0.0,0.0,0.2857142857142857,2.0,8160.0,0.5,2014,4.4,1.0,0.0,0.0
41.0,0.0,4.0,157.0,48.2,19.554545823359973,70.0,0.445859872611465,128.5,82.5,0.0,0.0,0.0,0.0,0.0,0.0,0.8571428571428571,0.8571428571428571,5360.0,0.16666666666666666,2014,3.3,1.0,0.0,0.0
26.0,0.0,10.0,172.0,67.8,22.917793401838832,80.6,0.46860465116279065,117.0,81.0,0.0,1.0,0.0,0.0,1.0,2.0,1.7142857142857142,2.0,440.0,0.4166666666666667,2014,3.8,1.0,0.0,0.0
43.0,0.0,3.0,161.0,62.1,23.95740905057675,71.2,0.4422360248447205,128.0,82.5,0.0,0.0,0.0,0.0,0.0,0.0,4.0,1.1428571428571428,980.0,0.5,2014,4.2,1.0,0.0,0.0
33.0,0.0,7.0,156.0,58.4,23.997370151216302,70.6,0.4525641025641025,122.0,84.5,0.0,0.0,0.0,0.0,0.0,0.0,2.5714285714285716,0.5714285714285714,5040.0,0.6666666666666666,2014,3.8,1.0,0.0,0.0
29.0,0.0,4.0,147.0,48.2,22.305520847794902,60.0,0.40816326530612246,113.0,75.5,0.0,0.0,0.0,0.0,0.0,0.0,0.8571428571428571,2.0,2080.0,0.4166666666666667,2014,3.6,1.0,0.0,0.0
54.0,0.0,2.0,152.0,62.4,27.008310249307478,90.0,0.5921052631578947,188.0,102.0,0.0,0.0,0.0,0.0,1.0,22.0,0.5714285714285714,1.7142857142857142,4032.0,2.0833333333333335,2014,4.5,1.0,0.0,0.0
35.0,1.0,12.0,172.0,72.6,24.540292049756626,80.2,0.4662790697674419,147.0,75.5,0.0,0.0,0.0,0.0,1.0,6.0,0.8571428571428571,2.0,2880.0,0.25,2014,3.4,1.0,0.0,0.0
54.0,1.0,10.0,178.0,55.0,17.35891932836763,70.5,0.3960674157303371,100.5,75.0,0.0,0.0,0.0,0.0,0.0,0.0,0.8571428571428571,1.1428571428571428,240.0,0.5,2014,4.1,1.0,0.0,0.0
45.0,1.0,3.0,178.0,84.0,26.511804065143288,90.0,0.5056179775280899,159.0,92.5,0.0,0.0,0.0,0.0,1.0,0.5,0.8571428571428571,3.5714285714285716,280.0,0.5,2014,3.8,1.0,0.0,0.0
26.0,0.0,11.0,138.0,39.6,20.79395085066163,40.2,0.291304347826087,150.5,94.5,0.0,0.0,0.0,0.0,0.0,0.0,3.0,0.8571428571428571,560.0,0.16666666666666666,2014,4.3,1.0,0.0,0.0
48.0,1.0,3.0,176.0,51.9,16.75490702479339,80.3,0.45625,108.5,69.0,0.0,0.0,1.0,0.0,1.0,6.0,0.14285714285714285,1.1428571428571428,0.0,0.5,2014,3.9,1.0,0.0,0.0
31.0,0.0,7.0,142.0,70.0,34.71533425907558,90.7,0.6387323943661972,140.5,95.0,0.0,0.0,0.0,0.0,1.0,6.0,0.2857142857142857,0.8571428571428571,0.0,1.0,2014,3.5,1.0,0.0,0.0
33.0,0.0,10.0,156.0,44.5,18.285667324128863,60.4,0.3871794871794872,111.5,79.5,0.0,0.0,0.0,0.0,0.0,0.0,0.2857142857142857,0.8571428571428571,840.0,0.5,2014,4.0,1.0,0.0,0.0
64.0,1.0,1.0,170.0,56.1,19.411764705882355,80.0,0.47058823529411764,123.5,75.0,0.0,0.0,0.0,0.0,1.0,2.0,0.8571428571428571,2.0,19440.0,0.3333333333333333,2014,3.5,1.0,0.0,0.0
45.0,1.0,8.0,157.0,50.3,20.40650736338188,60.9,0.3878980891719745,137.5,89.0,0.0,0.0,1.0,0.0,1.0,6.0,1.1428571428571428,0.8571428571428571,40440.0,0.3333333333333333,2014,3.4,1.0,0.0,0.0
34.0,0.0,2.0,152.0,45.5,19.693559556786703,70.1,0.46118421052631575,101.5,64.0,0.0,0.0,0.0,0.0,0.0,0.0,0.8571428571428571,2.0,16900.0,0.3333333333333333,2014,3.9,1.0,0.0,0.0
43.0,1.0,6.0,166.0,53.8,19.523878647118597,70.9,0.4271084337349398,135.0,82.5,0.0,0.0,1.0,0.0,0.0,0.0,0.2857142857142857,1.7142857142857142,3300.0,1.0,2014,2.9,1.0,0.0,0.0
59.0,0.0,,156.0,44.9,18.450032873109794,70.9,0.45448717948717954,118.5,72.0,0.0,0.0,0.0,0.0,1.0,6.0,0.2857142857142857,1.7142857142857142,5280.0,1.0,2014,3.5,1.0,0.0,0.0
40.0,1.0,,167.0,52.9,18.968051920111872,80.0,0.47904191616766467,106.5,75.0,0.0,0.0,1.0,0.0,0.0,0.0,0.2857142857142857,1.7142857142857142,11760.0,1.0,2014,3.9,1.0,0.0,0.0
32.0,0.0,,156.0,53.8,22.107166337935567,70.7,0.4532051282051282,137.5,89.5,0.0,0.0,0.0,0.0,0.0,0.0,0.8571428571428571,1.1428571428571428,15960.0,0.3333333333333333,2014,3.4,1.0,0.0,0.0
29.0,0.0,2.0,146.0,51.3,24.066428973541004,80.0,0.547945205479452,106.0,71.5,0.0,0.0,0.0,0.0,0.0,0.0,4.285714285714286,2.0,22960.0,0.4166666666666667,2014,3.6,1.0,0.0,0.0
35.0,0.0,,150.0,50.8,22.577777777777776,70.0,0.4666666666666667,143.5,85.0,0.0,0.0,0.0,0.0,1.0,2.0,0.42857142857142855,1.4285714285714286,600.0,0.16666666666666666,2014,2.9,1.0,0.0,0.0
59.0,0.0,,170.0,45.4,15.709342560553635,80.0,0.47058823529411764,155.0,81.0,0.0,0.0,0.0,0.0,1.0,6.0,0.2857142857142857,1.4285714285714286,2520.0,0.16666666666666666,2014,4.7,1.0,0.0,0.0
32.0,0.0,,166.0,55.2,20.03193496879083,70.0,0.42168674698795183,120.5,80.0,0.0,0.0,0.0,0.0,1.0,2.0,0.5714285714285714,1.7142857142857142,0.0,1.0,2014,3.5,1.0,0.0,0.0
26.0,0.0,,169.0,49.8,17.436364272959633,80.0,0.47337278106508873,123.5,68.0,0.0,0.0,0.0,0.0,0.0,0.0,0.2857142857142857,0.8571428571428571,3240.0,0.5,2014,2.9,1.0,0.0,0.0
49.0,1.0,2.0,169.0,56.6,19.81723329015091,80.3,0.4751479289940828,123.5,72.5,0.0,0.0,0.0,0.0,0.0,0.0,1.7142857142857142,1.7142857142857142,18480.0,0.25,2014,3.4,1.0,0.0,0.0
37.0,0.0,7.0,169.0,57.8,20.237386646125838,70.8,0.4189349112426035,119.5,79.0,0.0,0.0,0.0,0.0,1.0,0.5,2.0,2.0,20160.0,0.6666666666666666,2014,3.5,1.0,0.0,0.0
47.0,0.0,,158.0,54.7,21.911552635795545,80.1,0.5069620253164556,176.0,84.0,0.0,0.0,0.0,1.0,,0.5,1.4285714285714286,2.0,18640.0,0.3333333333333333,2014,4.0,1.0,0.0,0.0
44.0,1.0,5.0,171.0,53.9,18.433022126466266,80.2,0.46900584795321637,120.5,77.0,0.0,0.0,0.0,0.0,1.0,2.0,10.0,2.0,19680.0,0.3333333333333333,2014,4.5,1.0,0.0,0.0
45.0,1.0,8.0,157.0,54.6,22.151000040569595,70.9,0.4515923566878981,137.5,78.0,0.0,0.0,1.0,0.0,1.0,2.0,0.0,2.0,20160.0,0.25,2014,3.2,1.0,0.0,0.0
44.0,1.0,,170.0,57.2,19.792387543252598,80.1,0.47117647058823525,119.5,82.0,0.0,0.0,1.0,0.0,0.0,0.0,0.2857142857142857,1.7142857142857142,2160.0,0.5,2014,3.9,1.0,0.0,0.0
31.0,0.0,1.0,173.0,55.8,18.64412442781249,60.6,0.35028901734104045,105.5,74.5,0.0,0.0,0.0,0.0,,2.0,0.8571428571428571,0.8571428571428571,360.0,0.08333333333333333,2014,3.4,1.0,0.0,0.0
63.0,0.0,,155.0,48.5,20.18730489073881,70.9,0.4574193548387097,126.0,83.0,0.0,0.0,1.0,0.0,1.0,2.0,0.14285714285714285,2.0,0.0,1.0,2014,3.0,1.0,0.0,0.0
26.0,0.0,5.0,151.0,51.5,22.586728652252095,80.1,0.5304635761589404,120.5,80.0,0.0,0.0,0.0,0.0,0.0,0.0,0.5714285714285714,1.7142857142857142,0.0,0.5,2014,3.3,1.0,0.0,0.0
27.0,0.0,,162.0,57.2,21.795458009449774,80.2,0.49506172839506174,135.0,70.5,0.0,0.0,0.0,0.0,0.0,0.0,0.2857142857142857,1.1428571428571428,0.0,0.3333333333333333,2014,3.6,1.0,0.0,0.0
45.0,1.0,5.0,158.0,62.3,24.95593654863002,70.9,0.44873417721518993,150.5,88.5,0.0,1.0,0.0,0.0,1.0,6.0,0.8571428571428571,1.1428571428571428,0.0,0.3333333333333333,2014,4.4,1.0,0.0,0.0
58.0,1.0,,160.0,59.8,23.359374999999993,70.0,0.4375,132.5,74.0,0.0,0.0,1.0,0.0,1.0,,3.4285714285714284,1.4285714285714286,15960.0,0.3333333333333333,2014,3.3,1.0,0.0,0.0
48.0,1.0,5.0,152.0,47.9,20.732340720221607,60.9,0.4006578947368421,158.0,103.5,0.0,0.0,0.0,0.0,0.0,0.0,1.7142857142857142,1.7142857142857142,300.0,1.0,2014,3.7,1.0,0.0,0.0
44.0,1.0,4.0,160.0,56.7,22.148437499999996,70.7,0.441875,116.0,80.5,0.0,0.0,1.0,0.0,1.0,2.0,0.2857142857142857,0.0,14700.0,1.0,2014,3.4,1.0,0.0,0.0
30.0,1.0,8.0,168.0,57.8,20.47902494331066,70.8,0.42142857142857143,134.5,78.0,0.0,0.0,1.0,0.0,1.0,6.0,0.0,1.1428571428571428,13680.0,0.5,2014,2.4,1.0,0.0,0.0
35.0,1.0,,153.0,42.2,18.02725447477466,80.7,0.5274509803921569,110.5,94.5,0.0,0.0,0.0,0.0,0.0,0.0,0.2857142857142857,1.7142857142857142,8160.0,0.5,2014,4.4,1.0,,0.0
45.0,0.0,6.0,159.0,45.3,17.918594992286696,63.0,0.39622641509433965,101.0,62.0,1.0,0.0,0.0,0.0,1.0,2.0,4.285714285714286,1.0,4560.0,3.0,2014,5.5,0.0,0.0,0.0
38.0,0.0,6.0,166.0,59.1,21.447234722020614,79.0,0.4759036144578313,121.0,79.5,1.0,0.0,0.0,0.0,1.0,0.5,,0.2857142857142857,16240.0,11.0,2014,7.3,0.0,0.0,0.0
64.0,0.0,,153.0,50.1,21.402024862232476,79.0,0.5163398692810458,127.5,82.0,1.0,0.0,0.0,0.0,0.0,0.0,,0.8571428571428571,25200.0,9.0,2014,6.1,0.0,0.0,0.0
32.0,1.0,20.0,161.0,48.5,18.710697889741905,61.0,0.37888198757763975,122.5,69.5,0.0,0.0,0.0,0.0,0.0,0.0,,1.0,15600.0,1.0,2014,3.8,0.0,0.0,0.0
19.0,0.0,3.0,152.0,50.9,22.030817174515235,69.0,0.45394736842105265,124.0,74.5,0.0,0.0,0.0,0.0,0.0,0.0,1.7142857142857142,2.0,1400.0,12.0,2014,5.3,1.0,0.0,0.0
18.0,0.0,8.0,145.0,41.0,19.500594530321045,65.0,0.4482758620689655,116.0,58.0,0.0,0.0,0.0,0.0,0.0,0.0,11.0,1.7142857142857142,840.0,10.0,2014,4.2,0.0,0.0,0.0
41.0,1.0,8.0,162.0,54.3,20.690443529949697,71.0,0.4382716049382716,120.5,70.0,0.0,0.0,0.0,0.0,0.0,0.0,0.14285714285714285,0.2857142857142857,26220.0,0.3333333333333333,2014,3.9,1.0,0.0,0.0
29.0,0.0,3.0,160.0,62.4,24.374999999999996,92.0,0.575,102.0,61.5,0.0,0.0,0.0,0.0,1.0,0.5,4.285714285714286,0.42857142857142855,8280.0,2.5,2014,5.4,0.0,0.0,0.0
38.0,1.0,5.0,153.0,60.9,26.015635012174805,80.0,0.5228758169934641,130.0,75.0,0.0,0.0,1.0,0.0,1.0,6.0,5.0,0.5714285714285714,36120.0,0.5,2014,5.0,1.0,0.0,0.0
47.0,0.0,2.0,160.0,45.8,17.890624999999996,71.0,0.44375,117.0,69.5,0.0,0.0,0.0,1.0,0.0,0.0,0.8571428571428571,0.42857142857142855,17920.0,1.0,2014,5.1,1.0,0.0,0.0
31.0,0.0,4.0,155.0,54.4,22.643080124869925,82.0,0.5290322580645161,110.0,82.0,0.0,0.0,0.0,,0.0,0.0,0.5714285714285714,0.8571428571428571,16280.0,3.0,2014,4.4,1.0,0.0,0.0
24.0,0.0,11.0,157.0,70.7,28.682705180737557,90.0,0.5732484076433121,105.5,71.5,0.0,0.0,0.0,0.0,0.0,0.0,0.5714285714285714,0.2857142857142857,14660.0,6.5,2014,,1.0,0.0,0.0
21.0,1.0,11.0,160.0,49.5,19.335937499999996,68.0,0.425,131.0,81.0,0.0,0.0,0.0,0.0,1.0,0.5,4.0,0.42857142857142855,15840.0,2.0,2014,4.8,1.0,,0.0
31.0,0.0,6.0,168.0,73.7,26.112528344671208,95.0,0.5654761904761905,106.0,60.0,0.0,0.0,0.0,0.0,0.0,0.0,2.0,0.8571428571428571,3360.0,2.0,2014,4.8,1.0,0.0,0.0
26.0,0.0,16.0,154.0,64.2,27.070332265137463,80.0,0.5194805194805194,127.0,74.5,0.0,0.0,0.0,0.0,0.0,0.0,14.0,1.0,3360.0,4.0,2014,5.4,1.0,0.0,0.0
55.0,0.0,4.0,130.0,34.7,20.532544378698226,82.0,0.6307692307692307,175.5,97.0,0.0,0.0,0.0,0.0,0.0,0.0,0.14285714285714285,1.7142857142857142,8400.0,2.0,2014,4.4,1.0,0.0,0.0
29.0,0.0,6.0,156.0,46.3,19.02531229454306,67.0,0.42948717948717946,107.5,64.5,0.0,0.0,0.0,0.0,0.0,0.0,2.0,0.8571428571428571,1120.0,5.0,2014,4.6,1.0,0.0,0.0
51.0,0.0,,151.0,60.1,26.358493048550503,87.0,0.5761589403973509,189.5,96.0,0.0,1.0,0.0,0.0,0.0,0.0,,2.0,9360.0,3.0,2014,5.1,1.0,0.0,0.0
47.0,0.0,,157.0,59.4,24.09834070347681,80.0,0.5095541401273885,136.5,94.5,0.0,0.0,0.0,0.0,0.0,0.0,0.7142857142857143,0.5714285714285714,11640.0,1.0,2014,3.2,1.0,0.0,0.0
21.0,0.0,12.0,147.0,52.9,24.480540515525938,80.0,0.54421768707483,131.0,92.5,0.0,1.0,0.0,0.0,0.0,0.0,3.0,0.42857142857142855,8280.0,1.1666666666666667,2014,4.5,1.0,0.0,0.0
25.0,0.0,12.0,139.0,48.2,24.9469489156876,67.0,0.48201438848920863,118.0,74.0,0.0,0.0,0.0,0.0,0.0,0.0,2.142857142857143,0.8571428571428571,6720.0,1.1666666666666667,2014,4.8,1.0,0.0,0.0
21.0,0.0,,162.0,59.4,22.633744855967073,82.0,0.5061728395061729,141.0,75.5,0.0,0.0,0.0,0.0,1.0,2.0,1.4285714285714286,0.8571428571428571,9920.0,2.5,2014,4.4,0.0,0.0,0.0
22.0,1.0,,,54.4,,66.0,,107.0,61.0,0.0,0.0,0.0,0.0,0.0,0.0,1.7142857142857142,0.2857142857142857,39960.0,0.5,2014,4.1,1.0,0.0,0.0
61.0,0.0,,155.0,53.0,22.060353798126947,68.0,0.43870967741935485,114.0,71.5,1.0,1.0,0.0,0.0,0.0,0.0,1.2857142857142858,1.1428571428571428,31360.0,2.25,2014,5.1,1.0,0.0,0.0
18.0,0.0,,166.0,63.8,23.152852373348818,73.0,0.4397590361445783,113.5,65.0,0.0,0.0,0.0,0.0,0.0,0.0,2.2857142857142856,0.8571428571428571,3120.0,2.0,2014,5.5,0.0,0.0,0.0
25.0,0.0,7.0,147.0,50.0,23.138507103521682,67.0,0.4557823129251701,119.5,75.5,0.0,0.0,0.0,0.0,0.0,0.0,1.1428571428571428,0.8571428571428571,13260.0,0.3333333333333333,2014,4.4,1.0,0.0,0.0
58.0,0.0,6.0,,83.9,,108.0,,190.0,112.0,1.0,1.0,0.0,0.0,0.0,0.0,0.0,0.5714285714285714,240.0,2.5,2014,6.2,0.0,0.0,0.0
19.0,1.0,,168.0,56.1,19.876700680272112,69.0,0.4107142857142857,124.5,84.0,0.0,0.0,0.0,0.0,0.0,0.0,2.0,0.5714285714285714,4680.0,0.5,2014,5.1,1.0,0.0,0.0
39.0,0.0,2.0,154.0,63.7,26.859504132231407,84.0,0.5454545454545454,123.0,76.0,0.0,0.0,0.0,,0.0,0.0,0.2857142857142857,0.2857142857142857,28080.0,1.3333333333333333,2014,7.1,0.0,0.0,0.0
56.0,0.0,2.0,149.0,49.0,22.071077879374805,80.0,0.5369127516778524,172.0,88.0,0.0,0.0,0.0,0.0,0.0,0.0,0.14285714285714285,0.2857142857142857,27180.0,11.75,2014,4.9,0.0,0.0,0.0
24.0,0.0,7.0,151.0,42.7,18.72724880487698,65.0,0.4304635761589404,120.0,80.5,0.0,1.0,0.0,0.0,0.0,0.0,3.4285714285714284,1.1428571428571428,10840.0,2.0,2014,3.7,1.0,0.0,0.0
58.0,1.0,5.0,155.0,67.5,28.095733610822055,99.0,0.6387096774193548,202.5,104.5,1.0,1.0,0.0,0.0,0.0,0.0,8.0,2.0,1040.0,2.0,2014,3.4,1.0,0.0,0.0
18.0,0.0,6.0,152.0,48.2,20.862188365650972,69.0,0.45394736842105265,125.5,92.0,0.0,0.0,0.0,0.0,0.0,0.0,0.5714285714285714,0.5714285714285714,2400.0,0.5,2014,4.1,1.0,0.0,0.0
19.0,0.0,10.0,157.0,56.7,23.002961580591506,73.0,0.46496815286624205,113.5,72.5,0.0,0.0,0.0,0.0,0.0,0.0,2.857142857142857,0.42857142857142855,5928.0,0.5,2014,4.7,1.0,0.0,0.0
52.0,1.0,,177.0,98.0,31.28092182961473,112.0,0.632768361581921,184.0,101.0,0.0,0.0,0.0,0.0,1.0,6.0,0.5714285714285714,0.42857142857142855,7440.0,5.0,2014,5.2,1.0,0.0,0.0
21.0,0.0,7.0,162.0,62.0,23.624447492760247,73.5,0.4537037037037037,122.0,77.0,0.0,0.0,0.0,0.0,0.0,0.0,,6.0,3360.0,2.0,2014,5.1,1.0,0.0,0.0
28.0,1.0,11.0,168.0,60.0,21.258503401360546,83.0,0.49404761904761907,125.0,84.0,0.0,0.0,0.0,0.0,1.0,14.0,1.2857142857142858,0.42857142857142855,5040.0,12.0,2014,6.9,1.0,0.0,1.0
38.0,0.0,2.0,170.0,75.0,25.95155709342561,102.0,0.6,137.0,89.5,0.0,0.0,0.0,0.0,0.0,0.0,4.0,1.4285714285714286,21900.0,4.0,2014,5.0,0.0,0.0,0.0
55.0,0.0,,165.0,50.0,18.36547291092746,68.0,0.4121212121212121,102.0,72.5,0.0,1.0,0.0,0.0,0.0,0.0,1.7142857142857142,0.5714285714285714,12540.0,1.5,2014,4.1,1.0,0.0,0.0
19.0,0.0,13.0,160.0,57.0,22.265624999999996,70.0,0.4375,120.5,77.5,0.0,0.0,0.0,0.0,1.0,2.0,0.7142857142857143,0.42857142857142855,10600.0,2.183333333333333,2014,4.2,1.0,0.0,0.0
52.0,1.0,5.0,159.0,61.5,24.32656936038922,82.0,0.5157232704402516,109.5,80.5,0.0,0.0,0.0,0.0,1.0,6.0,1.1428571428571428,0.5714285714285714,12660.0,1.9166666666666667,2014,4.9,1.0,0.0,0.0
31.0,0.0,7.0,162.0,70.0,26.672763298277697,85.0,0.5246913580246914,120.0,68.0,0.0,0.0,0.0,0.0,0.0,0.0,3.0,0.5714285714285714,8260.0,1.5,2014,8.1,0.0,0.0,0.0
51.0,0.0,2.0,167.0,65.0,23.306680053067517,85.0,0.5089820359281437,105.5,65.0,0.0,1.0,0.0,0.0,0.0,0.0,0.2857142857142857,0.2857142857142857,2400.0,1.0,2014,5.3,0.0,0.0,0.0
19.0,1.0,10.0,165.0,65.5,24.05876951331497,72.0,0.43636363636363634,134.0,70.0,0.0,0.0,1.0,0.0,1.0,6.0,10.0,0.42857142857142855,6060.0,1.0,2014,7.6,0.0,0.0,0.0
25.0,0.0,8.0,155.0,70.0,29.1363163371488,82.0,0.5290322580645161,143.5,78.0,0.0,0.0,0.0,0.0,0.0,0.0,1.2857142857142858,0.5714285714285714,9360.0,0.5,2014,4.1,1.0,0.0,0.0
59.0,1.0,,170.0,66.0,22.837370242214536,68.5,0.40294117647058825,98.0,59.5,0.0,0.0,1.0,0.0,0.0,0.0,,2.0,18960.0,0.75,2014,5.5,1.0,0.0,0.0
29.0,1.0,16.0,163.0,67.0,25.21735857578381,83.0,0.50920245398773,145.5,99.5,0.0,0.0,0.0,0.0,1.0,14.0,0.8571428571428571,0.5714285714285714,3360.0,4.0,2014,5.2,1.0,0.0,0.0
32.0,0.0,11.0,165.0,84.7,31.111111111111114,95.0,0.5757575757575758,108.5,63.0,1.0,1.0,0.0,0.0,0.0,0.0,,0.42857142857142855,3360.0,4.0,2014,7.6,0.0,0.0,0.0
19.0,0.0,11.0,157.0,53.6,21.745304069130594,68.0,0.43312101910828027,118.0,71.0,0.0,0.0,0.0,0.0,0.0,0.0,,0.8571428571428571,1680.0,8.0,2014,4.7,0.0,0.0,0.0
59.0,1.0,2.0,170.0,65.0,22.49134948096886,75.0,0.4411764705882353,190.5,103.5,0.0,0.0,1.0,0.0,1.0,22.0,3.4285714285714284,0.8571428571428571,1120.0,4.0,2014,5.3,0.0,0.0,0.0
55.0,0.0,,155.0,65.0,27.055150884495315,95.0,0.6129032258064516,121.0,82.0,0.0,0.0,0.0,0.0,0.0,0.0,5.0,4.285714285714286,24960.0,2.5,2014,3.9,1.0,0.0,0.0
20.0,1.0,11.0,167.0,70.0,25.099501595611173,93.0,0.5568862275449101,124.0,67.0,0.0,0.0,0.0,0.0,0.0,0.0,4.0,1.0,1560.0,1.0,2014,3.5,1.0,0.0,0.0
36.0,0.0,,159.0,63.0,24.919900320398717,91.0,0.5723270440251572,122.5,86.0,0.0,0.0,0.0,0.0,0.0,0.0,3.4285714285714284,0.2857142857142857,11384.0,2.0,2014,2.1,1.0,0.0,0.0
34.0,0.0,4.0,166.0,51.0,18.507766003774133,76.0,0.4578313253012048,111.5,74.5,,0.0,0.0,0.0,0.0,0.0,4.285714285714286,2.0,12560.0,1.0,2014,1.1,1.0,0.0,0.0
45.0,1.0,4.0,170.0,54.0,18.68512110726644,78.0,0.4588235294117647,113.0,68.5,0.0,0.0,1.0,0.0,0.0,0.0,10.0,2.0,10560.0,2.0,2014,4.6,1.0,0.0,0.0
29.0,1.0,11.0,159.0,55.0,21.75546853368142,69.0,0.4339622641509434,120.0,75.5,0.0,0.0,1.0,0.0,1.0,6.0,1.4285714285714286,0.8571428571428571,9556.0,6.0,2014,5.5,1.0,0.0,0.0
21.0,0.0,12.0,154.0,68.0,28.67262607522348,69.0,0.44805194805194803,116.0,69.0,0.0,0.0,0.0,0.0,0.0,0.0,0.8571428571428571,0.5714285714285714,4200.0,2.0,2014,5.7,1.0,0.0,0.0
32.0,0.0,2.0,160.0,49.7,19.414062499999996,74.0,0.4625,122.5,85.5,0.0,0.0,0.0,0.0,1.0,0.5,5.0,1.7142857142857142,8960.0,2.0,2014,5.2,1.0,0.0,0.0
20.0,0.0,8.0,166.0,53.9,19.560168384380898,72.0,0.43373493975903615,127.0,81.5,0.0,0.0,0.0,0.0,0.0,0.0,4.0,1.4285714285714286,12396.0,1.5,2014,4.3,1.0,0.0,0.0
31.0,0.0,7.0,172.0,58.2,19.672796106003247,75.0,0.436046511627907,206.0,146.5,0.0,1.0,0.0,0.0,0.0,0.0,0.8571428571428571,1.4285714285714286,16480.0,1.75,2014,7.0,1.0,0.0,1.0
25.0,1.0,12.0,171.0,60.2,20.5875312061831,62.0,0.36257309941520466,105.5,55.5,0.0,0.0,0.0,0.0,1.0,6.0,4.0,1.1428571428571428,13300.0,2.0,2014,4.8,0.0,0.0,0.0
29.0,0.0,12.0,170.0,69.0,23.87543252595156,73.0,0.4294117647058823,119.5,76.5,0.0,0.0,0.0,0.0,1.0,6.0,2.142857142857143,0.5714285714285714,13380.0,2.0,2014,5.8,1.0,0.0,0.0
62.0,1.0,,151.0,41.2,18.069382921801676,70.0,0.46357615894039733,113.0,63.0,0.0,1.0,0.0,0.0,0.0,0.0,4.0,0.8571428571428571,8880.0,3.0,2014,4.0,0.0,0.0,0.0
26.0,0.0,,144.0,51.0,24.59490740740741,68.0,0.4722222222222222,110.0,81.5,0.0,0.0,0.0,0.0,0.0,0.0,3.0,0.14285714285714285,4480.0,2.0,2014,7.2,1.0,0.0,1.0
37.0,0.0,2.0,144.0,64.2,30.960648148148152,88.0,0.6111111111111112,111.5,74.0,0.0,1.0,0.0,0.0,0.0,0.0,0.7142857142857143,2.0,27720.0,2.0,2014,9.6,0.0,0.0,0.0
31.0,0.0,7.0,168.0,53.2,18.84920634920635,72.0,0.42857142857142855,116.5,70.0,0.0,0.0,0.0,0.0,0.0,0.0,1.1428571428571428,0.5714285714285714,1120.0,3.0,2014,5.9,1.0,0.0,0.0
29.0,1.0,21.0,165.0,57.0,20.936639118457304,77.0,0.4666666666666667,122.0,75.5,1.0,0.0,0.0,0.0,1.0,2.0,0.42857142857142855,0.5714285714285714,1316.0,4.0,2014,20.0,1.0,0.0,1.0
26.0,0.0,12.0,155.0,61.0,25.390218522372525,71.0,0.45806451612903226,118.0,88.0,0.0,0.0,0.0,0.0,1.0,0.5,0.8571428571428571,0.5714285714285714,4560.0,3.0,2014,4.6,1.0,0.0,0.0
46.0,0.0,,160.0,57.4,22.421874999999996,90.0,0.5625,108.0,79.5,,0.0,0.0,0.0,0.0,0.0,0.0,0.5714285714285714,20440.0,3.0,2014,6.0,1.0,0.0,0.0
28.0,1.0,6.0,169.0,46.1,16.140891425370263,75.0,0.4437869822485207,143.5,93.5,0.0,0.0,0.0,0.0,1.0,6.0,0.7142857142857143,0.2857142857142857,1820.0,3.0,2014,5.3,1.0,0.0,0.0
26.0,0.0,12.0,172.0,58.6,19.808004326663063,75.0,0.436046511627907,122.0,65.5,0.0,1.0,0.0,0.0,0.0,0.0,2.0,0.2857142857142857,2280.0,3.0,2014,6.2,0.0,0.0,0.0
34.0,1.0,,163.0,56.0,21.077195227520797,77.0,0.4723926380368098,131.0,77.0,0.0,0.0,0.0,0.0,0.0,0.0,2.2857142857142856,1.1428571428571428,40320.0,1.5,2014,5.2,0.0,0.0,0.0
30.0,1.0,12.0,172.0,57.0,19.2671714440238,79.0,0.45930232558139533,139.0,77.0,0.0,0.0,0.0,0.0,1.0,0.5,1.7142857142857142,1.1428571428571428,12000.0,2.0,2014,4.1,0.0,0.0,0.0
40.0,1.0,5.0,166.0,60.5,21.955291043692846,78.0,0.46987951807228917,162.5,100.5,0.0,0.0,0.0,0.0,0.0,0.0,0.8571428571428571,1.0,6720.0,0.4166666666666667,2014,4.7,0.0,0.0,0.0
50.0,0.0,,147.0,51.7,23.92521634504142,75.0,0.5102040816326531,120.5,69.0,0.0,0.0,0.0,0.0,0.0,0.0,9.0,2.0,5040.0,0.3333333333333333,2014,3.8,0.0,0.0,0.0
29.0,0.0,10.0,165.0,72.0,26.44628099173554,87.0,0.5272727272727272,127.0,93.0,0.0,0.0,0.0,0.0,0.0,0.0,1.7142857142857142,0.5714285714285714,11400.0,1.4833333333333334,2014,6.6,0.0,0.0,0.0
35.0,1.0,10.0,165.0,60.0,22.03856749311295,80.0,0.48484848484848486,129.5,75.5,0.0,0.0,0.0,0.0,0.0,0.0,0.5714285714285714,2.0,28740.0,2.0,2014,4.4,1.0,0.0,0.0
37.0,0.0,6.0,160.0,66.8,26.093749999999993,84.0,0.525,125.5,83.0,0.0,0.0,0.0,0.0,0.0,0.0,0.42857142857142855,2.0,19320.0,2.0,2014,5.4,1.0,0.0,0.0
35.0,1.0,12.0,169.0,63.1,22.09306396834845,80.0,0.47337278106508873,123.5,88.5,0.0,0.0,0.0,0.0,0.0,0.0,0.5714285714285714,1.0,25260.0,3.0,2014,5.7,0.0,0.0,0.0
47.0,0.0,8.0,157.0,74.8,30.346058663637468,94.0,0.5987261146496815,98.5,70.0,0.0,0.0,0.0,0.0,0.0,0.0,4.285714285714286,1.0,15960.0,2.0,2014,6.5,1.0,0.0,1.0
31.0,1.0,10.0,164.0,48.5,18.03242117787032,80.0,0.4878048780487805,121.0,87.5,0.0,0.0,0.0,0.0,0.0,0.0,0.42857142857142855,2.0,21960.0,4.0,2014,33.3,0.0,0.0,0.0
64.0,1.0,4.0,159.0,60.0,23.73323840037973,88.0,0.5534591194968553,118.5,78.5,0.0,0.0,0.0,0.0,0.0,0.0,0.8571428571428571,2.0,21120.0,10.0,2014,5.4,1.0,0.0,0.0
43.0,1.0,3.0,163.0,60.0,22.582709172343712,72.0,0.44171779141104295,134.5,84.0,0.0,0.0,0.0,0.0,1.0,6.0,0.42857142857142855,2.0,33840.0,2.0,2014,5.0,0.0,0.0,0.0
34.0,1.0,10.0,177.0,50.7,16.183089150627215,74.0,0.4180790960451977,129.0,86.0,0.0,0.0,0.0,0.0,1.0,2.0,0.7142857142857143,2.0,27420.0,4.0,2014,5.6,0.0,0.0,0.0
34.0,1.0,10.0,168.0,69.5,24.624433106575967,82.0,0.4880952380952381,119.0,70.5,0.0,0.0,1.0,0.0,0.0,0.0,0.5714285714285714,0.8571428571428571,1260.0,6.0,2014,4.4,1.0,0.0,0.0
23.0,0.0,,148.0,53.9,24.607377647918188,80.0,0.5405405405405406,147.5,87.5,0.0,0.0,0.0,0.0,0.0,0.0,1.2857142857142858,0.5714285714285714,10080.0,0.5,2014,1.5,0.0,0.0,0.0
32.0,0.0,5.0,153.0,62.4,26.656414199666795,85.0,0.5555555555555556,154.0,113.5,0.0,0.0,0.0,0.0,0.0,0.0,2.2857142857142856,0.8571428571428571,5040.0,0.5,2014,4.5,0.0,1.0,1.0
36.0,1.0,5.0,166.0,47.6,17.27391493685586,78.0,0.46987951807228917,122.0,89.5,0.0,0.0,0.0,0.0,0.0,0.0,6.428571428571429,2.0,15120.0,0.3333333333333333,2014,3.7,1.0,0.0,0.0
46.0,0.0,,153.0,51.7,22.085522662223934,81.0,0.5294117647058824,143.0,99.5,0.0,0.0,0.0,0.0,0.0,0.0,,2.0,0.0,2.0,2014,5.9,1.0,0.0,0.0
25.0,0.0,4.0,137.0,43.4,23.123235121743296,74.0,0.5401459854014599,150.0,98.5,0.0,0.0,0.0,0.0,1.0,0.5,0.5714285714285714,0.8571428571428571,0.0,4.0,2014,5.2,1.0,0.0,0.0
34.0,1.0,4.0,170.0,65.7,22.733564013840834,81.0,0.4764705882352941,164.5,81.5,0.0,0.0,0.0,0.0,0.0,0.0,5.0,5.0,,,2014,4.6,0.0,0.0,0.0
40.0,1.0,8.0,166.0,54.5,19.77790680795471,71.0,0.42771084337349397,116.0,77.0,0.0,0.0,1.0,0.0,0.0,0.0,0.42857142857142855,0.8571428571428571,23520.0,1.0,2014,5.4,1.0,0.0,0.0
29.0,1.0,5.0,171.0,61.0,20.86111966075032,74.0,0.4327485380116959,133.0,89.0,0.0,0.0,1.0,0.0,,,2.0,0.8571428571428571,23040.0,2.0,2014,2.1,1.0,0.0,0.0
36.0,1.0,5.0,172.0,60.7,20.5178474851271,72.0,0.4186046511627907,141.0,88.5,0.0,0.0,0.0,0.0,0.0,0.0,1.1428571428571428,0.5714285714285714,21840.0,2.0,2014,6.1,0.0,0.0,0.0
56.0,1.0,7.0,174.0,55.5,18.331351565596513,68.0,0.39080459770114945,134.0,81.5,0.0,0.0,1.0,0.0,0.0,0.0,,2.0,5280.0,1.0,2014,4.4,1.0,0.0,0.0
19.0,1.0,,155.0,45.8,19.063475546305927,70.0,0.45161290322580644,114.0,60.5,0.0,0.0,0.0,0.0,0.0,0.0,,2.0,720.0,1.0,2014,9.8,1.0,0.0,1.0
56.0,0.0,,152.0,50.7,21.94425207756233,70.0,0.4605263157894737,117.5,73.0,0.0,0.0,0.0,0.0,0.0,0.0,12.0,2.0,3360.0,2.0,2014,4.9,0.0,0.0,0.0
40.0,0.0,6.0,151.0,44.4,19.47283013902899,80.0,0.5298013245033113,141.0,88.5,0.0,0.0,0.0,0.0,0.0,0.0,5.142857142857143,6.0,0.0,2.0,2014,3.0,1.0,0.0,0.0
64.0,1.0,,171.0,62.8,21.476693683526555,77.0,0.4502923976608187,110.0,62.5,0.0,0.0,0.0,0.0,0.0,0.0,,6.0,62160.0,1.0,2014,3.0,1.0,0.0,0.0
56.0,1.0,1.0,171.0,67.2,22.981430183646253,80.0,0.4678362573099415,118.0,72.5,0.0,0.0,0.0,0.0,0.0,0.0,3.0,0.5714285714285714,19200.0,2.0,2014,5.2,1.0,0.0,0.0
35.0,1.0,6.0,169.0,50.9,17.821504849269985,72.0,0.4260355029585799,133.5,82.0,0.0,0.0,0.0,0.0,0.0,0.0,1.1428571428571428,0.42857142857142855,17760.0,0.5,2014,5.3,1.0,0.0,0.0
30.0,0.0,2.0,148.0,45.3,20.681154127100072,71.0,0.4797297297297297,129.0,87.5,0.0,0.0,0.0,0.0,0.0,0.0,4.0,0.8571428571428571,20720.0,0.5,2014,4.2,0.0,0.0,0.0
53.0,1.0,6.0,173.0,72.1,24.09034715493334,80.0,0.4624277456647399,135.5,75.5,1.0,0.0,0.0,0.0,0.0,0.0,3.0,2.0,0.0,2.0,2014,5.9,0.0,0.0,0.0
31.0,1.0,7.0,167.0,51.4,18.430205457348777,62.0,0.3712574850299401,130.0,78.0,0.0,0.0,1.0,0.0,1.0,14.0,4.285714285714286,0.5714285714285714,24720.0,2.0,2014,3.0,0.0,0.0,0.0
37.0,0.0,,151.0,51.7,22.674444103328803,78.0,0.5165562913907285,116.0,82.5,0.0,0.0,0.0,0.0,0.0,0.0,,,22320.0,3.0,2014,6.5,0.0,0.0,0.0
26.0,0.0,5.0,157.0,50.4,20.44707696052578,73.0,0.46496815286624205,133.5,90.0,0.0,0.0,0.0,0.0,0.0,0.0,1.7142857142857142,0.2857142857142857,22680.0,0.5,2014,4.0,1.0,0.0,0.0
61.0,1.0,,154.0,45.5,19.185360094451003,76.0,0.4935064935064935,114.0,80.0,0.0,0.0,0.0,0.0,0.0,0.0,9.0,7.0,0.0,15.0,2014,7.5,1.0,0.0,1.0
20.0,0.0,,144.0,48.7,23.485725308641978,80.0,0.5555555555555556,112.0,58.5,0.0,0.0,0.0,0.0,0.0,0.0,9.0,2.0,1680.0,3.0,2014,6.6,0.0,0.0,0.0
41.0,1.0,7.0,175.0,51.3,16.751020408163264,74.0,0.4228571428571429,120.0,73.0,0.0,0.0,0.0,0.0,0.0,0.0,5.0,1.4285714285714286,34080.0,3.0,2014,5.0,0.0,0.0,0.0
62.0,0.0,1.0,164.0,59.4,22.08506841165973,84.0,0.5121951219512195,152.5,86.0,0.0,0.0,0.0,0.0,0.0,0.0,4.0,0.2857142857142857,21120.0,1.0,2014,8.2,1.0,0.0,1.0
43.0,0.0,,154.0,53.7,22.64294147411031,81.0,0.525974025974026,102.0,73.5,0.0,0.0,0.0,0.0,0.0,0.0,,7.0,3360.0,1.0,2014,6.2,1.0,0.0,1.0
28.0,0.0,3.0,162.0,60.0,22.86236854138088,78.0,0.48148148148148145,133.0,89.5,0.0,0.0,0.0,0.0,0.0,0.0,4.0,0.5714285714285714,28080.0,0.5,2014,5.4,0.0,0.0,0.0
49.0,1.0,8.0,165.0,51.9,19.0633608815427,70.0,0.42424242424242425,131.5,80.0,0.0,0.0,0.0,0.0,0.0,0.0,9.0,4.0,8400.0,1.0,2014,7.4,0.0,0.0,0.0
27.0,1.0,,166.0,65.0,23.588329220496444,77.0,0.463855421686747,143.0,87.0,0.0,0.0,0.0,0.0,1.0,22.0,2.5714285714285716,1.4285714285714286,16200.0,1.5,2014,6.9,0.0,0.0,0.0
38.0,1.0,,145.0,43.0,20.451843043995243,77.0,0.5310344827586206,118.0,82.0,0.0,0.0,0.0,0.0,1.0,6.0,2.142857142857143,1.1428571428571428,17460.0,1.1666666666666667,2014,1.1,1.0,0.0,0.0
22.0,0.0,4.0,163.0,55.8,21.00191953027965,76.0,0.4662576687116564,110.5,71.0,0.0,1.0,0.0,0.0,0.0,0.0,5.0,0.42857142857142855,5040.0,2.0,2014,5.3,1.0,0.0,0.0
40.0,1.0,,167.0,65.0,23.306680053067517,80.0,0.47904191616766467,124.0,84.0,0.0,0.0,0.0,0.0,1.0,6.0,4.285714285714286,1.1428571428571428,17380.0,1.5,2014,5.0,1.0,0.0,0.0
35.0,1.0,10.0,164.0,53.3,19.81707317073171,80.0,0.4878048780487805,123.5,87.0,0.0,0.0,0.0,0.0,1.0,2.0,2.0,0.8571428571428571,960.0,2.0,2014,7.0,0.0,0.0,0.0
27.0,0.0,,156.0,56.9,23.3809993425378,90.0,0.5769230769230769,147.0,86.0,0.0,0.0,0.0,0.0,1.0,6.0,1.4285714285714286,0.8571428571428571,20760.0,1.0,2014,5.2,1.0,0.0,0.0
27.0,0.0,,170.0,57.0,19.723183391003463,74.0,0.43529411764705883,115.0,67.0,0.0,0.0,0.0,0.0,1.0,2.0,0.5714285714285714,0.8571428571428571,15480.0,1.8333333333333333,2014,4.3,0.0,0.0,0.0
29.0,0.0,,165.0,67.0,24.609733700642796,84.0,0.509090909090909,121.0,81.0,0.0,0.0,0.0,0.0,1.0,30.0,2.142857142857143,0.2857142857142857,14060.0,1.5,2014,6.3,0.0,0.0,0.0
21.0,1.0,,155.0,55.0,22.892819979188342,76.0,0.49032258064516127,135.0,81.0,0.0,0.0,0.0,0.0,1.0,6.0,2.142857142857143,0.8571428571428571,16920.0,1.5,2014,5.1,0.0,0.0,0.0
25.0,0.0,10.0,160.0,55.0,21.484374999999996,70.0,0.4375,117.5,83.5,0.0,0.0,0.0,0.0,0.0,0.0,4.0,0.8571428571428571,12000.0,1.0833333333333333,2014,5.3,0.0,0.0,0.0
40.0,1.0,,173.0,60.6,20.24792007751679,76.0,0.4393063583815029,138.0,85.5,0.0,0.0,0.0,0.0,0.0,0.0,3.5714285714285716,1.1428571428571428,13440.0,1.0,2014,4.3,1.0,0.0,0.0
45.0,0.0,,162.0,55.0,20.957171162932475,62.0,0.38271604938271603,118.0,73.0,0.0,0.0,0.0,0.0,1.0,6.0,5.0,0.2857142857142857,22680.0,0.5,2014,4.6,1.0,0.0,0.0
24.0,1.0,2.0,170.0,52.0,17.99307958477509,65.0,0.38235294117647056,124.0,61.5,0.0,0.0,1.0,0.0,0.0,0.0,2.857142857142857,0.5714285714285714,26040.0,1.0,2014,3.8,1.0,0.0,0.0
27.0,0.0,,160.0,56.1,21.914062499999996,73.0,0.45625,114.0,78.5,0.0,0.0,0.0,0.0,0.0,0.0,1.7142857142857142,2.0,4500.0,1.0,2014,7.5,0.0,0.0,0.0
22.0,0.0,8.0,165.0,61.0,22.4058769513315,77.0,0.4666666666666667,115.0,74.5,0.0,0.0,0.0,0.0,0.0,0.0,0.42857142857142855,0.8571428571428571,5160.0,1.0,2014,2.2,1.0,0.0,0.0
60.0,0.0,3.0,155.0,68.0,28.303850156087407,91.0,0.5870967741935483,183.0,103.0,0.0,0.0,0.0,0.0,1.0,30.0,1.4285714285714286,2.0,16800.0,2.0,2014,3.1,0.0,0.0,0.0
18.0,0.0,6.0,155.0,48.3,20.10405827263267,61.0,0.3935483870967742,103.0,67.5,0.0,0.0,0.0,0.0,0.0,0.0,2.142857142857143,1.1428571428571428,4200.0,0.75,2014,4.6,1.0,0.0,0.0
43.0,0.0,,155.0,48.5,20.18730489073881,71.0,0.45806451612903226,150.0,98.0,0.0,0.0,0.0,0.0,1.0,2.0,0.8571428571428571,2.0,10080.0,0.5,2014,4.2,1.0,0.0,0.0
63.0,1.0,3.0,168.0,62.9,22.285997732426306,71.0,0.4226190476190476,151.0,92.0,0.0,0.0,0.0,0.0,1.0,14.0,1.4285714285714286,2.0,17360.0,2.0,2014,5.5,1.0,0.0,0.0
25.0,1.0,10.0,167.0,51.3,18.394349026497903,71.0,0.4251497005988024,124.0,72.0,0.0,0.0,0.0,0.0,0.0,0.0,2.857142857142857,0.42857142857142855,14760.0,1.0,2014,6.7,1.0,0.0,1.0
62.0,0.0,,164.0,52.0,19.333729922665082,90.0,0.5487804878048781,145.5,70.5,0.0,0.0,0.0,0.0,0.0,0.0,2.2857142857142856,1.7142857142857142,27560.0,2.0,2014,4.4,1.0,0.0,0.0
26.0,1.0,2.0,159.0,56.0,22.151022507021082,81.0,0.5094339622641509,123.0,82.5,0.0,0.0,0.0,0.0,1.0,0.5,3.0,2.0,17760.0,2.0,2014,2.0,1.0,0.0,0.0
43.0,1.0,3.0,164.0,55.0,20.449137418203453,76.0,0.4634146341463415,136.5,70.5,0.0,0.0,0.0,0.0,0.0,0.0,0.8571428571428571,0.5714285714285714,14400.0,2.0,2014,4.4,1.0,0.0,0.0
43.0,0.0,3.0,160.0,71.0,27.734374999999993,93.0,0.58125,120.5,83.5,0.0,0.0,0.0,0.0,0.0,0.0,3.0,1.4285714285714286,22880.0,2.0,2014,5.0,0.0,0.0,0.0
47.0,1.0,7.0,141.0,55.1,27.714903676877423,70.0,0.49645390070921985,149.5,85.5,0.0,0.0,1.0,0.0,1.0,0.5,1.7142857142857142,1.7142857142857142,22680.0,2.0,2014,3.3,1.0,0.0,0.0
23.0,0.0,,175.0,63.3,20.66938775510204,75.0,0.42857142857142855,112.5,74.5,0.0,0.0,0.0,0.0,0.0,0.0,2.2857142857142856,1.7142857142857142,23720.0,1.5,2014,3.6,1.0,0.0,0.0
46.0,1.0,3.0,154.0,60.3,25.42587282847023,71.0,0.461038961038961,147.0,86.0,0.0,0.0,0.0,0.0,0.0,0.0,4.0,1.1428571428571428,23520.0,1.5,2014,4.0,1.0,0.0,0.0
45.0,0.0,,157.0,76.4,30.995172217939878,97.0,0.6178343949044586,208.5,114.0,0.0,0.0,0.0,0.0,0.0,0.0,1.7142857142857142,1.0,18960.0,2.0,2014,4.2,1.0,0.0,0.0
60.0,1.0,3.0,172.0,47.6,16.08977825851812,64.0,0.37209302325581395,158.5,84.5,0.0,0.0,1.0,0.0,1.0,6.0,2.857142857142857,1.7142857142857142,18600.0,1.5,2014,3.1,1.0,0.0,0.0
35.0,1.0,4.0,154.0,59.3,25.004216562658122,80.0,0.5194805194805194,121.0,68.0,0.0,0.0,0.0,0.0,0.0,0.0,,,7440.0,2.0,2014,5.6,1.0,0.0,0.0
50.0,1.0,,170.0,51.7,17.889273356401386,80.0,0.47058823529411764,160.5,73.5,0.0,0.0,0.0,0.0,0.0,0.0,1.2857142857142858,1.4285714285714286,20720.0,2.0,2014,4.6,1.0,0.0,0.0
54.0,1.0,7.0,166.0,60.4,21.91900130643054,72.0,0.43373493975903615,138.5,67.5,0.0,0.0,0.0,0.0,0.0,0.0,3.0,1.0,26760.0,1.5,2014,3.7,1.0,0.0,0.0
38.0,0.0,5.0,145.0,42.7,20.309155766944116,67.0,0.46206896551724136,104.0,63.5,0.0,0.0,0.0,0.0,0.0,0.0,2.0,1.1428571428571428,22320.0,2.0,2014,5.0,1.0,0.0,0.0
22.0,1.0,,160.0,54.1,21.132812499999996,68.0,0.425,151.5,92.5,0.0,0.0,0.0,0.0,0.0,0.0,2.857142857142857,0.8571428571428571,23632.0,4.0,2014,4.8,1.0,0.0,0.0
21.0,1.0,7.0,159.0,54.2,21.43902535500969,78.0,0.49056603773584906,120.5,71.0,0.0,0.0,0.0,0.0,0.0,0.0,1.1428571428571428,0.42857142857142855,30900.0,0.5,2014,3.3,1.0,0.0,0.0
62.0,0.0,,162.0,97.0,36.96082914189909,105.0,0.6481481481481481,184.0,86.0,0.0,1.0,0.0,0.0,0.0,0.0,4.285714285714286,0.42857142857142855,18180.0,1.0,2014,5.1,1.0,0.0,0.0
18.0,0.0,6.0,154.0,48.9,20.618991398212177,72.0,0.4675324675324675,145.5,72.0,0.0,0.0,0.0,0.0,0.0,0.0,2.142857142857143,1.1428571428571428,29820.0,0.5,2014,3.5,0.0,0.0,0.0
57.0,1.0,3.0,173.0,65.4,21.85171572722109,90.0,0.5202312138728323,132.0,78.5,0.0,0.0,0.0,0.0,0.0,0.0,1.2857142857142858,0.8571428571428571,32640.0,3.0,2014,2.9,0.0,0.0,0.0
18.0,1.0,5.0,160.0,51.9,20.273437499999996,67.0,0.41875,118.5,75.5,0.0,0.0,0.0,0.0,0.0,0.0,1.1428571428571428,2.0,25580.0,0.5,2014,1.1,1.0,0.0,0.0
45.0,0.0,6.0,160.0,68.4,26.718749999999996,67.0,0.41875,164.5,84.0,0.0,0.0,0.0,0.0,0.0,0.0,1.4285714285714286,2.0,24720.0,2.0,2014,3.7,1.0,0.0,0.0
21.0,1.0,7.0,153.0,68.1,29.091375112136355,75.0,0.49019607843137253,122.0,54.5,0.0,0.0,0.0,0.0,0.0,0.0,1.4285714285714286,1.2857142857142858,22560.0,1.0,2014,2.0,1.0,0.0,0.0
29.0,0.0,7.0,160.0,58.2,22.734374999999996,83.0,0.51875,124.0,73.0,0.0,0.0,0.0,0.0,0.0,0.0,4.571428571428571,2.5714285714285716,20920.0,0.5,2014,5.1,1.0,0.0,0.0
57.0,0.0,7.0,141.0,47.1,23.690961219254568,61.0,0.4326241134751773,122.0,84.5,0.0,0.0,0.0,0.0,0.0,0.0,1.7142857142857142,2.0,18320.0,1.0,2014,2.4,1.0,0.0,0.0
19.0,0.0,10.0,150.0,49.7,22.08888888888889,68.0,0.4533333333333333,111.5,70.0,0.0,0.0,0.0,0.0,0.0,0.0,3.4285714285714284,1.1428571428571428,18480.0,2.0,2014,3.4,0.0,0.0,0.0
33.0,1.0,8.0,180.0,70.5,21.75925925925926,84.0,0.4666666666666667,135.0,74.5,0.0,0.0,0.0,0.0,1.0,6.0,3.0,1.4285714285714286,23028.0,1.5,2014,3.8,1.0,0.0,0.0
46.0,1.0,3.0,165.0,77.7,28.539944903581272,90.0,0.5454545454545454,134.5,81.5,0.0,0.0,0.0,0.0,0.0,0.0,6.0,1.4285714285714286,2040.0,2.0,2014,6.1,1.0,0.0,1.0
39.0,0.0,,150.0,41.0,18.22222222222222,70.0,0.4666666666666667,126.0,67.0,0.0,0.0,0.0,0.0,1.0,22.0,3.0,1.4285714285714286,16920.0,2.0,2014,4.3,1.0,0.0,0.0
40.0,1.0,7.0,161.0,53.4,20.601057057983873,76.0,0.4720496894409938,120.0,68.5,0.0,0.0,1.0,0.0,1.0,14.0,2.142857142857143,1.7142857142857142,26200.0,1.0,2014,5.2,1.0,0.0,0.0
35.0,0.0,,150.0,50.5,22.444444444444443,77.0,0.5133333333333333,115.5,69.5,0.0,0.0,0.0,0.0,0.0,0.0,5.0,2.0,29400.0,1.3333333333333333,2014,3.5,1.0,0.0,0.0
36.0,1.0,,157.0,58.3,23.65207513489391,63.0,0.4012738853503185,121.0,76.0,0.0,1.0,0.0,0.0,0.0,0.0,5.0,2.0,3600.0,3.0,2014,4.9,1.0,0.0,0.0
33.0,1.0,4.0,160.0,56.5,22.070312499999996,76.0,0.475,139.0,69.5,0.0,0.0,0.0,0.0,1.0,6.0,4.0,2.0,22560.0,2.0,2014,5.0,1.0,0.0,0.0
18.0,0.0,7.0,162.0,53.5,20.385611949397955,70.0,0.43209876543209874,115.5,64.0,0.0,0.0,0.0,0.0,0.0,0.0,6.0,0.2857142857142857,21896.0,3.0,2014,3.9,1.0,0.0,0.0
24.0,0.0,8.0,158.0,61.2,24.515302034930297,79.0,0.5,107.5,63.5,0.0,0.0,0.0,0.0,0.0,0.0,6.0,2.0,21840.0,2.0,2014,4.8,1.0,0.0,0.0
62.0,0.0,,155.0,48.5,20.18730489073881,77.0,0.4967741935483871,119.5,78.0,0.0,0.0,0.0,,1.0,6.0,2.857142857142857,7.0,23800.0,0.5,2014,1.1,1.0,0.0,0.0
27.0,1.0,6.0,161.0,56.8,21.91273484819258,76.0,0.4720496894409938,136.0,79.0,0.0,0.0,0.0,0.0,1.0,30.0,5.0,0.8571428571428571,40800.0,5.0,2014,2.3,1.0,0.0,0.0
22.0,0.0,,155.0,48.3,20.10405827263267,70.0,0.45161290322580644,113.5,66.5,0.0,0.0,0.0,0.0,0.0,0.0,2.142857142857143,2.0,25200.0,2.0,2014,4.3,1.0,0.0,0.0
22.0,1.0,4.0,157.0,57.0,23.124670372023203,71.0,0.45222929936305734,107.0,66.0,0.0,0.0,0.0,0.0,0.0,0.0,12.0,2.0,15400.0,3.0,2014,2.1,0.0,0.0,0.0
37.0,0.0,,153.0,46.8,19.992310649750095,71.0,0.46405228758169936,110.0,77.0,0.0,0.0,0.0,0.0,0.0,0.0,1.7142857142857142,0.42857142857142855,20244.0,0.6666666666666666,2014,4.8,1.0,0.0,0.0
47.0,0.0,6.0,150.0,45.9,20.4,80.0,0.5333333333333333,142.5,90.0,0.0,0.0,0.0,1.0,1.0,22.0,,2.0,19580.0,2.0,2014,5.4,0.0,0.0,0.0
19.0,0.0,,151.0,53.5,23.463883163019165,71.0,0.47019867549668876,117.5,65.0,0.0,0.0,0.0,0.0,0.0,0.0,4.0,2.0,23400.0,2.0,2014,6.7,1.0,0.0,1.0
35.0,0.0,,149.0,49.0,22.071077879374805,69.0,0.46308724832214765,103.0,63.5,0.0,0.0,0.0,0.0,0.0,0.0,,2.0,15944.0,1.0,2014,5.5,1.0,0.0,0.0
55.0,1.0,3.0,173.0,55.2,18.443649971599452,72.0,0.4161849710982659,126.0,76.0,0.0,0.0,1.0,0.0,1.0,6.0,4.0,2.0,18760.0,2.0,2014,2.0,1.0,0.0,0.0
43.0,1.0,3.0,177.0,81.0,25.854639471416256,101.0,0.5706214689265536,150.0,99.5,0.0,0.0,0.0,0.0,1.0,30.0,3.0,0.8571428571428571,11760.0,2.0,2014,4.2,1.0,0.0,0.0
26.0,1.0,,154.0,72.0,30.35925113847192,94.0,0.6103896103896104,191.5,115.5,0.0,0.0,0.0,0.0,1.0,6.0,2.0,1.4285714285714286,11760.0,2.5,2014,3.7,1.0,0.0,0.0
29.0,0.0,,158.0,61.4,24.595417401057517,72.0,0.45569620253164556,130.5,72.0,0.0,0.0,0.0,0.0,0.0,0.0,2.0,1.7142857142857142,20860.0,1.4166666666666667,2014,6.7,1.0,0.0,1.0
39.0,1.0,,160.0,45.3,17.695312499999996,70.0,0.4375,176.0,79.5,0.0,0.0,1.0,0.0,0.0,0.0,2.857142857142857,2.0,11520.0,2.75,2014,5.1,1.0,0.0,0.0
62.0,0.0,,151.0,50.0,21.928862769176792,82.0,0.543046357615894,134.5,76.5,0.0,0.0,0.0,0.0,1.0,14.0,1.1428571428571428,1.7142857142857142,10520.0,1.0,2014,3.5,1.0,0.0,0.0
38.0,0.0,,152.0,40.7,17.6159972299169,75.0,0.4934210526315789,126.0,94.5,0.0,0.0,0.0,0.0,0.0,0.0,3.0,2.0,11760.0,7.0,2014,4.3,1.0,0.0,0.0
42.0,1.0,3.0,161.0,65.9,25.423401874927663,82.0,0.5093167701863354,128.5,80.0,0.0,0.0,0.0,0.0,0.0,0.0,2.857142857142857,1.0,1680.0,0.5,2014,4.3,1.0,0.0,0.0
64.0,1.0,1.0,168.0,73.8,26.14795918367347,85.0,0.5059523809523809,151.5,101.0,0.0,0.0,0.0,,0.0,0.0,2.142857142857143,1.1428571428571428,19800.0,1.0,2014,5.6,1.0,0.0,0.0
41.0,1.0,,151.0,50.8,22.279724573483616,69.0,0.45695364238410596,156.0,86.0,,0.0,1.0,0.0,1.0,6.0,8.0,2.0,19380.0,2.0,2014,6.9,1.0,0.0,1.0
40.0,1.0,2.0,154.0,50.0,21.0828132906055,61.0,0.3961038961038961,133.5,83.5,0.0,0.0,0.0,0.0,1.0,2.0,10.0,1.0,23560.0,2.0,2014,4.6,1.0,0.0,0.0
25.0,0.0,,154.0,61.0,25.72103221453871,78.0,0.5064935064935064,110.5,64.5,0.0,0.0,0.0,0.0,0.0,0.0,10.0,1.7142857142857142,16920.0,2.0,2014,5.3,1.0,0.0,0.0
35.0,0.0,,165.0,59.7,21.928374655647385,84.0,0.509090909090909,113.0,73.0,0.0,0.0,0.0,0.0,0.0,0.0,1.7142857142857142,0.7142857142857143,19800.0,2.0,2014,6.5,1.0,0.0,1.0
39.0,0.0,,150.0,56.2,24.977777777777778,70.0,0.4666666666666667,118.0,83.5,0.0,0.0,0.0,0.0,0.0,0.0,5.0,1.7142857142857142,18320.0,2.0,2014,5.1,1.0,0.0,0.0
42.0,0.0,,155.0,53.6,22.310093652445367,72.0,0.4645161290322581,127.0,76.0,0.0,0.0,0.0,0.0,0.0,0.0,4.285714285714286,0.5714285714285714,25140.0,0.5,2014,5.0,0.0,0.0,0.0
28.0,0.0,,167.0,61.1,21.908279249883467,74.0,0.4431137724550898,120.0,68.5,0.0,0.0,0.0,0.0,1.0,6.0,2.142857142857143,1.7142857142857142,18960.0,1.5,2014,4.7,1.0,0.0,0.0
29.0,1.0,,164.0,58.0,21.564544913741823,70.0,0.4268292682926829,106.0,66.5,0.0,0.0,0.0,0.0,1.0,6.0,2.2857142857142856,2.0,23380.0,2.0,2014,4.0,1.0,0.0,0.0
23.0,0.0,,157.0,56.1,22.7595439977281,74.0,0.4713375796178344,110.0,71.0,0.0,0.0,0.0,0.0,0.0,0.0,2.857142857142857,1.1428571428571428,22320.0,2.0,2014,4.1,1.0,0.0,0.0
20.0,1.0,,171.0,54.2,18.53561779692897,73.0,0.4269005847953216,120.0,58.0,0.0,0.0,1.0,0.0,0.0,0.0,2.142857142857143,0.5714285714285714,15600.0,1.5,2014,4.2,1.0,0.0,0.0
42.0,1.0,8.0,158.0,58.2,23.31357154302195,74.0,0.46835443037974683,115.0,116.0,0.0,0.0,1.0,0.0,1.0,14.0,1.7142857142857142,1.4285714285714286,23800.0,1.4166666666666667,2014,5.6,1.0,0.0,0.0
63.0,1.0,,154.0,49.8,20.998482037443075,77.0,0.5,152.5,72.5,0.0,1.0,1.0,0.0,0.0,0.0,2.142857142857143,1.7142857142857142,15304.0,2.0,2014,3.1,1.0,0.0,0.0
62.0,0.0,4.0,157.0,47.0,19.067710657633167,72.0,0.4585987261146497,109.5,74.5,0.0,0.0,1.0,0.0,1.0,2.0,1.7142857142857142,0.8571428571428571,30240.0,2.0,2014,4.4,0.0,0.0,0.0
56.0,1.0,,161.0,47.4,18.286331545850853,72.0,0.4472049689440994,131.5,69.0,0.0,0.0,1.0,0.0,0.0,0.0,1.2857142857142858,1.4285714285714286,5040.0,3.0,2014,4.6,1.0,0.0,0.0
25.0,0.0,3.0,147.0,42.9,19.852839094821604,68.0,0.46258503401360546,109.5,73.5,0.0,0.0,0.0,0.0,0.0,0.0,1.4285714285714286,3.0,18760.0,2.0,2014,4.4,1.0,0.0,0.0
28.0,0.0,,144.0,36.7,17.69868827160494,63.0,0.4375,121.0,91.0,0.0,0.0,0.0,0.0,0.0,0.0,0.2857142857142857,2.0,25680.0,2.0,2014,2.0,1.0,0.0,0.0
59.0,0.0,,152.0,37.1,16.057825484764543,58.0,0.3815789473684211,124.5,84.0,0.0,0.0,0.0,0.0,0.0,0.0,0.8571428571428571,3.0,20280.0,1.0,2014,8.1,0.0,0.0,0.0
34.0,1.0,3.0,166.0,54.4,19.74161707069241,72.0,0.43373493975903615,123.5,71.0,0.0,0.0,1.0,0.0,1.0,2.0,1.7142857142857142,0.8571428571428571,33360.0,2.0,2014,5.6,1.0,0.0,0.0
23.0,1.0,10.0,174.0,57.3,18.925881886642884,73.0,0.41954022988505746,119.5,84.0,0.0,0.0,0.0,0.0,0.0,0.0,2.5714285714285716,0.5714285714285714,20440.0,1.0,2014,3.9,1.0,0.0,0.0
18.0,1.0,12.0,158.0,45.1,18.06601506168883,70.0,0.4430379746835443,121.5,62.0,0.0,0.0,0.0,0.0,0.0,0.0,1.2857142857142858,3.0,14880.0,3.0,2014,3.5,1.0,0.0,0.0
50.0,0.0,,165.0,59.7,21.928374655647385,98.0,0.593939393939394,123.0,73.0,0.0,0.0,0.0,0.0,1.0,6.0,1.1428571428571428,3.0,23800.0,0.5,2014,5.3,1.0,0.0,0.0
45.0,0.0,2.0,164.0,46.5,17.288816180844737,65.0,0.39634146341463417,112.5,80.5,0.0,0.0,0.0,1.0,1.0,6.0,0.2857142857142857,3.0,25680.0,1.0,2014,4.0,1.0,0.0,0.0
21.0,1.0,,169.0,59.3,20.7625783410945,76.0,0.44970414201183434,137.5,63.5,0.0,0.0,0.0,0.0,0.0,0.0,3.5714285714285716,0.8571428571428571,19920.0,1.0,2014,3.9,1.0,0.0,0.0
58.0,1.0,2.0,174.0,59.7,19.718588981371383,80.0,0.45977011494252873,103.5,67.0,0.0,0.0,0.0,0.0,0.0,0.0,0.5714285714285714,3.0,28740.0,2.0,2014,2.0,1.0,0.0,0.0
63.0,0.0,4.0,158.0,45.4,18.186188110879662,71.0,0.44936708860759494,136.5,72.0,0.0,0.0,0.0,,1.0,6.0,1.4285714285714286,1.7142857142857142,17200.0,1.5,2014,5.9,1.0,0.0,0.0
57.0,1.0,3.0,164.0,51.3,19.07346817370613,82.0,0.5,109.0,60.5,0.0,0.0,0.0,0.0,0.0,0.0,2.857142857142857,1.7142857142857142,17880.0,1.4166666666666667,2014,4.8,1.0,0.0,0.0
48.0,1.0,4.0,173.0,49.1,16.405493000100236,94.0,0.5433526011560693,104.0,50.0,0.0,0.0,0.0,0.0,0.0,0.0,5.0,1.7142857142857142,23280.0,2.0,2014,5.0,1.0,0.0,0.0
44.0,1.0,4.0,178.0,61.0,19.252619618735007,80.0,0.449438202247191,136.5,68.0,0.0,0.0,1.0,0.0,1.0,6.0,1.1428571428571428,0.7142857142857143,13960.0,1.5,2014,1.6,1.0,0.0,0.0
24.0,1.0,12.0,167.0,46.8,16.780809638208613,70.0,0.41916167664670656,128.5,71.0,0.0,0.0,0.0,0.0,0.0,0.0,13.0,0.8571428571428571,360.0,2.0,2014,7.4,1.0,0.0,1.0
22.0,1.0,14.0,189.0,67.9,19.008426415833824,72.4,0.3830687830687831,109.0,80.0,0.0,0.0,0.0,0.0,1.0,6.0,1.4285714285714286,0.2857142857142857,840.0,,2014,,,0.0,0.0
54.0,1.0,16.0,182.0,100.1,30.219780219780215,107.0,0.5879120879120879,151.0,86.5,0.0,1.0,1.0,0.0,1.0,30.0,3.0,1.1428571428571428,7440.0,0.25,2014,7.2,0.0,0.0,0.0
46.0,0.0,12.0,164.0,63.7,23.68381915526473,76.0,0.4634146341463415,109.5,74.0,0.0,0.0,0.0,0.0,0.0,0.0,2.142857142857143,1.1428571428571428,3360.0,,2014,5.2,0.0,0.0,0.0
47.0,0.0,7.0,161.0,55.3,21.334053470159326,71.0,0.4409937888198758,134.0,90.0,0.0,1.0,0.0,0.0,1.0,2.0,2.857142857142857,0.8571428571428571,280.0,0.5,2014,4.5,1.0,0.0,0.0
40.0,0.0,12.0,169.0,95.6,33.47221735933616,109.0,0.6449704142011834,155.5,101.5,0.0,1.0,0.0,0.0,0.0,0.0,1.1428571428571428,0.5714285714285714,2760.0,2.0,2014,16.9,0.0,0.0,0.0
28.0,1.0,14.0,168.0,60.8,21.541950113378686,73.2,0.4357142857142857,112.5,80.0,0.0,0.0,0.0,0.0,1.0,22.0,1.7142857142857142,0.2857142857142857,1680.0,1.0,2014,3.2,0.0,0.0,0.0
29.0,1.0,14.0,169.0,84.2,29.480760477574318,87.0,0.514792899408284,148.0,99.0,0.0,1.0,0.0,0.0,1.0,6.0,0.42857142857142855,0.42857142857142855,3400.0,2.0,2014,4.2,1.0,0.0,0.0
25.0,0.0,13.0,175.0,85.9,28.048979591836737,98.0,0.56,149.5,91.5,0.0,1.0,0.0,0.0,1.0,0.5,0.5714285714285714,0.42857142857142855,6880.0,2.0,2014,5.1,0.0,0.0,0.0
44.0,0.0,2.0,162.0,61.2,23.3196159122085,72.0,0.4444444444444444,117.5,79.5,0.0,0.0,0.0,0.0,1.0,2.0,0.8571428571428571,0.2857142857142857,960.0,0.6666666666666666,2014,5.7,0.0,0.0,0.0
57.0,1.0,11.0,174.0,81.6,26.952041220768923,92.0,0.5287356321839081,122.0,84.0,0.0,1.0,0.0,0.0,1.0,2.0,0.2857142857142857,0.2857142857142857,14820.0,0.25,2014,4.3,1.0,0.0,0.0
32.0,0.0,16.0,173.0,65.4,21.85171572722109,75.0,0.43352601156069365,104.5,69.0,0.0,1.0,0.0,0.0,1.0,6.0,0.42857142857142855,1.1428571428571428,160.0,,2014,4.4,0.0,0.0,0.0
24.0,1.0,16.0,175.0,69.1,22.563265306122446,81.0,0.46285714285714286,104.5,71.0,0.0,0.0,0.0,0.0,1.0,14.0,0.8571428571428571,0.5714285714285714,2120.0,1.5,2014,2.8,0.0,0.0,0.0
60.0,1.0,10.0,163.0,67.8,25.51846136474839,93.0,0.5705521472392638,211.0,110.0,0.0,0.0,0.0,0.0,1.0,2.0,0.2857142857142857,0.2857142857142857,3360.0,5.0,2014,2.0,0.0,0.0,0.0
23.0,1.0,12.0,164.0,52.2,19.408090422367643,70.0,0.4268292682926829,125.0,80.0,0.0,0.0,0.0,0.0,1.0,0.5,6.0,0.42857142857142855,2000.0,1.0,2014,9.9,,0.0,0.0
45.0,0.0,10.0,160.0,89.6,34.99999999999999,101.0,0.63125,109.0,77.5,0.0,1.0,0.0,0.0,1.0,2.0,0.8571428571428571,0.42857142857142855,6200.0,0.6666666666666666,2014,3.4,0.0,0.0,0.0
26.0,0.0,16.0,162.0,57.7,21.985977747294616,77.0,0.47530864197530864,122.0,85.5,0.0,0.0,0.0,0.0,1.0,30.0,2.0,0.2857142857142857,1680.0,3.0,2014,4.4,0.0,0.0,0.0
40.0,1.0,16.0,172.0,80.7,27.278258518117905,92.0,0.5348837209302325,112.0,84.0,0.0,0.0,0.0,0.0,1.0,30.0,1.0,0.8571428571428571,15360.0,2.0,2014,4.7,1.0,1.0,1.0
56.0,0.0,,153.0,39.5,16.87385193728908,50.0,0.32679738562091504,145.0,87.0,0.0,1.0,0.0,0.0,0.0,0.0,0.2857142857142857,0.2857142857142857,27720.0,1.0,2014,6.8,0.0,0.0,0.0
28.0,1.0,15.0,157.0,53.3,21.62359527769889,77.0,0.49044585987261147,133.0,83.0,0.0,0.0,0.0,0.0,1.0,14.0,0.7142857142857143,0.5714285714285714,0.0,,2014,6.8,0.0,0.0,0.0
28.0,1.0,5.0,170.0,89.4,30.934256055363328,70.0,0.4117647058823529,163.0,104.0,0.0,0.0,0.0,0.0,1.0,6.0,0.14285714285714285,0.5714285714285714,21840.0,3.0,2014,5.5,0.0,0.0,0.0
37.0,0.0,7.0,161.0,72.4,27.931021179738433,85.5,0.531055900621118,186.5,118.0,0.0,0.0,0.0,0.0,0.0,0.0,0.0,1.1428571428571428,0.0,3.0,2014,3.7,0.0,0.0,0.0
24.0,0.0,7.0,174.0,52.3,17.27440877262518,73.0,0.41954022988505746,123.0,85.0,0.0,0.0,0.0,0.0,0.0,0.0,1.1428571428571428,0.5714285714285714,0.0,,2014,4.4,1.0,0.0,0.0
25.0,0.0,14.0,165.0,52.5,19.283746556473833,66.5,0.403030303030303,136.5,88.5,0.0,0.0,0.0,0.0,1.0,0.5,2.142857142857143,0.8571428571428571,1640.0,,2014,4.5,0.0,0.0,0.0
39.0,1.0,,171.0,74.8,25.580520502034815,90.0,0.5263157894736842,127.0,90.0,0.0,0.0,0.0,0.0,1.0,22.0,0.0,0.14285714285714285,,,2014,4.8,0.0,0.0,0.0
40.0,0.0,5.0,168.0,69.2,24.518140589569164,81.0,0.48214285714285715,124.0,95.0,0.0,0.0,0.0,0.0,1.0,0.5,0.8571428571428571,0.5714285714285714,3240.0,2.0,2014,5.9,0.0,0.0,0.0
26.0,0.0,6.0,159.0,73.8,29.191883232467067,87.0,0.5471698113207547,138.5,77.0,0.0,0.0,0.0,0.0,1.0,0.5,0.8571428571428571,0.2857142857142857,6240.0,3.0,2014,5.7,0.0,0.0,0.0
44.0,1.0,10.0,,,,,,124.0,76.0,0.0,0.0,0.0,0.0,0.0,0.0,4.0,0.42857142857142855,12000.0,5.0,2014,3.4,1.0,0.0,0.0
33.0,1.0,7.0,172.0,77.2,26.095186587344514,86.5,0.502906976744186,124.5,63.0,0.0,0.0,0.0,0.0,1.0,2.0,1.1428571428571428,0.42857142857142855,4140.0,3.0,2014,10.1,0.0,0.0,0.0
27.0,1.0,7.0,165.0,80.7,29.64187327823692,90.0,0.5454545454545454,115.0,80.5,0.0,0.0,0.0,0.0,0.0,0.0,2.5714285714285716,0.5714285714285714,600.0,0.3333333333333333,2014,4.7,1.0,0.0,0.0
60.0,0.0,,147.0,73.1,33.8284973853487,102.0,0.6938775510204082,115.5,73.0,0.0,0.0,0.0,0.0,0.0,0.0,1.7142857142857142,1.1428571428571428,11760.0,3.0,2014,4.1,1.0,0.0,0.0
38.0,1.0,,180.0,53.6,16.54320987654321,71.0,0.39444444444444443,106.0,70.0,0.0,0.0,0.0,0.0,0.0,0.0,10.0,0.42857142857142855,24720.0,2.0,2014,5.3,1.0,0.0,0.0
60.0,1.0,3.0,180.0,54.3,16.759259259259256,74.0,0.4111111111111111,116.0,74.5,0.0,0.0,0.0,0.0,0.0,0.0,3.4285714285714284,1.1428571428571428,10560.0,2.5,2014,4.7,1.0,0.0,0.0
41.0,0.0,,155.0,54.2,22.559833506763788,79.7,0.5141935483870967,100.5,64.0,0.0,0.0,0.0,0.0,0.0,0.0,2.0,0.14285714285714285,21600.0,1.0,2014,3.7,1.0,0.0,0.0
28.0,1.0,10.0,164.0,62.9,23.386377156454493,77.0,0.4695121951219512,126.0,77.5,0.0,0.0,0.0,0.0,0.0,0.0,4.285714285714286,0.8571428571428571,720.0,3.0,2014,5.1,1.0,0.0,0.0
42.0,0.0,6.0,164.0,67.2,24.985127900059492,80.3,0.4896341463414634,126.5,80.0,0.0,0.0,0.0,0.0,0.0,0.0,3.4285714285714284,0.5714285714285714,14160.0,2.0,2014,4.3,1.0,0.0,0.0
44.0,0.0,5.0,157.0,38.6,15.65986449754554,70.0,0.445859872611465,108.5,74.5,0.0,0.0,0.0,0.0,0.0,0.0,0.8571428571428571,0.2857142857142857,34560.0,1.0,2014,3.9,1.0,0.0,0.0
62.0,1.0,4.0,164.0,53.6,19.92861392028555,80.0,0.4878048780487805,124.5,71.5,0.0,0.0,0.0,0.0,1.0,2.0,1.2857142857142858,0.2857142857142857,27160.0,2.0,2014,5.2,1.0,0.0,0.0
45.0,1.0,4.0,182.0,53.6,16.181620577224972,81.0,0.44505494505494503,163.0,72.5,0.0,0.0,1.0,0.0,1.0,2.0,0.5714285714285714,0.0,20440.0,4.0,2014,4.2,0.0,0.0,0.0
42.0,1.0,10.0,163.0,58.6,22.055779291655693,79.5,0.48773006134969327,146.0,98.0,0.0,0.0,1.0,0.0,1.0,0.5,10.0,0.0,12960.0,0.5,2014,4.4,1.0,0.0,0.0
28.0,0.0,7.0,158.0,37.2,14.901458099663515,67.0,0.4240506329113924,126.5,86.5,0.0,0.0,0.0,0.0,0.0,0.0,0.2857142857142857,0.42857142857142855,840.0,0.6666666666666666,2014,4.5,1.0,0.0,0.0
29.0,1.0,13.0,157.0,37.0,15.010750943243133,57.0,0.3630573248407643,108.0,73.0,0.0,0.0,0.0,0.0,0.0,0.0,3.0,0.2857142857142857,15900.0,0.5,2014,4.6,1.0,0.0,0.0
44.0,1.0,6.0,165.0,83.6,30.70707070707071,95.0,0.5757575757575758,157.0,105.0,0.0,0.0,0.0,0.0,0.0,0.0,7.142857142857143,0.0,9480.0,1.0,2014,4.5,1.0,0.0,0.0
63.0,0.0,,158.0,48.8,19.548149335042456,71.0,0.44936708860759494,145.0,75.5,1.0,1.0,0.0,1.0,0.0,0.0,1.7142857142857142,0.14285714285714285,4800.0,,2014,4.9,0.0,0.0,0.0
45.0,1.0,11.0,175.0,57.9,18.90612244897959,73.0,0.41714285714285715,153.0,89.0,0.0,0.0,0.0,0.0,0.0,0.0,2.142857142857143,0.14285714285714285,360.0,0.16666666666666666,2014,7.6,0.0,0.0,0.0
25.0,0.0,,153.0,56.0,23.92242299970097,77.0,0.5032679738562091,111.0,73.0,0.0,0.0,0.0,0.0,0.0,0.0,1.7142857142857142,2.0,4200.0,5.0,2014,5.5,1.0,0.0,0.0
28.0,0.0,7.0,145.0,40.6,19.310344827586206,64.0,0.4413793103448276,81.0,56.5,0.0,0.0,0.0,0.0,0.0,0.0,5.0,0.14285714285714285,23880.0,0.16666666666666666,2014,5.0,1.0,0.0,0.0
28.0,0.0,,,,,,,,,,0.0,0.0,0.0,0.0,0.0,1.7142857142857142,1.4285714285714286,17280.0,1.5,2014,,,0.0,0.0
50.0,0.0,,154.0,43.6,18.384213189407994,70.0,0.45454545454545453,99.0,67.5,0.0,0.0,0.0,1.0,0.0,0.0,1.7142857142857142,0.2857142857142857,23520.0,1.0,2014,3.5,0.0,0.0,0.0
34.0,0.0,,158.0,44.5,17.82566896330716,69.0,0.43670886075949367,98.0,62.5,0.0,0.0,0.0,0.0,0.0,0.0,0.8571428571428571,0.2857142857142857,20640.0,1.0,2014,4.3,1.0,0.0,0.0
44.0,0.0,5.0,157.0,53.8,21.826443263418394,72.0,0.4585987261146497,104.0,62.5,0.0,0.0,0.0,0.0,1.0,0.5,5.142857142857143,0.5714285714285714,16080.0,0.5,2014,4.6,1.0,0.0,0.0
64.0,0.0,,151.0,41.7,18.288671549493444,66.0,0.4370860927152318,112.0,52.5,0.0,0.0,0.0,0.0,0.0,0.0,0.8571428571428571,0.14285714285714285,20640.0,0.5,2014,6.4,0.0,0.0,0.0
50.0,1.0,6.0,164.0,85.9,31.93783462224867,96.0,0.5853658536585366,126.0,87.0,0.0,0.0,1.0,0.0,0.0,0.0,0.8571428571428571,0.14285714285714285,50400.0,,2014,4.4,1.0,0.0,0.0
52.0,0.0,,152.0,76.0,32.89473684210526,97.0,0.6381578947368421,136.5,79.5,1.0,0.0,0.0,0.0,0.0,0.0,1.4285714285714286,0.7142857142857143,1560.0,1.75,2014,6.0,0.0,0.0,0.0
26.0,0.0,12.0,161.0,50.4,19.44369430191736,65.0,0.40372670807453415,131.0,84.5,0.0,0.0,0.0,0.0,0.0,0.0,1.7142857142857142,0.8571428571428571,6440.0,2.0,2014,4.6,1.0,0.0,0.0
26.0,0.0,12.0,161.0,45.4,17.514756375139847,66.0,0.40993788819875776,98.5,68.5,0.0,0.0,0.0,0.0,1.0,2.0,1.1428571428571428,0.5714285714285714,120.0,4.0,2014,2.9,0.0,0.0,0.0
44.0,0.0,,158.0,66.3,26.558243871174486,91.0,0.5759493670886076,164.5,109.0,0.0,0.0,0.0,0.0,1.0,0.5,0.2857142857142857,1.1428571428571428,3960.0,2.0,2014,4.8,1.0,0.0,0.0
28.0,1.0,10.0,172.0,53.9,18.219307733910224,70.0,0.4069767441860465,116.0,78.5,0.0,0.0,1.0,0.0,0.0,0.0,1.7142857142857142,0.2857142857142857,560.0,0.25,2014,4.1,1.0,0.0,0.0
32.0,1.0,,167.0,62.4,22.374412850944818,83.0,0.49700598802395207,99.5,66.5,0.0,0.0,0.0,0.0,1.0,0.5,2.857142857142857,0.42857142857142855,14960.0,0.3333333333333333,2014,5.5,0.0,0.0,0.0
39.0,0.0,4.0,165.0,72.3,26.556473829201103,86.5,0.5242424242424243,109.0,71.0,0.0,0.0,0.0,0.0,0.0,0.0,2.142857142857143,1.1428571428571428,4700.0,,2014,3.3,1.0,0.0,0.0
48.0,1.0,10.0,180.0,59.7,18.425925925925924,70.0,0.3888888888888889,119.0,76.5,0.0,0.0,1.0,0.0,0.0,0.0,5.0,1.7142857142857142,22680.0,1.0,2014,3.9,0.0,0.0,0.0
25.0,0.0,10.0,166.0,48.4,17.564232834954275,64.0,0.3855421686746988,112.5,70.0,0.0,0.0,0.0,0.0,1.0,0.5,1.1428571428571428,0.8571428571428571,7920.0,2.0,2014,4.0,1.0,0.0,0.0
27.0,0.0,10.0,166.0,55.2,20.03193496879083,67.0,0.4036144578313253,115.5,80.0,0.0,0.0,0.0,0.0,0.0,0.0,2.857142857142857,0.8571428571428571,9480.0,,2014,4.4,0.0,0.0,0.0
54.0,1.0,3.0,164.0,58.7,21.824806662700777,77.0,0.4695121951219512,118.5,70.5,0.0,0.0,1.0,0.0,1.0,0.5,1.7142857142857142,0.42857142857142855,6000.0,0.5,2014,3.0,1.0,0.0,0.0
49.0,1.0,4.0,157.0,50.7,20.568785751957485,71.5,0.4554140127388535,125.5,90.0,0.0,0.0,1.0,0.0,1.0,2.0,1.2857142857142858,0.8571428571428571,11760.0,5.0,2014,6.2,1.0,0.0,1.0
53.0,0.0,,148.0,46.4,21.18334550766983,71.0,0.4797297297297297,149.5,79.0,0.0,0.0,0.0,0.0,0.0,0.0,1.0,0.2857142857142857,5760.0,2.0,2014,5.9,0.0,0.0,0.0
62.0,1.0,2.0,166.0,53.6,19.45129917259399,76.0,0.4578313253012048,155.5,78.0,0.0,0.0,0.0,0.0,0.0,0.0,4.0,0.2857142857142857,29640.0,2.0,2014,4.8,1.0,0.0,0.0
35.0,0.0,,163.0,50.2,18.894200007527573,66.5,0.40797546012269936,178.5,103.0,0.0,0.0,0.0,0.0,0.0,0.0,1.7142857142857142,0.5714285714285714,14880.0,0.5,2014,4.2,0.0,0.0,0.0
48.0,1.0,7.0,171.0,74.6,25.51212338839301,92.0,0.5380116959064327,108.5,73.0,0.0,0.0,0.0,0.0,0.0,0.0,1.2857142857142858,1.4285714285714286,20400.0,0.16666666666666666,2014,4.0,1.0,0.0,0.0
55.0,0.0,,150.0,44.1,19.6,68.0,0.4533333333333333,117.0,79.0,0.0,0.0,0.0,0.0,0.0,0.0,2.142857142857143,1.4285714285714286,10080.0,1.5,2014,4.5,0.0,0.0,0.0
26.0,1.0,10.0,165.0,48.1,17.667584940312217,73.0,0.44242424242424244,111.0,73.0,0.0,0.0,0.0,0.0,1.0,0.5,0.8571428571428571,0.8571428571428571,15800.0,1.5,2014,4.2,1.0,0.0,0.0
48.0,1.0,6.0,170.0,58.7,20.31141868512111,81.0,0.4764705882352941,109.5,67.5,0.0,0.0,1.0,0.0,0.0,0.0,15.0,2.0,20160.0,2.0,2014,7.1,0.0,0.0,0.0
27.0,1.0,8.0,163.0,67.0,25.21735857578381,79.0,0.48466257668711654,119.0,79.5,0.0,0.0,0.0,0.0,0.0,0.0,2.2857142857142856,0.5714285714285714,19440.0,0.5,2014,5.1,0.0,0.0,0.0
54.0,1.0,6.0,184.0,66.9,19.7601606805293,80.0,0.43478260869565216,139.0,80.5,0.0,0.0,1.0,0.0,1.0,2.0,2.142857142857143,0.8571428571428571,7280.0,0.25,2014,6.8,0.0,0.0,0.0
30.0,0.0,2.0,162.0,76.4,29.11141594269166,88.0,0.5432098765432098,135.0,91.5,0.0,0.0,0.0,0.0,1.0,0.5,0.8571428571428571,0.8571428571428571,7200.0,,2014,6.7,0.0,0.0,0.0
41.0,1.0,7.0,176.0,67.8,21.887913223140497,78.0,0.4431818181818182,121.0,74.0,0.0,0.0,1.0,0.0,1.0,2.0,1.1428571428571428,0.8571428571428571,9360.0,0.16666666666666666,2014,5.0,0.0,0.0,0.0
25.0,0.0,11.0,151.0,56.2,24.648041752554715,80.0,0.5298013245033113,114.0,76.5,0.0,0.0,0.0,0.0,0.0,0.0,1.7142857142857142,0.42857142857142855,560.0,,2014,5.6,0.0,0.0,0.0
35.0,0.0,,153.0,50.4,21.530180699730874,85.0,0.5555555555555556,104.5,68.0,0.0,0.0,0.0,0.0,0.0,0.0,0.0,2.0,0.0,,2014,4.0,1.0,0.0,0.0
33.0,1.0,13.0,169.0,49.2,17.226287594972167,67.0,0.39644970414201186,119.5,66.5,0.0,0.0,0.0,0.0,1.0,6.0,2.142857142857143,0.0,11520.0,,2014,4.2,1.0,0.0,0.0
44.0,0.0,3.0,168.0,65.9,23.348922902494337,88.0,0.5238095238095238,121.5,84.0,0.0,1.0,0.0,0.0,1.0,2.0,0.8571428571428571,0.8571428571428571,960.0,3.0,2014,4.1,0.0,0.0,0.0
31.0,1.0,13.0,168.0,62.8,22.25056689342404,83.0,0.49404761904761907,115.5,81.5,0.0,0.0,0.0,0.0,1.0,0.5,2.0,1.4285714285714286,800.0,,2014,3.7,1.0,0.0,0.0
35.0,0.0,10.0,159.0,75.2,29.745658795142596,92.5,0.5817610062893082,113.0,80.5,0.0,0.0,0.0,0.0,1.0,0.5,1.0,0.14285714285714285,10720.0,0.5,2014,4.4,0.0,0.0,0.0
33.0,0.0,6.0,154.0,52.7,22.221285208298198,72.0,0.4675324675324675,112.5,82.5,0.0,0.0,0.0,0.0,0.0,0.0,2.857142857142857,0.5714285714285714,3780.0,1.0,2014,3.6,1.0,0.0,0.0
31.0,0.0,7.0,161.0,88.2,34.02646502835538,98.0,0.6086956521739131,142.5,105.5,0.0,0.0,0.0,0.0,0.0,0.0,1.4285714285714286,0.5714285714285714,15600.0,1.5,2014,3.3,1.0,0.0,0.0
39.0,1.0,7.0,160.0,46.4,18.124999999999996,68.0,0.425,122.0,86.0,0.0,0.0,0.0,0.0,0.0,0.0,0.42857142857142855,0.2857142857142857,400.0,,2014,4.1,0.0,0.0,0.0
30.0,0.0,3.0,154.0,43.4,18.299881936245573,68.5,0.4448051948051948,103.0,69.0,1.0,0.0,0.0,0.0,1.0,0.5,2.142857142857143,0.5714285714285714,0.0,,2014,4.9,1.0,0.0,0.0
27.0,1.0,,170.0,65.5,22.6643598615917,81.0,0.4764705882352941,129.5,75.0,0.0,0.0,1.0,0.0,1.0,22.0,4.285714285714286,1.1428571428571428,13080.0,1.0,2014,4.1,1.0,0.0,0.0
26.0,1.0,10.0,166.0,57.6,20.90288866308608,73.0,0.4397590361445783,128.0,70.0,0.0,0.0,0.0,0.0,0.0,0.0,2.142857142857143,0.8571428571428571,23040.0,1.0,2014,4.7,0.0,0.0,0.0
43.0,1.0,6.0,163.0,49.5,18.63073506718356,78.5,0.4815950920245399,129.0,80.0,0.0,0.0,1.0,0.0,1.0,22.0,1.4285714285714286,0.5714285714285714,6240.0,4.0,2014,4.1,1.0,0.0,0.0
25.0,1.0,10.0,160.0,51.8,20.234374999999996,73.0,0.45625,113.0,68.0,0.0,1.0,0.0,0.0,1.0,22.0,3.0,1.1428571428571428,12600.0,3.0,2014,4.5,1.0,0.0,0.0
49.0,1.0,4.0,175.0,69.9,22.824489795918367,79.5,0.4542857142857143,128.0,73.0,0.0,0.0,1.0,0.0,0.0,0.0,0.0,0.2857142857142857,9720.0,0.5,2014,3.8,1.0,0.0,0.0
36.0,0.0,1.0,164.0,52.9,19.668352171326593,72.0,0.43902439024390244,109.5,77.5,0.0,0.0,0.0,0.0,1.0,6.0,1.4285714285714286,0.42857142857142855,20640.0,1.0,2014,5.6,0.0,0.0,0.0
49.0,1.0,4.0,168.0,50.1,17.750850340136058,67.0,0.39880952380952384,134.5,76.0,0.0,0.0,1.0,0.0,1.0,0.5,9.0,0.2857142857142857,20640.0,4.0,2014,4.2,1.0,,0.0
27.0,0.0,4.0,157.0,49.3,20.000811391942875,72.5,0.46178343949044587,116.0,71.5,0.0,0.0,0.0,0.0,0.0,0.0,1.4285714285714286,0.2857142857142857,16920.0,3.0,2014,4.3,1.0,,0.0
40.0,1.0,6.0,172.0,62.6,21.160086533261225,79.0,0.45930232558139533,151.0,76.5,,1.0,0.0,0.0,0.0,0.0,2.5714285714285716,1.1428571428571428,10080.0,1.5,2014,4.6,1.0,0.0,0.0
29.0,1.0,12.0,169.0,65.8,23.038409019292043,83.0,0.4911242603550296,122.0,70.5,0.0,0.0,0.0,0.0,1.0,0.5,10.0,0.5714285714285714,5600.0,0.8333333333333334,2014,3.6,0.0,0.0,0.0
36.0,1.0,,157.0,56.6,22.962391983447603,67.0,0.4267515923566879,108.0,67.0,0.0,0.0,1.0,0.0,1.0,22.0,1.7142857142857142,0.8571428571428571,10080.0,,2014,4.4,1.0,0.0,0.0
26.0,0.0,,152.0,36.7,15.884695290858726,70.0,0.4605263157894737,110.5,68.0,0.0,0.0,0.0,0.0,1.0,6.0,0.0,0.8571428571428571,11520.0,0.16666666666666666,2014,5.7,0.0,0.0,0.0
28.0,1.0,11.0,171.0,67.7,23.152422967750763,80.0,0.4678362573099415,110.5,65.0,0.0,0.0,0.0,0.0,0.0,0.0,7.142857142857143,0.8571428571428571,26880.0,2.0,2014,4.5,1.0,0.0,0.0
38.0,1.0,7.0,171.0,61.8,21.134708115317533,78.0,0.45614035087719296,100.0,67.5,0.0,0.0,0.0,0.0,0.0,0.0,2.2857142857142856,0.8571428571428571,12360.0,0.25,2014,4.5,0.0,0.0,0.0
40.0,1.0,5.0,166.0,62.3,22.608506314414285,81.5,0.49096385542168675,126.0,76.0,0.0,0.0,0.0,0.0,1.0,0.5,5.142857142857143,1.1428571428571428,10920.0,0.3333333333333333,2014,5.8,0.0,0.0,0.0
51.0,1.0,4.0,172.0,68.0,22.985397512168742,79.0,0.45930232558139533,158.5,86.0,0.0,0.0,0.0,0.0,0.0,0.0,3.4285714285714284,0.8571428571428571,14880.0,,2014,4.9,0.0,0.0,0.0
63.0,1.0,3.0,156.0,49.7,20.422419460881,76.0,0.48717948717948717,114.0,74.0,0.0,0.0,0.0,0.0,0.0,0.0,2.2857142857142856,0.5714285714285714,14880.0,1.5,2014,5.4,0.0,0.0,0.0
24.0,1.0,10.0,175.0,70.4,22.98775510204082,77.0,0.44,119.5,63.5,0.0,0.0,0.0,0.0,0.0,0.0,2.142857142857143,1.4285714285714286,22320.0,1.0,2014,5.3,0.0,0.0,0.0
29.0,0.0,,152.0,49.4,21.38157894736842,72.5,0.4769736842105263,111.0,66.5,0.0,0.0,0.0,0.0,0.0,0.0,1.2857142857142858,1.1428571428571428,10560.0,1.0,2014,5.8,0.0,0.0,0.0
31.0,1.0,7.0,156.0,50.3,20.668967784352397,74.0,0.47435897435897434,128.0,87.0,0.0,1.0,1.0,0.0,1.0,6.0,0.5714285714285714,0.7142857142857143,18000.0,1.0,2014,2.6,0.0,0.0,0.0
31.0,1.0,8.0,172.0,78.3,26.467009194159008,90.0,0.5232558139534884,131.5,85.0,0.0,0.0,0.0,0.0,0.0,0.0,3.4285714285714284,1.7142857142857142,9060.0,,2014,5.7,0.0,0.0,0.0
43.0,0.0,,163.0,50.7,19.082389250630435,74.5,0.4570552147239264,173.5,100.0,0.0,0.0,0.0,0.0,1.0,0.5,5.0,0.0,27160.0,1.0,2014,3.9,0.0,0.0,0.0
40.0,0.0,,154.0,50.9,21.4623039298364,76.0,0.4935064935064935,118.0,76.5,0.0,1.0,0.0,1.0,1.0,0.5,6.0,0.0,23520.0,1.0,2014,7.8,0.0,0.0,0.0
59.0,1.0,,150.0,47.0,20.88888888888889,73.5,0.49,114.5,60.0,0.0,0.0,0.0,0.0,1.0,0.5,8.0,0.0,15120.0,3.0,2014,5.0,0.0,0.0,0.0
36.0,1.0,7.0,176.0,62.5,20.176911157024794,84.0,0.4772727272727273,128.5,75.0,0.0,0.0,1.0,0.0,1.0,2.0,10.0,0.14285714285714285,23520.0,4.0,2014,3.3,0.0,0.0,0.0
35.0,1.0,4.0,168.0,60.3,21.36479591836735,76.0,0.4523809523809524,144.5,94.0,0.0,0.0,0.0,0.0,0.0,0.0,6.428571428571429,0.14285714285714285,14880.0,2.0,2014,3.9,0.0,0.0,0.0
64.0,1.0,4.0,162.0,64.9,24.729461972260324,81.0,0.5,164.5,91.0,0.0,1.0,0.0,0.0,0.0,0.0,0.8571428571428571,0.0,1120.0,3.0,2014,2.4,1.0,0.0,0.0
62.0,1.0,,155.0,57.2,23.80853277835588,90.5,0.5838709677419355,150.0,86.0,0.0,0.0,0.0,0.0,1.0,14.0,2.857142857142857,1.7142857142857142,16920.0,1.0,2014,6.3,1.0,0.0,1.0
33.0,1.0,7.0,173.0,55.5,18.54388719970597,76.0,0.4393063583815029,134.0,77.0,0.0,0.0,1.0,0.0,1.0,14.0,4.285714285714286,1.0,12240.0,1.0,2014,3.8,0.0,0.0,0.0
39.0,0.0,2.0,155.0,54.5,22.684703433922994,71.0,0.45806451612903226,116.0,83.5,0.0,0.0,0.0,0.0,0.0,0.0,1.1428571428571428,0.7142857142857143,18480.0,1.0,2014,3.6,0.0,0.0,0.0
40.0,1.0,,181.0,63.7,19.44385092030158,78.5,0.43370165745856354,114.5,77.0,0.0,0.0,0.0,0.0,1.0,2.0,4.285714285714286,0.2857142857142857,13680.0,1.0,2014,5.7,0.0,0.0,0.0
24.0,0.0,8.0,153.0,50.3,21.487462087231407,72.0,0.47058823529411764,122.5,74.0,0.0,0.0,0.0,0.0,0.0,0.0,2.857142857142857,0.2857142857142857,10920.0,,2014,,,1.0,1.0
54.0,1.0,6.0,164.0,53.6,19.92861392028555,72.0,0.43902439024390244,115.5,75.0,0.0,0.0,1.0,0.0,1.0,6.0,1.7142857142857142,0.8571428571428571,16200.0,0.3333333333333333,2014,4.9,0.0,0.0,0.0
45.0,0.0,5.0,155.0,50.3,20.936524453694066,73.0,0.47096774193548385,122.5,83.5,0.0,0.0,0.0,0.0,1.0,0.5,2.857142857142857,0.2857142857142857,5160.0,0.16666666666666666,2014,5.2,0.0,0.0,0.0
36.0,0.0,,156.0,38.3,15.73800131492439,61.0,0.391025641025641,103.5,60.5,0.0,0.0,0.0,0.0,0.0,0.0,6.428571428571429,0.5714285714285714,17520.0,0.16666666666666666,2014,2.8,1.0,0.0,0.0
27.0,1.0,8.0,172.0,51.6,17.44186046511628,71.0,0.4127906976744186,119.0,79.0,0.0,0.0,1.0,0.0,1.0,2.0,,0.8571428571428571,2000.0,0.3333333333333333,2014,4.9,0.0,0.0,0.0
43.0,0.0,,156.0,52.8,21.69625246548323,73.0,0.46794871794871795,138.0,99.5,0.0,1.0,0.0,0.0,0.0,0.0,0.8571428571428571,0.14285714285714285,12000.0,1.0,2014,3.2,1.0,0.0,0.0
34.0,0.0,,160.0,62.8,24.531249999999993,86.0,0.5375,114.5,79.5,0.0,0.0,0.0,0.0,0.0,0.0,2.2857142857142856,1.7142857142857142,19440.0,1.5,2014,4.0,1.0,0.0,0.0
44.0,0.0,13.0,164.0,77.1,28.66597263533611,80.0,0.4878048780487805,133.5,95.0,0.0,1.0,0.0,0.0,0.0,0.0,0.5714285714285714,0.8571428571428571,25800.0,1.0,2014,2.7,,0.0,0.0
50.0,1.0,17.0,166.0,77.0,27.94309769197271,73.0,0.4397590361445783,166.5,96.0,0.0,1.0,0.0,0.0,1.0,6.0,0.8571428571428571,1.7142857142857142,8280.0,8.0,2014,5.5,1.0,,0.0
59.0,0.0,,160.0,108.0,42.18749999999999,103.0,0.64375,143.5,90.5,0.0,1.0,0.0,0.0,0.0,0.0,0.42857142857142855,1.4285714285714286,240.0,8.0,2014,5.3,0.0,1.0,1.0
64.0,1.0,17.0,169.0,64.9,22.723294002310848,81.0,0.47928994082840237,184.0,90.0,1.0,0.0,0.0,0.0,1.0,0.5,3.0,2.0,14040.0,4.75,2014,,,0.0,0.0
50.0,0.0,7.0,158.0,76.6,30.68418522672648,89.0,0.5632911392405063,116.0,77.5,0.0,1.0,0.0,0.0,0.0,0.0,0.42857142857142855,0.8571428571428571,6900.0,6.5,2014,5.9,0.0,0.0,0.0
57.0,0.0,6.0,152.0,65.5,28.350069252077564,80.0,0.5263157894736842,144.5,83.0,1.0,1.0,0.0,0.0,0.0,0.0,0.2857142857142857,1.4285714285714286,3120.0,2.0,2014,5.8,0.0,1.0,1.0
60.0,0.0,,148.0,66.4,30.314097881665454,86.0,0.581081081081081,165.5,89.0,0.0,0.0,0.0,0.0,0.0,0.0,0.2857142857142857,2.5714285714285716,1120.0,2.0,2014,1.1,1.0,,0.0
64.0,0.0,,144.0,74.9,36.12075617283951,101.0,0.7013888888888888,143.0,89.0,,0.0,0.0,0.0,1.0,0.5,0.0,1.4285714285714286,11040.0,1.0,2014,3.8,1.0,,0.0
25.0,0.0,16.0,150.0,67.3,29.91111111111111,76.0,0.5066666666666667,105.5,58.0,,0.0,0.0,0.0,1.0,0.5,1.1428571428571428,0.2857142857142857,12000.0,4.5,2014,8.9,0.0,0.0,0.0
47.0,0.0,12.0,163.0,63.8,24.012947419925478,95.0,0.5828220858895705,121.5,81.5,0.0,0.0,0.0,0.0,1.0,2.0,2.5714285714285716,1.4285714285714286,2520.0,13.0,2014,11.0,1.0,0.0,1.0
53.0,0.0,10.0,,47.0,,67.0,,117.0,68.5,0.0,1.0,0.0,0.0,1.0,2.0,1.7142857142857142,1.4285714285714286,160.0,6.0,2014,1.1,1.0,0.0,0.0
42.0,0.0,3.0,175.0,96.4,31.477551020408164,102.0,0.5828571428571429,129.5,90.5,0.0,0.0,0.0,0.0,0.0,0.0,5.0,1.1428571428571428,240.0,4.0,2014,3.2,1.0,0.0,0.0
49.0,1.0,4.0,168.0,67.0,23.738662131519277,91.0,0.5416666666666666,142.5,92.5,0.0,0.0,0.0,0.0,0.0,0.0,1.1428571428571428,0.5714285714285714,43200.0,4.0,2014,2.4,1.0,0.0,0.0
51.0,0.0,3.0,160.0,63.9,24.960937499999993,71.0,0.44375,115.0,70.5,0.0,1.0,0.0,0.0,1.0,2.0,0.42857142857142855,1.1428571428571428,2160.0,15.166666666666666,2014,6.5,1.0,,1.0
31.0,0.0,,172.0,84.4,28.528934559221206,99.0,0.5755813953488372,114.0,75.5,0.0,0.0,0.0,0.0,0.0,0.0,0.42857142857142855,1.1428571428571428,1680.0,1.0,2014,4.6,0.0,0.0,0.0
45.0,0.0,8.0,156.0,65.5,26.914858645627874,77.0,0.4935897435897436,99.5,70.0,0.0,0.0,0.0,0.0,1.0,0.5,0.8571428571428571,0.42857142857142855,1680.0,4.5,2014,3.0,1.0,0.0,0.0
31.0,1.0,5.0,114.99999999999999,67.8,51.26654064272212,80.0,0.6956521739130436,122.5,71.0,0.0,0.0,0.0,0.0,1.0,6.0,0.14285714285714285,1.1428571428571428,10080.0,0.5,2014,4.5,1.0,,0.0
56.0,0.0,,168.0,84.8,30.045351473922906,90.0,0.5357142857142857,142.5,93.0,,0.0,0.0,0.0,0.0,0.0,0.2857142857142857,1.1428571428571428,0.0,1.0,2014,4.4,0.0,0.0,0.0
54.0,0.0,6.0,165.0,75.6,27.768595041322314,95.0,0.5757575757575758,106.5,71.0,0.0,1.0,0.0,0.0,0.0,0.0,0.42857142857142855,1.4285714285714286,17100.0,6.0,2014,5.0,0.0,0.0,0.0
54.0,0.0,3.0,158.0,58.9,23.593975324467227,88.0,0.5569620253164557,151.0,95.5,0.0,1.0,0.0,0.0,1.0,2.0,0.8571428571428571,1.1428571428571428,5760.0,10.0,2014,5.5,1.0,0.0,0.0
34.0,1.0,,171.0,64.8,22.1606648199446,70.0,0.4093567251461988,123.0,78.0,0.0,0.0,1.0,0.0,1.0,6.0,0.8571428571428571,0.8571428571428571,15660.0,10.0,2014,8.9,1.0,,1.0
49.0,0.0,7.0,165.0,78.5,28.83379247015611,95.0,0.5757575757575758,119.5,80.0,1.0,0.0,0.0,0.0,1.0,22.0,1.4285714285714286,0.8571428571428571,26880.0,2.0,2014,33.3,0.0,0.0,0.0
59.0,0.0,,165.0,70.0,25.71166207529844,92.0,0.5575757575757576,156.0,99.5,0.0,1.0,0.0,0.0,0.0,0.0,0.2857142857142857,1.4285714285714286,720.0,6.0,2014,3.8,0.0,0.0,0.0
31.0,0.0,14.0,165.0,51.5,18.916437098255283,78.0,0.4727272727272727,114.0,83.5,0.0,0.0,0.0,0.0,0.0,0.0,0.7142857142857143,0.8571428571428571,600.0,3.0,2014,4.5,0.0,0.0,0.0
63.0,1.0,,159.0,51.5,20.371029626992602,70.0,0.44025157232704404,197.5,99.0,0.0,1.0,0.0,0.0,0.0,0.0,0.2857142857142857,1.4285714285714286,1920.0,1.0,2014,4.8,1.0,,0.0
26.0,0.0,17.0,165.0,66.9,24.57300275482094,74.0,0.4484848484848485,105.0,60.5,0.0,0.0,0.0,0.0,1.0,0.5,3.5714285714285716,0.5714285714285714,3780.0,6.0,2014,3.9,1.0,0.0,0.0
52.0,0.0,13.0,152.0,54.5,23.58898891966759,75.0,0.4934210526315789,100.0,70.0,0.0,0.0,0.0,0.0,1.0,0.5,6.0,1.4285714285714286,3600.0,8.0,2014,4.6,1.0,0.0,0.0
49.0,0.0,11.0,160.0,67.9,26.523437499999996,80.0,0.5,120.0,81.5,0.0,0.0,0.0,0.0,0.0,0.0,1.4285714285714286,0.8571428571428571,540.0,0.8333333333333334,2014,3.0,0.0,0.0,0.0
48.0,0.0,4.0,165.0,93.7,34.416896235078056,103.0,0.6242424242424243,178.5,102.5,0.0,0.0,0.0,0.0,0.0,0.0,0.5714285714285714,0.8571428571428571,1000.0,1.0,2014,3.9,1.0,,0.0
36.0,0.0,5.0,175.0,77.0,25.142857142857142,80.0,0.45714285714285713,110.0,78.5,0.0,0.0,0.0,0.0,0.0,0.0,0.7142857142857143,1.1428571428571428,2100.0,0.75,2014,4.0,0.0,0.0,0.0
46.0,0.0,10.0,163.0,101.6,38.240054198502015,106.0,0.6503067484662577,158.0,103.5,1.0,1.0,0.0,0.0,1.0,0.5,1.1428571428571428,0.5714285714285714,4320.0,1.75,2014,6.6,0.0,0.0,0.0
38.0,1.0,,176.0,100.9,32.57360537190083,104.0,0.5909090909090909,130.0,77.5,0.0,0.0,1.0,0.0,1.0,6.0,0.42857142857142855,0.5714285714285714,480.0,0.5,2014,7.5,1.0,0.0,1.0
36.0,0.0,12.0,157.0,61.7,25.031441437786523,80.0,0.5095541401273885,153.5,113.0,0.0,0.0,0.0,0.0,0.0,0.0,1.2857142857142858,1.1428571428571428,9240.0,4.0,2014,3.6,1.0,0.0,0.0
48.0,0.0,15.0,162.0,84.0,32.00731595793324,96.0,0.5925925925925926,118.0,75.0,0.0,0.0,0.0,0.0,1.0,0.5,1.2857142857142858,0.8571428571428571,3360.0,2.0,2014,4.9,,0.0,0.0
27.0,0.0,15.0,170.0,65.2,22.560553633217996,80.0,0.47058823529411764,110.0,86.5,0.0,0.0,0.0,0.0,0.0,0.0,2.857142857142857,0.8571428571428571,500.0,2.0,2014,5.5,0.0,0.0,0.0
58.0,1.0,12.0,160.0,57.5,22.460937499999996,76.0,0.475,197.0,99.0,1.0,1.0,0.0,0.0,0.0,0.0,8.0,0.0,3360.0,8.0,2014,6.2,,0.0,0.0
40.0,1.0,8.0,164.0,61.1,22.717132659131472,77.0,0.4695121951219512,118.0,73.5,0.0,0.0,0.0,0.0,1.0,0.5,0.42857142857142855,1.4285714285714286,18000.0,3.75,2014,3.8,,0.0,0.0
53.0,1.0,17.0,165.0,88.4,32.470156106519745,102.0,0.6181818181818182,155.0,110.5,0.0,1.0,0.0,0.0,1.0,2.0,1.7142857142857142,1.4285714285714286,12600.0,8.0,2014,4.0,0.0,0.0,0.0
46.0,0.0,2.0,155.0,86.1,35.83766909469302,101.0,0.6516129032258065,157.0,101.5,0.0,1.0,0.0,0.0,0.0,0.0,0.2857142857142857,1.1428571428571428,240.0,1.5,2014,4.1,0.0,0.0,0.0
23.0,0.0,14.0,162.0,82.5,31.435756744398713,94.0,0.5802469135802469,122.0,74.0,0.0,0.0,0.0,0.0,0.0,0.0,1.2857142857142858,1.1428571428571428,12960.0,4.0,2014,3.7,1.0,0.0,0.0
29.0,1.0,12.0,176.0,72.7,23.46978305785124,79.0,0.44886363636363635,126.5,82.5,0.0,0.0,0.0,0.0,0.0,0.0,0.42857142857142855,0.8571428571428571,3360.0,1.0,2014,1.5,0.0,0.0,0.0
29.0,1.0,14.0,166.0,72.4,26.27376977790681,83.0,0.5,143.0,83.5,0.0,0.0,0.0,0.0,1.0,2.0,1.2857142857142858,0.7142857142857143,30960.0,3.0,2014,3.9,1.0,0.0,0.0
25.0,0.0,16.0,158.0,63.3,25.356513379266136,80.0,0.5063291139240507,109.5,61.0,0.0,0.0,0.0,0.0,0.0,0.0,0.5714285714285714,0.8571428571428571,10080.0,3.0,2014,3.3,1.0,0.0,0.0
51.0,0.0,5.0,165.0,76.6,28.135904499540864,84.0,0.509090909090909,187.5,111.0,0.0,0.0,0.0,0.0,0.0,0.0,0.2857142857142857,1.4285714285714286,5640.0,0.6666666666666666,2014,4.4,1.0,0.0,0.0
26.0,1.0,19.0,165.0,66.3,24.352617079889807,80.0,0.48484848484848486,137.5,78.5,0.0,0.0,0.0,0.0,1.0,0.5,0.8571428571428571,0.14285714285714285,18000.0,3.5,2014,3.9,0.0,0.0,0.0
34.0,0.0,7.0,160.0,65.0,25.390624999999996,80.0,0.5,113.5,75.5,0.0,0.0,0.0,0.0,0.0,0.0,0.42857142857142855,0.5714285714285714,600.0,0.6666666666666666,2014,4.6,1.0,0.0,0.0
48.0,1.0,3.0,160.0,65.5,25.585937499999996,94.0,0.5875,125.0,82.0,0.0,0.0,0.0,0.0,1.0,14.0,,1.1428571428571428,0.0,2.5,2014,3.9,1.0,0.0,0.0
24.0,1.0,5.0,160.0,68.4,26.718749999999996,75.0,0.46875,130.5,80.0,,0.0,1.0,0.0,1.0,6.0,0.2857142857142857,0.42857142857142855,1920.0,1.0,2014,3.7,1.0,,0.0
27.0,0.0,7.0,152.0,58.8,25.450138504155124,76.0,0.5,130.0,92.0,0.0,0.0,0.0,0.0,0.0,0.0,0.2857142857142857,0.8571428571428571,960.0,2.0,2014,3.9,1.0,0.0,0.0
30.0,0.0,7.0,160.0,55.6,21.718749999999996,73.0,0.45625,108.5,74.0,0.0,0.0,0.0,0.0,0.0,0.0,0.2857142857142857,1.1428571428571428,600.0,2.0,2014,4.4,1.0,,0.0
47.0,0.0,3.0,168.0,71.0,25.15589569160998,92.0,0.5476190476190477,122.5,90.5,0.0,0.0,0.0,0.0,0.0,0.0,0.42857142857142855,0.8571428571428571,2400.0,3.3666666666666667,2014,4.6,0.0,0.0,0.0
36.0,0.0,10.0,167.0,67.8,24.310660116891963,85.5,0.5119760479041916,162.0,105.0,0.0,0.0,0.0,0.0,0.0,0.0,5.0,0.42857142857142855,7440.0,2.0,2014,5.2,0.0,0.0,0.0
64.0,0.0,6.0,160.0,78.3,30.585937499999993,106.3,0.6643749999999999,177.0,100.0,0.0,1.0,0.0,0.0,0.0,0.0,5.0,0.2857142857142857,15960.0,4.0,2014,3.4,0.0,0.0,0.0
29.0,0.0,5.0,160.0,56.0,21.874999999999996,74.0,0.4625,118.5,68.0,0.0,0.0,0.0,0.0,0.0,0.0,1.2857142857142858,0.42857142857142855,13920.0,3.5,2014,4.7,1.0,0.0,0.0
48.0,0.0,6.0,168.0,59.2,20.97505668934241,76.0,0.4523809523809524,144.0,82.5,0.0,0.0,0.0,0.0,0.0,0.0,3.4285714285714284,0.7142857142857143,12180.0,2.0,2014,4.4,0.0,0.0,0.0
46.0,0.0,,169.0,70.4,24.648996883862615,89.0,0.5266272189349113,153.5,95.0,0.0,1.0,0.0,0.0,0.0,0.0,1.1428571428571428,0.42857142857142855,2880.0,3.75,2014,4.2,1.0,0.0,0.0
61.0,0.0,1.0,160.0,57.7,22.539062499999996,79.0,0.49375,123.5,70.5,0.0,0.0,0.0,0.0,0.0,0.0,3.0,1.0,9360.0,2.5,2014,6.7,0.0,0.0,0.0
40.0,1.0,,171.0,83.5,28.555794945453304,94.0,0.5497076023391813,158.0,96.5,1.0,1.0,0.0,0.0,0.0,0.0,0.5714285714285714,0.42857142857142855,54620.0,4.0,2014,5.2,0.0,0.0,0.0
37.0,0.0,,165.0,61.3,22.51606978879706,78.0,0.4727272727272727,111.0,84.0,0.0,0.0,0.0,0.0,0.0,0.0,0.2857142857142857,0.5714285714285714,1440.0,0.75,2014,4.1,0.0,0.0,0.0
39.0,0.0,7.0,160.0,58.5,22.851562499999996,76.0,0.475,117.5,75.0,0.0,0.0,0.0,0.0,0.0,0.0,1.1428571428571428,0.7142857142857143,2880.0,1.75,2014,3.8,1.0,0.0,0.0
41.0,1.0,7.0,160.0,56.7,22.148437499999996,73.0,0.45625,126.5,80.5,0.0,0.0,1.0,1.0,0.0,0.0,0.42857142857142855,1.4285714285714286,2160.0,1.5,2014,5.7,1.0,0.0,0.0
56.0,0.0,,157.0,45.7,18.540305894762465,73.0,0.46496815286624205,160.0,93.0,0.0,0.0,0.0,0.0,0.0,0.0,0.5714285714285714,1.4285714285714286,720.0,2.0,2014,5.6,0.0,0.0,0.0
63.0,0.0,,150.0,65.0,28.88888888888889,75.0,0.5,217.5,94.0,,0.0,0.0,0.0,0.0,0.0,0.14285714285714285,1.4285714285714286,4320.0,1.0,2014,5.6,0.0,0.0,0.0
58.0,0.0,,169.0,71.0,24.859073561850078,96.0,0.5680473372781065,129.5,86.5,0.0,0.0,0.0,0.0,0.0,0.0,0.42857142857142855,1.1428571428571428,3840.0,0.5,2014,4.3,0.0,0.0,0.0
36.0,0.0,7.0,160.0,52.6,20.546874999999996,70.0,0.4375,116.0,78.5,,1.0,0.0,0.0,0.0,0.0,5.0,0.42857142857142855,11400.0,3.0,2014,3.6,0.0,0.0,0.0
54.0,0.0,,157.0,57.8,23.44922714917441,72.0,0.4585987261146497,157.0,82.0,0.0,0.0,0.0,0.0,0.0,0.0,1.1428571428571428,1.0,8400.0,3.0,2014,6.5,0.0,0.0,0.0
37.0,0.0,8.0,156.0,64.1,26.339579224194605,84.0,0.5384615384615384,125.5,91.5,0.0,0.0,0.0,0.0,0.0,0.0,1.7142857142857142,0.5714285714285714,20640.0,2.0,2014,8.6,0.0,0.0,0.0
25.0,0.0,4.0,155.0,65.0,27.055150884495315,74.0,0.4774193548387097,140.5,90.0,0.0,0.0,0.0,0.0,0.0,0.0,2.0,0.42857142857142855,42720.0,1.0,2014,3.5,0.0,0.0,0.0
56.0,0.0,,150.0,54.7,24.311111111111114,98.0,0.6533333333333333,210.0,94.0,1.0,1.0,0.0,0.0,1.0,2.0,1.7142857142857142,1.0,240.0,3.0,2014,5.3,1.0,0.0,0.0
47.0,0.0,6.0,159.0,47.4,18.749258336299985,64.0,0.4025157232704403,115.5,71.0,0.0,0.0,0.0,0.0,0.0,0.0,2.142857142857143,0.5714285714285714,21160.0,3.0,2014,5.8,0.0,0.0,0.0
59.0,1.0,1.0,160.0,50.2,19.609374999999996,73.0,0.45625,103.0,66.5,0.0,0.0,0.0,0.0,1.0,14.0,0.5714285714285714,1.1428571428571428,2000.0,1.0,2014,4.6,0.0,0.0,0.0
26.0,0.0,,160.0,56.6,22.109374999999996,57.0,0.35625,113.0,77.5,0.0,0.0,0.0,0.0,0.0,0.0,0.42857142857142855,1.4285714285714286,2400.0,0.5,2014,5.7,1.0,0.0,0.0
51.0,0.0,,158.0,51.0,20.429418362441915,71.0,0.44936708860759494,112.0,71.5,0.0,0.0,0.0,0.0,1.0,14.0,0.2857142857142857,1.4285714285714286,2400.0,1.0,2014,4.5,0.0,0.0,0.0
36.0,0.0,,161.0,69.8,26.927973457814122,93.0,0.577639751552795,113.0,78.5,0.0,0.0,0.0,0.0,1.0,0.5,0.42857142857142855,2.0,6960.0,1.75,2014,4.0,1.0,,0.0
36.0,0.0,2.0,166.0,85.2,30.918856147481495,102.0,0.6144578313253012,120.5,86.5,0.0,0.0,0.0,0.0,0.0,0.0,2.142857142857143,2.0,0.0,,2014,7.1,0.0,0.0,0.0
37.0,0.0,1.0,160.0,53.0,20.703124999999996,84.0,0.525,118.5,81.0,0.0,1.0,0.0,0.0,0.0,0.0,0.42857142857142855,1.0,16800.0,3.0,2014,5.0,1.0,0.0,0.0
34.0,0.0,,158.0,58.0,23.233456176894723,80.0,0.5063291139240507,122.0,76.0,0.0,0.0,0.0,0.0,0.0,0.0,0.2857142857142857,0.2857142857142857,0.0,2.5,2014,3.4,0.0,0.0,0.0
56.0,1.0,,160.0,67.0,26.171874999999996,70.0,0.4375,128.0,73.5,0.0,0.0,1.0,0.0,0.0,0.0,0.0,0.42857142857142855,0.0,2.0,2014,3.4,0.0,0.0,0.0
37.0,1.0,5.0,163.0,64.0,24.088223117166624,72.0,0.44171779141104295,114.5,59.0,0.0,0.0,1.0,0.0,1.0,6.0,0.14285714285714285,1.1428571428571428,1440.0,2.0,2014,4.8,0.0,0.0,0.0
47.0,0.0,,163.0,73.0,27.475629493018182,80.0,0.49079754601226994,174.5,96.5,0.0,0.0,0.0,0.0,0.0,0.0,6.0,0.14285714285714285,8700.0,2.0,2014,3.8,1.0,0.0,0.0
41.0,0.0,6.0,153.0,53.0,22.64086462471699,64.0,0.41830065359477125,150.0,79.5,0.0,0.0,0.0,0.0,0.0,0.0,2.857142857142857,0.2857142857142857,24600.0,1.5,2014,4.6,1.0,0.0,0.0
27.0,0.0,5.0,160.0,72.0,28.124999999999993,58.0,0.3625,111.0,77.5,0.0,0.0,0.0,0.0,0.0,0.0,1.7142857142857142,0.14285714285714285,9960.0,1.75,2014,3.9,1.0,0.0,0.0
20.0,0.0,8.0,163.0,65.0,24.46460160337235,66.0,0.4049079754601227,126.5,79.0,0.0,0.0,0.0,0.0,0.0,0.0,0.5714285714285714,0.5714285714285714,1200.0,2.0,2014,3.5,0.0,0.0,0.0
57.0,1.0,3.0,160.0,60.0,23.437499999999996,90.0,0.5625,118.5,79.5,0.0,0.0,0.0,0.0,1.0,6.0,,,1440.0,1.0,2014,3.2,0.0,0.0,0.0
35.0,0.0,,160.0,68.5,26.757812499999996,83.0,0.51875,185.0,114.0,0.0,0.0,0.0,0.0,0.0,0.0,0.8571428571428571,0.2857142857142857,480.0,2.5,2014,4.4,0.0,0.0,0.0
24.0,0.0,7.0,160.0,58.0,22.656249999999996,67.0,0.41875,108.5,72.0,0.0,0.0,0.0,0.0,0.0,0.0,8.0,0.2857142857142857,9960.0,1.5,2014,3.1,1.0,0.0,0.0
47.0,0.0,2.0,160.0,54.3,21.210937499999996,78.0,0.4875,107.5,70.5,0.0,1.0,0.0,0.0,0.0,0.0,0.0,3.0,0.0,5.75,2014,5.2,0.0,0.0,0.0
30.0,0.0,3.0,148.0,37.5,17.120160701241783,64.0,0.43243243243243246,109.0,71.5,0.0,0.0,0.0,0.0,0.0,0.0,0.5714285714285714,1.1428571428571428,840.0,1.0,2014,4.3,0.0,0.0,0.0
30.0,1.0,16.0,173.0,57.1,19.078485749607403,69.0,0.3988439306358382,126.0,71.5,0.0,0.0,0.0,0.0,0.0,0.0,0.5714285714285714,0.8571428571428571,20400.0,2.0,2014,3.9,1.0,,0.0
63.0,0.0,,165.0,,,70.0,0.42424242424242425,121.5,71.5,0.0,0.0,0.0,0.0,0.0,0.0,4.0,0.8571428571428571,10440.0,2.0,2014,4.0,1.0,,0.0
39.0,0.0,,164.0,54.9,20.411957168352174,70.0,0.4268292682926829,115.5,77.5,0.0,0.0,0.0,0.0,0.0,0.0,0.2857142857142857,2.0,3360.0,0.75,2014,3.7,1.0,,0.0
27.0,0.0,8.0,148.0,48.2,22.00511322132944,71.0,0.4797297297297297,103.0,65.0,0.0,0.0,0.0,0.0,1.0,0.5,2.5714285714285716,0.8571428571428571,18600.0,3.0,2014,1.9,,0.0,0.0
30.0,1.0,3.0,160.0,65.5,25.585937499999996,80.0,0.5,139.0,82.0,0.0,0.0,0.0,0.0,1.0,6.0,0.2857142857142857,0.8571428571428571,27360.0,2.0,2014,3.9,1.0,0.0,0.0
35.0,0.0,5.0,160.0,74.4,29.062499999999996,91.0,0.56875,138.5,94.5,0.0,1.0,0.0,0.0,1.0,0.5,0.8571428571428571,0.8571428571428571,13560.0,5.0,2014,5.2,1.0,0.0,0.0
45.0,0.0,5.0,160.0,83.1,32.46093749999999,93.0,0.58125,153.5,99.0,,0.0,0.0,0.0,0.0,0.0,0.42857142857142855,0.8571428571428571,2520.0,2.0,2014,4.2,1.0,0.0,0.0
26.0,0.0,7.0,148.0,148.5,67.79583637691746,68.0,0.4594594594594595,101.0,72.0,,0.0,0.0,0.0,1.0,0.5,4.0,0.8571428571428571,5040.0,9.0,2014,5.7,0.0,0.0,0.0
24.0,0.0,7.0,166.0,,,83.0,0.5,120.5,82.5,0.0,0.0,0.0,0.0,0.0,0.0,3.0,1.7142857142857142,3600.0,1.0,2014,4.2,0.0,0.0,0.0
45.0,0.0,7.0,168.0,56.7,20.08928571428572,75.0,0.44642857142857145,133.5,89.5,,0.0,0.0,0.0,0.0,0.0,2.2857142857142856,0.8571428571428571,13320.0,2.0,2014,7.3,1.0,0.0,1.0
25.0,0.0,2.0,142.0,50.0,24.79666732791113,74.0,0.5211267605633803,114.0,62.0,,0.0,0.0,0.0,0.0,0.0,1.0,1.4285714285714286,0.0,1.75,2014,5.5,1.0,0.0,0.0
46.0,0.0,4.0,168.0,,,80.0,0.47619047619047616,133.0,86.0,0.0,0.0,0.0,0.0,0.0,0.0,0.7142857142857143,0.8571428571428571,18060.0,3.75,2014,7.1,1.0,0.0,1.0
42.0,0.0,,148.0,48.5,22.142074506939373,68.0,0.4594594594594595,106.0,72.0,,0.0,0.0,0.0,0.0,0.0,0.2857142857142857,1.1428571428571428,1680.0,,2014,5.7,0.0,0.0,0.0
53.0,1.0,6.0,168.0,86.7,30.718537414965994,103.0,0.6130952380952381,139.0,77.0,0.0,0.0,0.0,0.0,1.0,2.0,0.42857142857142855,1.1428571428571428,2880.0,1.5,2014,9.0,1.0,0.0,1.0
52.0,1.0,5.0,158.0,56.0,22.432302515622492,76.0,0.4810126582278481,131.0,79.5,0.0,0.0,0.0,0.0,0.0,0.0,0.42857142857142855,1.4285714285714286,1200.0,1.5,2014,6.7,0.0,0.0,0.0
27.0,0.0,8.0,160.0,51.7,20.195312499999996,50.0,0.3125,124.0,79.0,0.0,1.0,0.0,0.0,0.0,0.0,1.4285714285714286,0.8571428571428571,1620.0,2.0,2014,4.4,1.0,,0.0
64.0,1.0,3.0,161.0,61.8,23.841672774970096,85.0,0.5279503105590062,120.5,63.5,0.0,1.0,0.0,0.0,1.0,6.0,0.2857142857142857,1.1428571428571428,1080.0,2.0,2014,1.1,1.0,0.0,0.0
41.0,0.0,6.0,148.0,48.0,21.91380569758948,70.0,0.47297297297297297,118.0,77.5,0.0,0.0,0.0,0.0,0.0,0.0,0.2857142857142857,0.8571428571428571,0.0,2.0,2014,5.7,1.0,0.0,0.0
39.0,1.0,5.0,140.0,69.1,35.255102040816325,78.0,0.5571428571428572,136.5,90.5,,0.0,0.0,0.0,0.0,0.0,0.42857142857142855,1.4285714285714286,1920.0,1.0,2014,7.8,1.0,0.0,1.0
31.0,1.0,3.0,168.0,61.9,21.93168934240363,72.0,0.42857142857142855,114.5,72.0,0.0,0.0,1.0,0.0,1.0,0.5,1.1428571428571428,1.4285714285714286,7840.0,0.03333333333333333,2014,3.4,0.0,0.0,0.0
33.0,1.0,8.0,163.0,93.8,35.30430200609733,98.0,0.6012269938650306,141.5,83.5,0.0,0.0,0.0,0.0,0.0,0.0,0.2857142857142857,0.5714285714285714,12020.0,0.03333333333333333,2014,2.7,0.0,0.0,0.0
64.0,0.0,2.0,165.0,70.9,26.042240587695137,96.0,0.5818181818181818,141.5,73.5,1.0,1.0,0.0,0.0,1.0,22.0,0.42857142857142855,2.0,96.0,0.03333333333333333,2014,7.7,0.0,0.0,0.0
44.0,0.0,5.0,163.0,79.0,29.733900410252552,102.0,0.6257668711656442,125.5,77.5,0.0,0.0,0.0,0.0,0.0,0.0,1.1428571428571428,2.0,5760.0,1.0,2014,6.9,0.0,0.0,0.0
35.0,1.0,,163.0,54.0,20.32443825510934,78.0,0.4785276073619632,130.0,83.5,0.0,0.0,1.0,0.0,1.0,22.0,0.2857142857142857,1.4285714285714286,0.0,2.0,2014,3.7,0.0,0.0,0.0
58.0,0.0,,160.0,56.0,21.874999999999996,89.0,0.55625,187.0,111.0,0.0,1.0,1.0,1.0,1.0,22.0,1.4285714285714286,1.4285714285714286,0.0,3.0,2014,3.4,0.0,0.0,0.0
37.0,0.0,5.0,165.0,52.9,19.43067033976125,76.0,0.46060606060606063,125.5,84.0,0.0,0.0,1.0,0.0,0.0,0.0,1.7142857142857142,0.8571428571428571,10200.0,6.0,2014,3.4,0.0,0.0,0.0
25.0,0.0,7.0,166.0,60.0,21.773842357381334,82.0,0.4939759036144578,117.5,74.5,0.0,0.0,0.0,0.0,0.0,0.0,3.4285714285714284,1.0,9840.0,1.5,2014,5.0,1.0,0.0,0.0
47.0,1.0,8.0,164.0,48.0,17.846519928613922,82.0,0.5,113.0,82.5,0.0,0.0,1.0,0.0,1.0,14.0,1.7142857142857142,1.0,10840.0,1.5,2014,7.4,1.0,0.0,1.0
39.0,0.0,,166.0,76.0,27.58020031934969,89.0,0.536144578313253,111.0,73.0,0.0,0.0,0.0,0.0,1.0,6.0,1.1428571428571428,1.0,19320.0,1.5,2014,4.0,1.0,0.0,0.0
31.0,0.0,,151.0,61.0,26.753212578395683,94.0,0.6225165562913907,129.5,82.5,0.0,0.0,0.0,0.0,0.0,0.0,0.5714285714285714,1.0,9600.0,1.5,2014,4.9,1.0,0.0,0.0
47.0,1.0,4.0,180.0,71.7,22.12962962962963,85.0,0.4722222222222222,125.0,61.5,0.0,0.0,0.0,0.0,1.0,14.0,1.1428571428571428,1.7142857142857142,30000.0,2.0,2014,4.5,1.0,0.0,0.0
27.0,0.0,,173.0,63.4,21.183467539844298,75.0,0.43352601156069365,118.5,79.0,0.0,0.0,0.0,0.0,1.0,22.0,0.7142857142857143,2.0,6840.0,1.5,2014,6.0,0.0,0.0,0.0
33.0,0.0,,163.0,48.1,18.103805186495542,82.0,0.5030674846625767,132.0,85.5,,0.0,0.0,0.0,0.0,0.0,0.0,0.42857142857142855,1080.0,1.0,2014,4.2,0.0,0.0,0.0
50.0,0.0,4.0,160.0,47.9,18.710937499999996,74.0,0.4625,123.5,81.5,0.0,1.0,0.0,0.0,1.0,6.0,0.2857142857142857,0.8571428571428571,3360.0,1.5,2014,6.9,0.0,0.0,0.0
36.0,0.0,10.0,158.0,53.9,21.59109117128665,70.0,0.4430379746835443,105.0,74.5,0.0,0.0,0.0,0.0,0.0,0.0,0.14285714285714285,0.14285714285714285,1080.0,1.0,2014,4.9,0.0,0.0,0.0
64.0,0.0,3.0,160.0,68.5,26.757812499999996,97.0,0.60625,124.5,70.0,0.0,1.0,0.0,0.0,0.0,0.0,0.2857142857142857,1.1428571428571428,3720.0,1.5,2014,5.2,1.0,0.0,0.0
39.0,0.0,6.0,155.0,42.5,17.68990634755463,64.0,0.4129032258064516,111.5,65.0,0.0,1.0,0.0,0.0,0.0,0.0,0.5714285714285714,1.1428571428571428,720.0,1.5,2014,3.1,0.0,0.0,0.0
55.0,0.0,5.0,158.0,45.9,18.386476526197722,73.0,0.4620253164556962,101.5,62.5,0.0,0.0,0.0,0.0,0.0,0.0,1.1428571428571428,0.8571428571428571,1800.0,1.0,2014,6.1,0.0,0.0,0.0
59.0,0.0,,162.0,68.4,26.063100137174207,92.0,0.5679012345679012,186.0,92.0,0.0,0.0,0.0,0.0,0.0,0.0,0.5714285714285714,1.1428571428571428,0.0,1.5,2014,6.1,0.0,0.0,0.0
63.0,0.0,,163.0,65.1,24.502239451992924,85.0,0.5214723926380368,130.0,70.5,0.0,1.0,0.0,0.0,0.0,0.0,1.0,1.1428571428571428,0.0,2.5,2014,5.5,0.0,0.0,0.0
61.0,0.0,,160.0,52.2,20.390624999999996,87.0,0.54375,129.5,85.0,0.0,1.0,0.0,0.0,0.0,0.0,2.857142857142857,2.5714285714285716,2400.0,3.0,2014,5.9,1.0,0.0,0.0
55.0,0.0,,170.0,51.6,17.85467128027682,78.0,0.4588235294117647,184.0,91.0,0.0,0.0,0.0,0.0,1.0,2.0,1.0,1.4285714285714286,1800.0,1.5,2014,3.6,1.0,,0.0
64.0,0.0,,152.0,56.8,24.58448753462604,92.0,0.6052631578947368,214.0,69.5,0.0,0.0,0.0,0.0,0.0,0.0,0.2857142857142857,1.1428571428571428,0.0,3.0,2014,6.9,0.0,0.0,0.0
29.0,0.0,5.0,163.0,74.4,28.0025593737062,89.0,0.5460122699386503,126.5,82.0,0.0,0.0,0.0,0.0,0.0,0.0,1.4285714285714286,1.1428571428571428,6160.0,1.5,2014,5.2,0.0,0.0,0.0
60.0,0.0,,168.0,60.9,21.577380952380956,82.0,0.4880952380952381,162.0,74.0,0.0,0.0,0.0,0.0,0.0,0.0,1.1428571428571428,0.8571428571428571,17400.0,2.0,2014,5.3,1.0,0.0,0.0
29.0,0.0,7.0,152.0,68.3,29.56198060941828,79.0,0.5197368421052632,161.0,107.0,0.0,1.0,0.0,0.0,0.0,0.0,5.0,1.7142857142857142,900.0,1.5,2014,4.9,1.0,0.0,0.0
47.0,0.0,3.0,165.0,61.7,22.662993572084485,83.0,0.503030303030303,133.0,83.0,,0.0,0.0,0.0,1.0,2.0,0.8571428571428571,0.8571428571428571,8040.0,1.0,2014,4.5,0.0,0.0,0.0
26.0,0.0,5.0,168.0,61.3,21.719104308390026,71.0,0.4226190476190476,121.5,71.0,0.0,1.0,0.0,0.0,1.0,6.0,0.42857142857142855,1.4285714285714286,4200.0,1.0,2014,4.3,0.0,0.0,0.0
29.0,1.0,7.0,170.0,69.0,23.87543252595156,77.0,0.45294117647058824,149.0,85.5,0.0,0.0,0.0,0.0,0.0,0.0,5.0,0.14285714285714285,1800.0,2.0,2014,4.5,0.0,0.0,0.0
53.0,0.0,,170.0,63.0,21.79930795847751,58.0,0.3411764705882353,158.0,96.0,0.0,0.0,0.0,1.0,1.0,14.0,0.14285714285714285,1.4285714285714286,0.0,2.0,2014,3.8,0.0,0.0,0.0
49.0,0.0,,160.0,59.0,23.046874999999996,52.0,0.325,130.0,71.5,0.0,0.0,0.0,0.0,1.0,2.0,0.2857142857142857,1.4285714285714286,1080.0,1.0,2014,3.4,0.0,0.0,0.0
35.0,1.0,7.0,163.0,63.0,23.711844630960897,,,134.5,92.0,0.0,0.0,1.0,0.0,1.0,22.0,0.2857142857142857,1.4285714285714286,0.0,1.0,2014,3.6,,0.0,0.0
51.0,1.0,,165.0,65.7,24.13223140495868,70.0,0.42424242424242425,206.5,78.5,0.0,0.0,0.0,0.0,0.0,0.0,0.14285714285714285,1.4285714285714286,1800.0,2.5,2014,4.4,0.0,0.0,0.0
32.0,1.0,5.0,163.0,68.0,25.59373706198954,63.0,0.38650306748466257,111.0,66.5,0.0,0.0,0.0,0.0,1.0,22.0,0.14285714285714285,1.1428571428571428,9600.0,1.0,2014,3.5,0.0,0.0,0.0
59.0,1.0,3.0,160.0,58.5,22.851562499999996,78.0,0.4875,141.5,72.5,0.0,0.0,0.0,0.0,1.0,14.0,0.14285714285714285,1.7142857142857142,0.0,2.0,2014,3.6,0.0,0.0,0.0
35.0,1.0,6.0,171.0,73.0,24.96494647925858,74.0,0.4327485380116959,121.0,71.0,,0.0,0.0,0.0,0.0,0.0,4.0,0.2857142857142857,59760.0,1.5,2014,3.3,0.0,0.0,0.0
52.0,0.0,,165.0,68.5,25.160697887970617,85.0,0.5151515151515151,129.0,75.5,0.0,0.0,0.0,0.0,0.0,0.0,2.857142857142857,1.0,12120.0,2.5,2014,4.0,0.0,0.0,0.0
30.0,0.0,,163.0,58.0,21.829952199932254,66.0,0.4049079754601227,110.5,64.0,0.0,0.0,0.0,0.0,0.0,0.0,8.0,1.0,10560.0,1.5,2014,3.4,0.0,0.0,0.0
55.0,1.0,,168.0,59.7,21.152210884353746,77.0,0.4583333333333333,88.5,72.0,0.0,0.0,0.0,0.0,1.0,14.0,0.14285714285714285,1.4285714285714286,1440.0,1.5,2014,6.2,1.0,0.0,1.0
30.0,1.0,7.0,170.0,75.0,25.95155709342561,74.0,0.43529411764705883,122.0,78.0,0.0,0.0,0.0,0.0,1.0,6.0,4.571428571428571,0.5714285714285714,23760.0,0.5,2014,2.8,0.0,0.0,0.0
22.0,0.0,11.0,167.0,73.0,26.175194521137367,63.0,0.3772455089820359,137.0,73.0,0.0,0.0,0.0,0.0,0.0,0.0,5.0,0.42857142857142855,15000.0,2.0,2014,3.0,0.0,0.0,0.0
31.0,0.0,14.0,160.0,64.0,24.999999999999996,92.0,0.575,137.0,92.0,0.0,0.0,0.0,0.0,0.0,0.0,5.0,0.42857142857142855,25600.0,1.5,2014,3.6,0.0,0.0,0.0
31.0,0.0,5.0,163.0,71.0,26.722872520606725,73.0,0.44785276073619634,133.5,73.5,0.0,0.0,0.0,0.0,1.0,30.0,2.857142857142857,0.8571428571428571,12480.0,2.5,2014,3.4,0.0,0.0,0.0
29.0,1.0,18.0,162.0,59.0,22.481329065691202,72.0,0.4444444444444444,143.5,98.0,0.0,0.0,0.0,0.0,0.0,0.0,5.0,0.14285714285714285,34080.0,1.0,2014,3.8,0.0,0.0,0.0
48.0,0.0,2.0,163.0,53.9,20.286800406488766,70.0,0.4294478527607362,114.0,73.0,0.0,1.0,0.0,0.0,0.0,0.0,0.42857142857142855,1.1428571428571428,4880.0,2.0,2014,4.0,1.0,0.0,0.0
52.0,0.0,,160.0,58.0,22.656249999999996,70.0,0.4375,144.0,81.0,0.0,1.0,0.0,0.0,1.0,6.0,0.7142857142857143,1.0,720.0,2.5,2014,2.4,0.0,0.0,0.0
27.0,0.0,,154.0,63.0,26.564344746162927,77.0,0.5,130.0,78.0,0.0,0.0,0.0,0.0,0.0,0.0,1.1428571428571428,1.4285714285714286,1080.0,1.0,2014,3.2,0.0,0.0,0.0
26.0,0.0,,160.0,65.3,25.507812499999993,73.0,0.45625,115.0,75.0,0.0,0.0,0.0,0.0,0.0,0.0,0.8571428571428571,1.4285714285714286,400.0,,2014,4.1,0.0,0.0,0.0
44.0,0.0,,163.0,68.0,25.59373706198954,79.0,0.48466257668711654,120.0,78.0,0.0,0.0,0.0,0.0,0.0,0.0,0.2857142857142857,1.4285714285714286,900.0,0.5,2014,4.2,1.0,0.0,0.0
30.0,1.0,5.0,169.0,46.9,16.420993662686882,67.0,0.39644970414201186,95.0,58.0,0.0,0.0,1.0,0.0,0.0,0.0,1.7142857142857142,0.2857142857142857,2520.0,6.0,2014,5.0,1.0,0.0,0.0
47.0,0.0,5.0,158.0,66.6,26.67841692036532,84.5,0.5348101265822784,142.0,86.0,0.0,1.0,0.0,0.0,0.0,0.0,0.2857142857142857,0.5714285714285714,13080.0,4.0,2014,6.3,1.0,0.0,1.0
45.0,0.0,11.0,146.0,60.5,28.38243572902984,76.8,0.5260273972602739,120.0,71.0,0.0,0.0,0.0,0.0,0.0,0.0,0.8571428571428571,0.8571428571428571,31920.0,0.5,2014,3.3,1.0,0.0,0.0
32.0,0.0,12.0,153.0,53.5,22.85445768721432,64.2,0.4196078431372549,116.5,72.0,0.0,0.0,0.0,0.0,0.0,0.0,0.8571428571428571,0.2857142857142857,0.0,1.5,2014,4.4,1.0,0.0,0.0
37.0,0.0,8.0,158.0,54.3,21.751321903541093,71.5,0.4525316455696203,107.5,66.0,0.0,0.0,0.0,0.0,1.0,0.5,0.42857142857142855,0.42857142857142855,18240.0,1.0,2014,4.5,1.0,0.0,0.0
38.0,0.0,10.0,160.0,70.9,27.695312499999996,77.7,0.48562500000000003,105.0,59.5,0.0,1.0,0.0,0.0,0.0,0.0,0.2857142857142857,0.5714285714285714,500.0,6.0,2014,5.0,1.0,0.0,0.0
27.0,0.0,8.0,154.0,54.9,23.148928993084837,65.4,0.4246753246753247,113.5,78.0,0.0,0.0,0.0,0.0,0.0,0.0,1.7142857142857142,0.5714285714285714,600.0,6.0,2014,6.2,1.0,0.0,1.0
44.0,1.0,13.0,100.0,79.6,,95.4,0.9540000000000001,149.5,91.5,0.0,0.0,0.0,0.0,0.0,0.0,0.8571428571428571,0.8571428571428571,3360.0,1.0,2014,5.1,1.0,0.0,0.0
32.0,1.0,12.0,174.0,85.5,28.240190249702735,88.7,0.5097701149425288,118.0,63.5,0.0,0.0,0.0,0.0,1.0,6.0,0.42857142857142855,0.8571428571428571,3480.0,0.5,2014,6.1,1.0,0.0,1.0
62.0,0.0,7.0,151.0,75.6,33.1564405069953,95.3,0.6311258278145695,184.0,106.0,0.0,0.0,0.0,0.0,0.0,0.0,5.0,0.8571428571428571,4440.0,4.0,2014,2.8,1.0,0.0,0.0
40.0,0.0,12.0,156.0,57.9,23.791913214990135,88.1,0.5647435897435897,150.0,94.0,0.0,1.0,0.0,0.0,0.0,0.0,0.2857142857142857,0.5714285714285714,672.0,0.5,2014,5.2,1.0,0.0,0.0
39.0,1.0,7.0,178.0,57.1,18.021714429996212,69.0,0.38764044943820225,132.0,88.5,0.0,0.0,0.0,0.0,1.0,30.0,10.0,2.0,33600.0,3.0,2014,5.2,1.0,0.0,0.0
56.0,0.0,,158.0,53.4,21.39080275596859,84.0,0.5316455696202531,191.0,94.0,0.0,0.0,0.0,0.0,1.0,14.0,0.5714285714285714,2.0,10020.0,2.0,2014,5.4,1.0,0.0,0.0
36.0,0.0,7.0,160.0,61.5,24.023437499999996,76.2,0.47625,126.5,84.5,0.0,1.0,0.0,0.0,0.0,0.0,5.0,2.142857142857143,8520.0,1.5,2014,6.1,1.0,0.0,1.0
51.0,0.0,,158.0,43.3,17.34497676654382,69.6,0.440506329113924,132.5,67.5,0.0,0.0,1.0,1.0,1.0,22.0,2.142857142857143,1.7142857142857142,16800.0,3.6666666666666665,2014,5.7,1.0,0.0,0.0
57.0,0.0,2.0,138.0,55.7,29.248057130854868,68.0,0.4927536231884058,146.5,98.5,0.0,0.0,0.0,0.0,0.0,0.0,4.285714285714286,1.4285714285714286,13140.0,3.75,2014,3.0,1.0,0.0,0.0
60.0,1.0,2.0,168.0,59.4,21.045918367346943,68.7,0.4089285714285714,140.5,86.5,0.0,0.0,1.0,0.0,1.0,22.0,0.8571428571428571,0.8571428571428571,5180.0,3.5,2014,3.7,1.0,0.0,0.0
38.0,0.0,8.0,154.0,50.0,21.0828132906055,69.6,0.45194805194805193,142.0,103.5,0.0,0.0,0.0,0.0,0.0,0.0,0.14285714285714285,0.8571428571428571,6720.0,2.6666666666666665,2014,7.5,0.0,0.0,0.0
44.0,0.0,5.0,169.0,65.7,23.003396239627467,68.1,0.4029585798816568,112.0,73.5,0.0,0.0,0.0,0.0,0.0,0.0,1.4285714285714286,0.2857142857142857,16480.0,,2014,4.9,1.0,0.0,0.0
46.0,0.0,4.0,178.0,102.0,32.19290493624542,103.0,0.5786516853932584,120.5,94.0,0.0,1.0,0.0,0.0,0.0,0.0,0.14285714285714285,0.8571428571428571,1000.0,4.5,2014,6.7,0.0,0.0,0.0
54.0,0.0,,148.0,60.4,27.574872169466765,86.8,0.5864864864864865,156.0,83.0,0.0,0.0,0.0,0.0,1.0,0.5,10.0,1.0,20400.0,2.0,2014,11.9,1.0,0.0,1.0
57.0,1.0,,167.0,57.0,20.43816558499767,74.7,0.4473053892215569,125.5,72.5,0.0,0.0,0.0,0.0,0.0,0.0,4.0,0.5714285714285714,14400.0,3.0,2014,8.9,,0.0,0.0
53.0,1.0,,167.0,88.7,31.804654164724447,100.0,0.5988023952095808,162.0,84.5,0.0,1.0,0.0,0.0,0.0,0.0,1.7142857142857142,2.0,9120.0,2.0,2014,33.0,1.0,0.0,1.0
62.0,1.0,,155.0,53.1,22.10197710718002,77.0,0.4967741935483871,127.0,70.5,0.0,0.0,0.0,0.0,1.0,2.0,1.1428571428571428,1.1428571428571428,21360.0,1.0,2014,4.9,1.0,0.0,0.0
55.0,1.0,5.0,154.0,43.2,18.21555068308315,66.0,0.42857142857142855,117.0,89.0,0.0,1.0,0.0,0.0,0.0,0.0,3.0,0.2857142857142857,1260.0,8.0,2014,8.4,1.0,0.0,1.0
32.0,1.0,6.0,172.0,68.3,23.086803677663603,78.5,0.4563953488372093,109.0,68.5,0.0,1.0,0.0,0.0,1.0,6.0,2.5714285714285716,0.2857142857142857,44640.0,4.0,2014,4.9,1.0,0.0,0.0
60.0,0.0,2.0,159.0,89.0,35.20430362722993,97.3,0.6119496855345912,133.0,85.5,0.0,0.0,0.0,0.0,0.0,0.0,2.5714285714285716,3.0,5040.0,5.0,2014,5.3,1.0,0.0,0.0
28.0,0.0,5.0,158.0,60.5,24.234898253485014,79.0,0.5,118.0,68.0,0.0,0.0,0.0,0.0,0.0,0.0,1.1428571428571428,0.5714285714285714,1440.0,5.0,2014,6.8,1.0,0.0,1.0
34.0,0.0,7.0,155.0,69.6,28.96982310093652,87.7,0.5658064516129032,145.0,99.5,0.0,0.0,0.0,0.0,0.0,0.0,0.8571428571428571,0.8571428571428571,0.0,1.0,2014,5.7,1.0,0.0,0.0
52.0,0.0,4.0,152.0,77.7,33.63054016620499,93.0,0.6118421052631579,124.0,77.0,0.0,0.0,0.0,0.0,0.0,0.0,1.1428571428571428,1.4285714285714286,0.0,6.0,2014,5.2,1.0,0.0,0.0
54.0,0.0,,166.0,98.6,35.78168094062999,107.5,0.6475903614457831,140.5,88.5,0.0,1.0,0.0,0.0,1.0,2.0,4.285714285714286,0.8571428571428571,960.0,6.0,2014,12.4,1.0,1.0,1.0
45.0,0.0,,163.0,68.8,25.89483985095412,78.5,0.4815950920245399,107.0,71.0,0.0,0.0,0.0,0.0,0.0,0.0,0.8571428571428571,0.8571428571428571,1680.0,5.0,2014,7.1,1.0,0.0,1.0
48.0,0.0,2.0,173.0,116.4,38.89204450532928,102.8,0.5942196531791908,186.5,102.5,0.0,0.0,0.0,0.0,0.0,0.0,0.2857142857142857,0.2857142857142857,840.0,3.0,2014,9.1,1.0,0.0,1.0
37.0,0.0,2.0,142.0,42.4,21.027573894068638,61.0,0.4295774647887324,91.5,60.5,0.0,0.0,0.0,0.0,0.0,0.0,1.7142857142857142,0.8571428571428571,9240.0,2.5,2014,7.3,1.0,0.0,1.0
64.0,0.0,2.0,142.0,48.9,24.251140646697085,77.4,0.5450704225352113,162.0,102.5,0.0,0.0,0.0,0.0,0.0,0.0,1.4285714285714286,0.8571428571428571,10680.0,2.0,2014,8.6,1.0,0.0,1.0
60.0,0.0,2.0,158.0,79.8,31.96603108476205,88.9,0.5626582278481013,176.0,106.5,0.0,0.0,0.0,0.0,0.0,0.0,1.4285714285714286,1.7142857142857142,15480.0,2.0,2014,6.2,1.0,0.0,1.0
60.0,0.0,2.0,144.0,57.5,27.729552469135804,82.0,0.5694444444444444,154.0,88.5,0.0,0.0,0.0,0.0,1.0,6.0,4.285714285714286,1.7142857142857142,12480.0,1.0,2014,1.1,1.0,0.0,0.0
34.0,1.0,10.0,168.0,62.2,22.037981859410436,72.0,0.42857142857142855,112.0,67.5,0.0,0.0,0.0,0.0,1.0,14.0,2.142857142857143,2.5714285714285716,20520.0,2.0,2014,7.4,1.0,0.0,1.0
34.0,1.0,,169.0,62.6,21.918000070025563,66.8,0.3952662721893491,153.0,100.5,0.0,0.0,1.0,0.0,1.0,30.0,1.7142857142857142,0.14285714285714285,31440.0,2.0,2014,3.8,1.0,0.0,0.0
31.0,1.0,6.0,158.0,55.3,22.15189873417721,69.0,0.43670886075949367,138.5,77.0,0.0,0.0,0.0,0.0,1.0,0.5,0.8571428571428571,1.2857142857142858,22320.0,2.0,2014,6.0,0.0,0.0,0.0
33.0,0.0,7.0,153.0,53.6,22.897176299713784,66.0,0.43137254901960786,155.5,95.5,0.0,0.0,0.0,0.0,0.0,0.0,0.8571428571428571,0.42857142857142855,4560.0,1.0,2014,4.6,1.0,0.0,0.0
64.0,0.0,3.0,155.0,71.8,29.885535900104053,87.0,0.5612903225806452,125.0,82.0,1.0,1.0,0.0,0.0,1.0,6.0,4.571428571428571,2.5714285714285716,10200.0,3.0,2014,4.9,1.0,0.0,0.0
33.0,0.0,8.0,148.0,87.8,40.084002921840764,109.4,0.7391891891891892,139.5,91.0,0.0,1.0,0.0,0.0,1.0,2.0,4.285714285714286,1.1428571428571428,7440.0,3.0,2014,17.8,1.0,0.0,1.0
52.0,0.0,,171.0,74.9,25.61471905885572,91.2,0.5333333333333333,156.5,84.0,0.0,0.0,0.0,0.0,1.0,6.0,1.7142857142857142,2.142857142857143,12360.0,2.0,2014,7.8,1.0,0.0,1.0
51.0,1.0,3.0,171.0,58.3,19.93775862658596,71.2,0.41637426900584795,161.5,91.0,0.0,0.0,1.0,0.0,1.0,14.0,1.1428571428571428,0.2857142857142857,2880.0,4.0,2014,6.3,1.0,0.0,1.0
28.0,1.0,6.0,162.0,59.0,22.481329065691202,69.5,0.42901234567901236,128.5,79.0,1.0,0.0,0.0,0.0,0.0,0.0,2.142857142857143,1.1428571428571428,10320.0,1.0,2014,4.9,1.0,0.0,0.0
35.0,1.0,5.0,177.0,76.7,24.482109227871938,79.5,0.4491525423728814,109.0,69.0,0.0,0.0,0.0,0.0,1.0,6.0,1.7142857142857142,0.2857142857142857,240.0,0.5,2014,6.1,1.0,0.0,1.0
40.0,0.0,,158.0,68.0,27.239224483255885,84.5,0.5348101265822784,109.5,66.5,0.0,0.0,0.0,0.0,0.0,0.0,2.142857142857143,3.0,17280.0,2.0,2014,3.0,1.0,0.0,0.0
38.0,0.0,5.0,167.0,59.4,21.298719925418624,69.0,0.41317365269461076,105.5,70.0,0.0,0.0,0.0,0.0,0.0,0.0,1.4285714285714286,2.0,1440.0,5.0,2014,5.0,1.0,0.0,0.0
57.0,0.0,,158.0,75.7,30.323666079153977,90.3,0.5715189873417721,123.0,84.0,0.0,0.0,0.0,0.0,0.0,0.0,2.0,1.1428571428571428,12540.0,1.0,2014,4.6,1.0,0.0,0.0
34.0,0.0,,148.0,47.9,21.868151935719503,77.4,0.522972972972973,141.0,99.5,0.0,0.0,0.0,0.0,0.0,0.0,0.8571428571428571,0.5714285714285714,8160.0,1.0,2014,5.4,1.0,0.0,0.0
51.0,1.0,7.0,166.0,55.8,20.249673392364638,76.2,0.45903614457831327,113.0,70.5,0.0,0.0,0.0,0.0,1.0,6.0,1.7142857142857142,1.4285714285714286,12420.0,0.5,2014,3.9,1.0,0.0,0.0
47.0,0.0,5.0,148.0,48.8,22.279035792549305,60.4,0.4081081081081081,119.0,74.5,0.0,0.0,0.0,0.0,0.0,0.0,0.8571428571428571,1.1428571428571428,8640.0,2.0,2014,8.3,1.0,0.0,1.0
35.0,0.0,5.0,162.0,69.3,26.40603566529492,77.4,0.4777777777777778,117.0,87.0,0.0,1.0,0.0,0.0,0.0,0.0,0.2857142857142857,0.42857142857142855,3600.0,0.5,2014,4.4,1.0,0.0,0.0
31.0,1.0,8.0,167.0,54.0,19.362472659471475,69.2,0.41437125748502995,124.5,81.5,0.0,0.0,1.0,0.0,1.0,6.0,1.7142857142857142,0.8571428571428571,26880.0,4.0,2014,4.0,1.0,0.0,0.0
45.0,0.0,,157.0,92.9,37.68915574668343,87.2,0.5554140127388535,154.0,85.5,0.0,1.0,0.0,0.0,1.0,0.5,0.2857142857142857,2.0,5400.0,2.0,2014,5.5,1.0,0.0,0.0
45.0,0.0,8.0,159.0,75.7,29.943435781812425,79.2,0.4981132075471698,115.5,75.5,0.0,0.0,0.0,0.0,1.0,0.5,2.0,2.0,16480.0,2.0,2014,4.9,1.0,0.0,0.0
47.0,0.0,5.0,159.0,62.7,24.801234128396818,91.0,0.5723270440251572,207.5,82.0,0.0,1.0,0.0,0.0,0.0,0.0,3.0,1.4285714285714286,9480.0,3.0,2014,4.6,1.0,0.0,0.0
63.0,0.0,,150.0,56.7,25.200000000000003,78.9,0.526,139.0,74.5,0.0,0.0,0.0,0.0,0.0,0.0,4.0,2.0,7840.0,1.0,2014,4.8,1.0,0.0,0.0
42.0,0.0,,161.0,65.7,25.346244357856563,81.0,0.5031055900621118,146.0,94.0,0.0,0.0,0.0,0.0,1.0,6.0,1.4285714285714286,2.0,8640.0,0.5,2014,5.2,1.0,0.0,0.0
53.0,1.0,4.0,152.0,55.6,24.065096952908586,75.2,0.4947368421052632,122.5,57.0,,0.0,0.0,0.0,1.0,6.0,1.1428571428571428,1.4285714285714286,8160.0,2.0,2014,3.2,1.0,0.0,0.0
26.0,0.0,5.0,155.0,63.6,26.472424557752337,78.0,0.5032258064516129,114.5,73.5,0.0,0.0,0.0,0.0,0.0,0.0,3.0,2.0,8400.0,2.0,2014,3.7,1.0,0.0,0.0
56.0,0.0,,145.0,48.7,23.162901307966706,70.2,0.48413793103448277,197.5,97.0,0.0,0.0,0.0,0.0,0.0,0.0,1.7142857142857142,2.142857142857143,13500.0,0.75,2014,4.0,1.0,0.0,0.0
37.0,0.0,7.0,155.0,58.9,24.51612903225806,70.4,0.4541935483870968,123.5,75.5,0.0,0.0,0.0,0.0,1.0,0.5,1.7142857142857142,2.142857142857143,11360.0,1.0,2014,4.7,1.0,0.0,0.0
60.0,0.0,,168.0,62.2,22.037981859410436,67.9,0.4041666666666667,187.5,101.5,0.0,0.0,1.0,1.0,1.0,14.0,0.8571428571428571,2.0,5760.0,4.0,2014,4.7,1.0,0.0,0.0
27.0,0.0,,172.0,61.1,20.653055705786915,71.1,0.4133720930232558,103.0,64.0,0.0,0.0,0.0,0.0,0.0,0.0,2.142857142857143,2.5714285714285716,8340.0,0.5,2014,3.6,1.0,0.0,0.0
49.0,0.0,4.0,151.0,55.1,24.165606771632824,73.4,0.4860927152317881,115.5,75.0,0.0,0.0,0.0,0.0,0.0,0.0,3.857142857142857,2.5714285714285716,2520.0,1.0,2014,5.6,1.0,0.0,0.0
49.0,0.0,5.0,150.0,68.1,30.266666666666666,81.9,0.546,128.0,77.5,0.0,0.0,0.0,0.0,0.0,0.0,2.857142857142857,1.7142857142857142,11520.0,0.5,2014,2.0,1.0,0.0,0.0
47.0,1.0,6.0,157.0,55.3,22.434987220576897,72.0,0.4585987261146497,157.0,82.5,0.0,0.0,0.0,0.0,1.0,6.0,0.8571428571428571,2.0,10560.0,3.0,2014,4.2,1.0,0.0,0.0
55.0,0.0,,167.0,42.2,15.13141381906845,62.1,0.3718562874251497,134.5,83.0,0.0,0.0,0.0,0.0,0.0,0.0,2.0,1.4285714285714286,7440.0,3.0,2014,5.9,1.0,0.0,0.0
38.0,0.0,3.0,155.0,45.7,19.021852237252862,66.7,0.4303225806451613,122.5,73.5,0.0,0.0,0.0,0.0,1.0,6.0,0.2857142857142857,2.5714285714285716,15420.0,1.0,2014,3.2,1.0,0.0,0.0
32.0,0.0,2.0,169.0,62.2,21.777948951367254,84.3,0.49881656804733726,137.0,89.0,0.0,0.0,0.0,0.0,1.0,2.0,0.5714285714285714,1.4285714285714286,8220.0,1.0,2014,4.8,1.0,0.0,0.0
31.0,0.0,3.0,145.0,43.2,20.546967895362666,61.8,0.4262068965517241,153.5,99.5,0.0,0.0,0.0,0.0,0.0,0.0,3.0,2.0,7080.0,2.0,2014,4.2,1.0,0.0,0.0
41.0,1.0,10.0,168.0,58.8,20.833333333333336,74.1,0.44107142857142856,118.5,77.0,0.0,0.0,0.0,0.0,0.0,0.0,0.42857142857142855,1.1428571428571428,1760.0,4.0,2014,6.3,0.0,0.0,0.0
38.0,0.0,,160.0,55.6,21.718749999999996,,,137.0,79.0,0.0,0.0,0.0,0.0,0.0,0.0,3.4285714285714284,3.0,23040.0,2.0,2014,4.3,1.0,0.0,0.0
30.0,0.0,,152.0,52.9,22.89646814404432,69.9,0.4598684210526316,122.0,74.0,0.0,0.0,0.0,0.0,0.0,0.0,0.42857142857142855,2.0,4560.0,3.0,2014,4.0,1.0,0.0,0.0
33.0,0.0,6.0,152.0,58.9,25.49342105263158,72.0,0.47368421052631576,151.0,100.5,0.0,0.0,0.0,0.0,0.0,0.0,1.1428571428571428,0.8571428571428571,5040.0,7.0,2014,4.2,1.0,0.0,0.0
25.0,0.0,7.0,155.0,52.7,21.93548387096774,66.3,0.42774193548387096,142.0,89.5,0.0,1.0,0.0,0.0,0.0,0.0,3.0,2.142857142857143,14640.0,2.0,2014,4.2,1.0,0.0,0.0
63.0,0.0,4.0,154.0,61.9,26.100522853769608,90.4,0.5870129870129871,172.0,93.0,0.0,1.0,0.0,0.0,0.0,0.0,1.4285714285714286,2.5714285714285716,12720.0,1.5,2014,4.4,1.0,0.0,0.0
28.0,1.0,,171.0,65.6,22.434253274511818,70.9,0.4146198830409357,118.0,76.0,0.0,0.0,1.0,0.0,1.0,6.0,1.1428571428571428,2.142857142857143,720.0,1.0,2014,4.8,1.0,0.0,0.0
33.0,0.0,4.0,151.0,54.1,23.72702951624929,67.2,0.4450331125827815,118.5,74.0,0.0,0.0,0.0,0.0,0.0,0.0,1.4285714285714286,1.7142857142857142,5440.0,2.0,2014,4.2,1.0,0.0,0.0
38.0,0.0,6.0,150.0,43.3,19.244444444444444,67.3,0.44866666666666666,113.5,66.5,0.0,0.0,0.0,0.0,1.0,2.0,1.7142857142857142,3.0,13680.0,0.5,2014,6.0,0.0,0.0,0.0
31.0,0.0,5.0,158.0,61.0,24.435186668803073,66.3,0.4196202531645569,108.5,74.0,0.0,0.0,0.0,0.0,0.0,0.0,1.4285714285714286,1.1428571428571428,440.0,4.0,2014,5.4,1.0,0.0,0.0
55.0,0.0,5.0,166.0,80.3,29.140659021628686,92.2,0.555421686746988,122.0,68.5,0.0,0.0,0.0,0.0,0.0,0.0,5.0,2.0,12120.0,0.5,2014,6.0,0.0,0.0,0.0
62.0,1.0,4.0,170.0,67.2,23.252595155709347,83.3,0.49,123.5,64.5,0.0,0.0,0.0,0.0,1.0,14.0,0.8571428571428571,2.142857142857143,7320.0,1.75,2014,7.4,1.0,0.0,1.0
50.0,1.0,6.0,169.0,57.8,20.237386646125838,69.4,0.4106508875739645,117.0,71.0,0.0,0.0,0.0,0.0,1.0,6.0,0.5714285714285714,0.5714285714285714,6720.0,4.0,2014,6.2,1.0,0.0,1.0
54.0,0.0,3.0,169.0,90.3,31.61654003711355,91.2,0.5396449704142012,122.5,76.5,0.0,0.0,0.0,0.0,0.0,0.0,1.7142857142857142,1.4285714285714286,0.0,2.0,2014,5.0,1.0,0.0,0.0
50.0,0.0,5.0,157.0,54.0,21.907582457706194,72.1,0.45923566878980887,116.0,78.5,0.0,0.0,0.0,0.0,0.0,0.0,5.0,2.0,9720.0,0.5,2014,6.0,0.0,0.0,0.0
48.0,0.0,7.0,144.0,60.9,29.369212962962965,87.4,0.6069444444444445,151.0,96.5,1.0,1.0,0.0,0.0,0.0,0.0,0.8571428571428571,0.5714285714285714,1800.0,2.0,2014,5.7,1.0,0.0,0.0
58.0,0.0,2.0,157.0,71.8,29.128970749320455,89.0,0.5668789808917197,170.5,84.5,0.0,1.0,0.0,0.0,0.0,0.0,0.2857142857142857,1.4285714285714286,13800.0,0.5,2014,5.7,1.0,0.0,0.0
34.0,0.0,,153.0,74.0,31.611773249604852,79.1,0.5169934640522875,103.5,63.0,0.0,0.0,0.0,0.0,0.0,0.0,2.142857142857143,1.1428571428571428,3840.0,0.75,2014,4.2,1.0,0.0,0.0
36.0,1.0,12.0,165.0,70.4,25.858585858585865,73.0,0.44242424242424244,118.0,79.5,0.0,0.0,0.0,0.0,0.0,0.0,0.5714285714285714,1.4285714285714286,2400.0,4.0,2014,4.6,1.0,0.0,0.0
25.0,0.0,8.0,149.0,52.9,23.827755506508716,68.0,0.4563758389261745,124.0,75.0,0.0,0.0,0.0,0.0,0.0,0.0,0.5714285714285714,1.1428571428571428,6240.0,4.0,2014,7.6,1.0,0.0,1.0
54.0,0.0,,157.0,61.3,24.86916304921092,71.0,0.45222929936305734,116.5,75.0,0.0,0.0,0.0,0.0,0.0,0.0,1.7142857142857142,1.7142857142857142,3840.0,2.0,2014,6.0,1.0,0.0,0.0
40.0,1.0,7.0,179.0,61.7,19.25657751006523,69.3,0.3871508379888268,127.0,79.0,0.0,0.0,0.0,0.0,1.0,0.5,2.0,1.1428571428571428,4200.0,1.5,2014,4.9,1.0,0.0,0.0
27.0,1.0,7.0,170.0,60.3,20.86505190311419,70.0,0.4117647058823529,121.5,67.5,0.0,0.0,0.0,0.0,0.0,0.0,1.1428571428571428,0.5714285714285714,8040.0,2.0,2014,4.4,1.0,0.0,0.0
51.0,0.0,5.0,,,,116.0,,143.5,83.5,0.0,0.0,0.0,0.0,0.0,0.0,2.857142857142857,1.1428571428571428,11280.0,2.0,2014,4.3,1.0,1.0,1.0
33.0,0.0,11.0,162.0,79.1,30.140222527053794,88.5,0.5462962962962963,103.5,66.0,0.0,0.0,0.0,0.0,1.0,0.5,2.0,0.42857142857142855,13200.0,3.0,2014,5.0,1.0,0.0,0.0
54.0,0.0,10.0,167.0,94.1,33.74090143067159,104.7,0.6269461077844312,126.0,91.0,0.0,1.0,0.0,0.0,1.0,0.5,2.0,0.5714285714285714,900.0,2.0,2014,5.2,1.0,0.0,0.0
43.0,1.0,6.0,161.0,47.2,18.209174028779753,67.2,0.4173913043478261,136.0,91.0,0.0,0.0,1.0,0.0,1.0,6.0,2.0,1.7142857142857142,1400.0,1.0,2014,4.1,1.0,0.0,0.0
39.0,1.0,15.0,160.0,46.4,18.124999999999996,65.0,0.40625,113.0,65.0,0.0,0.0,0.0,0.0,1.0,14.0,1.7142857142857142,2.142857142857143,4380.0,2.0,2014,5.0,1.0,0.0,0.0
35.0,1.0,7.0,,,,,,,,,0.0,0.0,0.0,1.0,2.0,5.0,2.0,8760.0,1.5,2014,,,0.0,0.0
42.0,0.0,4.0,146.0,63.4,29.742916119346972,87.0,0.5958904109589042,114.5,75.5,0.0,0.0,0.0,0.0,0.0,0.0,3.0,1.4285714285714286,1680.0,1.0,2014,8.1,1.0,0.0,1.0
43.0,0.0,7.0,149.0,57.7,25.98982027836584,73.5,0.49328859060402686,101.5,64.0,0.0,0.0,0.0,0.0,0.0,0.0,5.0,2.142857142857143,13500.0,1.0,2014,5.3,1.0,0.0,0.0
34.0,0.0,1.0,159.0,73.4,29.033661643131204,77.3,0.4861635220125786,122.5,74.0,0.0,0.0,0.0,0.0,0.0,0.0,1.1428571428571428,1.4285714285714286,13680.0,3.0,2014,4.7,1.0,0.0,0.0
26.0,1.0,,165.0,62.5,22.956841138659325,68.9,0.4175757575757576,123.5,63.0,0.0,0.0,1.0,0.0,1.0,0.5,1.7142857142857142,2.0,40560.0,3.0,2014,5.8,1.0,0.0,0.0
48.0,0.0,,158.0,55.3,22.15189873417721,68.0,0.43037974683544306,165.5,85.0,0.0,0.0,0.0,0.0,1.0,30.0,15.0,2.0,43680.0,1.0,2014,5.5,1.0,0.0,0.0
28.0,1.0,6.0,160.0,63.4,24.765624999999993,71.0,0.44375,128.5,75.0,0.0,0.0,0.0,0.0,1.0,2.0,0.5714285714285714,1.1428571428571428,15720.0,3.0,2014,4.8,1.0,0.0,0.0
47.0,1.0,6.0,,,,62.9,,147.5,83.0,0.0,0.0,1.0,0.0,1.0,6.0,2.0,2.0,10080.0,1.0,2014,4.7,1.0,0.0,0.0
25.0,0.0,,169.0,49.0,17.15626203564301,65.9,0.3899408284023669,87.5,50.5,0.0,0.0,0.0,0.0,0.0,0.0,2.0,1.7142857142857142,0.0,6.0,2014,6.0,1.0,0.0,0.0
54.0,0.0,,157.0,56.8,23.043531177735403,66.8,0.4254777070063694,144.5,85.5,0.0,0.0,0.0,0.0,0.0,0.0,3.0,2.0,5520.0,3.0,2014,3.8,1.0,0.0,0.0
60.0,0.0,,160.0,56.0,21.874999999999996,69.8,0.43624999999999997,101.0,56.0,0.0,0.0,0.0,0.0,0.0,0.0,2.857142857142857,2.0,7200.0,3.0,2014,5.1,1.0,0.0,0.0
34.0,0.0,,143.0,63.8,31.199569661108125,84.5,0.5909090909090909,153.0,87.5,0.0,1.0,0.0,0.0,0.0,0.0,5.0,1.4285714285714286,5760.0,3.0,2014,4.2,1.0,0.0,0.0
26.0,0.0,,151.0,45.9,20.130696022104292,62.1,0.4112582781456954,94.0,54.0,0.0,0.0,0.0,0.0,0.0,0.0,5.0,2.0,4320.0,4.0,2014,3.6,1.0,0.0,0.0
25.0,1.0,6.0,173.0,87.4,29.2024457883658,99.1,0.5728323699421966,145.0,98.0,0.0,0.0,0.0,0.0,1.0,6.0,2.5714285714285716,1.1428571428571428,360.0,1.0,2014,4.5,1.0,0.0,0.0
33.0,1.0,7.0,166.0,62.6,22.71737552620119,72.8,0.43855421686746987,112.5,63.5,0.0,0.0,0.0,0.0,0.0,0.0,4.0,1.4285714285714286,1680.0,4.0,2014,3.9,1.0,0.0,0.0
27.0,0.0,13.0,153.0,58.4,24.947669699688152,79.8,0.5215686274509804,98.5,44.0,0.0,0.0,0.0,0.0,0.0,0.0,4.0,1.4285714285714286,11640.0,1.0,2014,4.4,1.0,0.0,0.0
40.0,0.0,,156.0,57.6,23.668639053254438,71.0,0.4551282051282051,102.0,83.5,0.0,0.0,0.0,0.0,0.0,0.0,6.0,1.7142857142857142,12360.0,3.0,2014,3.4,1.0,0.0,0.0
32.0,0.0,2.0,153.0,79.1,33.79042248707762,95.5,0.6241830065359477,112.5,75.5,0.0,0.0,0.0,0.0,0.0,0.0,5.714285714285714,1.1428571428571428,11040.0,1.0,2014,5.4,1.0,0.0,0.0
54.0,0.0,,150.0,41.5,18.444444444444443,67.7,0.45133333333333336,151.5,90.0,0.0,0.0,0.0,0.0,1.0,2.0,4.285714285714286,2.0,9840.0,2.0,2014,4.2,1.0,0.0,0.0
31.0,0.0,10.0,145.0,51.8,24.63733650416171,70.2,0.48413793103448277,99.5,69.0,0.0,1.0,0.0,0.0,0.0,0.0,0.0,2.0,26160.0,3.6666666666666665,2014,4.1,1.0,0.0,0.0
45.0,0.0,13.0,172.0,70.7,23.8980530016225,78.9,0.45872093023255817,135.0,68.5,0.0,1.0,0.0,0.0,0.0,0.0,0.2857142857142857,2.0,14000.0,2.0,2014,7.7,1.0,0.0,1.0
34.0,0.0,10.0,160.0,72.2,28.203124999999996,87.8,0.54875,108.0,69.0,0.0,0.0,0.0,0.0,0.0,0.0,0.14285714285714285,0.2857142857142857,19800.0,1.0,2014,4.4,1.0,0.0,0.0
38.0,0.0,4.0,158.0,76.5,30.64412754366287,93.8,0.5936708860759493,112.0,72.5,0.0,0.0,0.0,0.0,0.0,0.0,0.5714285714285714,1.7142857142857142,12120.0,2.0,2014,6.0,1.0,0.0,0.0
27.0,0.0,,140.0,47.1,24.030612244897963,59.2,0.4228571428571429,113.0,71.5,0.0,0.0,0.0,0.0,0.0,0.0,0.5714285714285714,0.5714285714285714,3960.0,0.5,2014,4.2,1.0,0.0,0.0
38.0,0.0,,145.0,47.8,22.734839476813317,72.0,0.496551724137931,115.5,72.0,0.0,0.0,0.0,0.0,0.0,0.0,0.14285714285714285,3.0,19560.0,1.0,2014,4.5,1.0,0.0,0.0
51.0,1.0,17.0,171.0,89.3,30.53931124106563,93.0,0.543859649122807,173.0,93.5,0.0,0.0,0.0,0.0,0.0,0.0,2.0,0.2857142857142857,19740.0,2.0,2014,4.0,1.0,0.0,0.0
54.0,0.0,,164.0,78.9,29.33521713265914,99.3,0.6054878048780488,159.0,93.5,0.0,1.0,0.0,0.0,0.0,0.0,0.2857142857142857,2.0,17280.0,3.0,2014,9.9,1.0,0.0,1.0
47.0,0.0,2.0,149.0,63.8,28.7374442592676,72.0,0.48322147651006714,116.5,67.5,0.0,1.0,0.0,0.0,0.0,0.0,2.142857142857143,2.0,27720.0,2.0,2014,5.6,1.0,0.0,0.0
53.0,0.0,,158.0,80.6,32.286492549270946,94.0,0.5949367088607594,155.5,89.0,0.0,1.0,0.0,0.0,0.0,0.0,0.8571428571428571,0.8571428571428571,5280.0,1.0,2014,6.6,1.0,0.0,1.0
54.0,0.0,,156.0,64.5,26.50394477317554,75.0,0.4807692307692308,113.5,64.5,0.0,0.0,0.0,0.0,0.0,0.0,0.2857142857142857,0.2857142857142857,8400.0,7.0,2014,4.6,1.0,0.0,0.0
29.0,0.0,16.0,164.0,87.5,32.53271861986913,82.6,0.5036585365853659,118.5,77.5,0.0,0.0,0.0,0.0,0.0,0.0,2.0,0.8571428571428571,3360.0,2.0,2014,6.6,1.0,0.0,1.0
51.0,0.0,3.0,159.0,58.6,23.179462837704204,77.7,0.48867924528301887,125.0,77.0,0.0,0.0,0.0,0.0,0.0,0.0,0.5714285714285714,2.5714285714285716,14940.0,0.5,2014,5.2,1.0,0.0,0.0
30.0,0.0,7.0,154.0,50.8,21.420138303255186,65.2,0.4233766233766234,128.0,77.5,0.0,0.0,0.0,0.0,0.0,0.0,1.1428571428571428,2.5714285714285716,10200.0,5.0,2014,4.6,1.0,0.0,0.0
32.0,0.0,7.0,157.0,48.7,19.757393809079478,60.4,0.3847133757961783,106.5,66.5,0.0,0.0,0.0,0.0,0.0,0.0,10.0,2.0,7560.0,2.0,2014,7.1,1.0,0.0,1.0
55.0,0.0,1.0,161.0,66.0,25.461980633463213,85.3,0.5298136645962733,136.0,78.5,0.0,1.0,0.0,0.0,0.0,0.0,8.0,2.0,13920.0,0.3333333333333333,2014,5.8,0.0,0.0,0.0
48.0,0.0,3.0,159.0,53.8,21.280803765673824,76.1,0.4786163522012578,125.5,84.5,1.0,1.0,0.0,0.0,0.0,0.0,0.2857142857142857,0.8571428571428571,1660.0,5.0,2014,6.9,1.0,0.0,1.0
33.0,1.0,11.0,164.0,61.8,22.977394408090426,76.6,0.4670731707317073,121.0,77.5,0.0,1.0,1.0,0.0,0.0,0.0,0.42857142857142855,1.1428571428571428,15120.0,3.0,2014,5.0,1.0,0.0,0.0
42.0,1.0,6.0,156.0,54.3,22.312623274161734,79.0,0.5064102564102564,120.5,87.5,0.0,0.0,0.0,0.0,0.0,0.0,7.0,2.0,15780.0,3.0,2014,6.6,1.0,0.0,1.0
47.0,0.0,5.0,158.0,72.5,29.041820221118407,98.3,0.6221518987341772,148.0,89.0,0.0,1.0,0.0,0.0,0.0,0.0,7.0,2.0,6240.0,1.0,2014,6.3,1.0,0.0,1.0
26.0,1.0,6.0,165.0,61.1,22.442607897153355,77.0,0.4666666666666667,131.5,85.0,0.0,0.0,0.0,0.0,1.0,0.5,3.4285714285714284,2.0,1260.0,4.0,2014,4.2,1.0,0.0,0.0
51.0,0.0,3.0,150.0,58.0,25.77777777777778,85.0,0.5666666666666667,161.5,94.5,0.0,0.0,0.0,0.0,0.0,0.0,5.0,0.7142857142857143,15240.0,0.5,2014,3.4,1.0,0.0,0.0
42.0,1.0,4.0,164.0,46.8,17.400356930398573,66.4,0.40487804878048783,136.0,93.0,0.0,0.0,1.0,0.0,1.0,30.0,0.5714285714285714,1.4285714285714286,480.0,3.0,2014,5.5,1.0,0.0,0.0
58.0,0.0,5.0,154.0,67.3,28.377466689155,80.5,0.5227272727272727,119.0,79.5,0.0,0.0,0.0,0.0,1.0,30.0,0.8571428571428571,2.0,23520.0,2.0,2014,6.6,1.0,0.0,1.0
47.0,0.0,8.0,159.0,54.3,21.478580752343653,70.0,0.44025157232704404,119.0,81.5,0.0,1.0,0.0,0.0,0.0,0.0,3.0,0.2857142857142857,3360.0,0.5,2014,4.8,1.0,0.0,0.0
30.0,1.0,4.0,172.0,60.2,20.348837209302328,74.0,0.43023255813953487,126.0,79.5,0.0,0.0,1.0,0.0,1.0,14.0,1.7142857142857142,0.2857142857142857,360.0,3.0,2014,7.2,1.0,0.0,1.0
51.0,0.0,,151.0,52.7,23.113021358712338,60.4,0.39999999999999997,127.0,75.5,0.0,0.0,0.0,0.0,0.0,0.0,6.0,0.5714285714285714,1440.0,4.0,2014,6.8,0.0,0.0,0.0
35.0,1.0,7.0,169.0,63.2,22.12807674801303,73.7,0.43609467455621304,108.0,64.0,0.0,0.0,0.0,0.0,0.0,0.0,3.0,0.2857142857142857,840.0,1.0,2014,9.4,0.0,0.0,0.0
33.0,0.0,2.0,151.0,51.7,22.674444103328803,77.1,0.5105960264900662,104.0,71.0,0.0,1.0,0.0,0.0,0.0,0.0,5.0,1.7142857142857142,13420.0,1.25,2014,2.7,1.0,0.0,0.0
46.0,1.0,2.0,162.0,63.1,24.043590916018896,77.5,0.4783950617283951,131.5,82.0,0.0,0.0,1.0,0.0,1.0,14.0,8.0,1.7142857142857142,16660.0,2.75,2014,5.9,1.0,0.0,0.0
26.0,0.0,11.0,152.0,70.8,30.644044321329638,78.0,0.5131578947368421,130.0,86.5,0.0,0.0,0.0,0.0,0.0,0.0,0.8571428571428571,1.1428571428571428,13120.0,2.5,2014,4.4,0.0,0.0,0.0
33.0,1.0,5.0,159.0,52.0,20.56880661366243,65.0,0.4088050314465409,121.5,83.0,0.0,0.0,1.0,0.0,1.0,14.0,0.2857142857142857,1.4285714285714286,12300.0,2.5,2014,5.5,0.0,0.0,0.0
49.0,0.0,2.0,146.0,73.5,34.481140927003196,80.2,0.5493150684931507,192.0,89.0,1.0,1.0,0.0,0.0,0.0,0.0,2.857142857142857,1.1428571428571428,13740.0,1.75,2014,10.8,0.0,0.0,0.0
28.0,1.0,,157.0,63.9,25.92397257495233,84.2,0.5363057324840764,144.0,81.0,0.0,0.0,0.0,0.0,1.0,22.0,0.2857142857142857,0.5714285714285714,3360.0,2.75,2014,4.7,0.0,0.0,0.0
36.0,1.0,10.0,171.0,83.5,28.555794945453304,91.1,0.5327485380116959,141.0,78.5,0.0,0.0,0.0,0.0,1.0,6.0,0.14285714285714285,1.1428571428571428,12480.0,1.0,2014,3.1,1.0,0.0,0.0
48.0,0.0,3.0,169.0,88.7,31.05633556248031,87.4,0.5171597633136095,123.5,74.5,0.0,0.0,0.0,0.0,1.0,0.5,4.0,1.7142857142857142,24020.0,1.5,2014,8.5,1.0,0.0,1.0
64.0,0.0,4.0,150.0,61.2,27.200000000000003,84.0,0.56,153.0,100.0,0.0,0.0,0.0,0.0,0.0,0.0,1.7142857142857142,2.0,11640.0,3.0,2014,7.8,1.0,0.0,1.0
41.0,1.0,,160.0,53.7,20.976562499999996,63.2,0.395,111.5,73.5,0.0,0.0,1.0,0.0,1.0,0.5,0.2857142857142857,0.2857142857142857,13080.0,1.5,2014,4.2,1.0,0.0,0.0
37.0,1.0,2.0,165.0,52.1,19.136822773186413,69.8,0.42303030303030303,123.0,81.0,0.0,0.0,0.0,0.0,1.0,6.0,0.5714285714285714,2.0,20000.0,0.6666666666666666,2014,2.8,1.0,0.0,0.0
56.0,0.0,6.0,160.0,60.3,23.554687499999993,76.4,0.47750000000000004,112.5,69.5,0.0,1.0,0.0,0.0,0.0,0.0,3.0,1.1428571428571428,480.0,1.0,2014,6.2,1.0,0.0,1.0
51.0,0.0,1.0,150.0,52.6,23.37777777777778,75.0,0.5,130.0,80.5,0.0,0.0,0.0,0.0,0.0,0.0,10.0,1.1428571428571428,4560.0,1.0,2014,4.8,1.0,0.0,0.0
47.0,0.0,4.0,151.0,54.9,24.077891320556116,76.5,0.5066225165562914,129.5,85.0,0.0,0.0,0.0,0.0,1.0,2.0,2.0,0.8571428571428571,720.0,1.0,2014,4.1,1.0,0.0,0.0
29.0,0.0,2.0,141.0,45.2,22.73527488556914,67.9,0.4815602836879433,93.0,57.0,,0.0,0.0,0.0,0.0,0.0,2.142857142857143,1.4285714285714286,960.0,3.0,2014,4.9,1.0,0.0,0.0
32.0,1.0,,167.0,62.4,22.374412850944818,68.3,0.4089820359281437,140.5,86.5,0.0,0.0,1.0,0.0,1.0,6.0,0.5714285714285714,1.7142857142857142,11280.0,2.0,2014,5.5,1.0,0.0,0.0
64.0,0.0,3.0,171.0,63.5,21.716083581272873,71.0,0.4152046783625731,155.0,85.0,1.0,1.0,0.0,0.0,0.0,0.0,4.0,1.4285714285714286,16800.0,4.75,2014,5.9,1.0,0.0,0.0
55.0,0.0,,157.0,57.5,23.327518357742708,81.4,0.5184713375796178,143.0,75.0,0.0,0.0,1.0,1.0,1.0,22.0,10.0,1.4285714285714286,7380.0,2.3333333333333335,2014,5.5,1.0,0.0,0.0
27.0,0.0,5.0,152.0,54.3,23.50242382271468,78.3,0.5151315789473684,108.5,70.0,0.0,0.0,0.0,0.0,0.0,0.0,0.8571428571428571,1.1428571428571428,8720.0,3.6666666666666665,2014,4.4,1.0,0.0,0.0
34.0,1.0,12.0,175.0,85.2,27.820408163265306,81.0,0.46285714285714286,111.5,71.0,0.0,0.0,0.0,0.0,1.0,6.0,2.0,0.2857142857142857,10080.0,3.0,2014,7.6,0.0,0.0,0.0
46.0,1.0,11.0,175.0,75.7,24.718367346938777,87.0,0.49714285714285716,127.5,77.0,0.0,0.0,1.0,0.0,1.0,14.0,0.2857142857142857,0.14285714285714285,1200.0,0.5,2014,9.0,0.0,0.0,0.0
32.0,0.0,10.0,161.0,69.0,26.61934338952972,86.6,0.537888198757764,152.5,102.5,0.0,1.0,0.0,0.0,0.0,0.0,2.5714285714285716,1.1428571428571428,40.0,5.0,2014,7.7,0.0,0.0,0.0
45.0,1.0,7.0,168.0,64.3,22.782029478458053,86.0,0.5119047619047619,107.5,68.0,0.0,0.0,0.0,0.0,1.0,6.0,0.42857142857142855,1.1428571428571428,14160.0,2.0,2014,9.2,0.0,0.0,0.0
31.0,0.0,10.0,152.0,56.4,24.411357340720222,79.9,0.5256578947368421,96.0,65.0,0.0,0.0,0.0,0.0,0.0,0.0,2.2857142857142856,0.5714285714285714,6720.0,1.0,2014,3.8,0.0,0.0,0.0
53.0,0.0,,144.0,70.4,33.95061728395062,99.9,0.6937500000000001,111.5,74.5,0.0,0.0,0.0,0.0,0.0,0.0,0.5714285714285714,0.8571428571428571,26600.0,1.0,2014,8.4,1.0,0.0,1.0
56.0,1.0,6.0,172.0,102.8,34.74851270957274,115.5,0.6715116279069767,161.0,95.0,0.0,0.0,0.0,0.0,0.0,0.0,0.8571428571428571,0.7142857142857143,780.0,1.0,2014,11.0,0.0,0.0,0.0
26.0,0.0,13.0,171.0,62.4,21.339899456242946,82.5,0.4824561403508772,109.0,67.0,0.0,0.0,0.0,0.0,0.0,0.0,2.0,0.5714285714285714,11640.0,1.0,2014,9.8,0.0,0.0,0.0
58.0,0.0,,137.0,57.7,30.74218125632692,98.9,0.7218978102189781,163.5,97.0,0.0,1.0,0.0,0.0,0.0,0.0,1.4285714285714286,1.1428571428571428,10080.0,2.0,2014,7.4,1.0,0.0,1.0
30.0,1.0,7.0,171.0,54.2,18.53561779692897,70.4,0.41169590643274856,130.5,85.0,0.0,0.0,0.0,0.0,1.0,22.0,2.2857142857142856,0.2857142857142857,38880.0,1.5,2014,7.9,1.0,0.0,1.0
44.0,0.0,6.0,154.0,51.7,21.799628942486088,77.5,0.5032467532467533,115.5,76.5,0.0,0.0,0.0,0.0,0.0,0.0,2.857142857142857,0.5714285714285714,2880.0,2.0,2014,7.8,1.0,0.0,1.0
29.0,0.0,6.0,164.0,49.0,18.218322427126715,70.0,0.4268292682926829,114.0,69.5,0.0,0.0,0.0,0.0,0.0,0.0,2.857142857142857,1.4285714285714286,5040.0,2.0,2014,9.5,1.0,0.0,1.0
47.0,1.0,14.0,164.0,60.4,22.45687091017252,85.5,0.5213414634146342,147.0,89.5,0.0,1.0,0.0,0.0,1.0,6.0,0.14285714285714285,1.7142857142857142,1680.0,6.0,2014,16.3,1.0,1.0,1.0
26.0,0.0,20.0,165.0,70.6,25.932047750229568,88.2,0.5345454545454545,116.5,82.0,0.0,0.0,0.0,0.0,1.0,2.0,1.1428571428571428,0.8571428571428571,240.0,2.0,2014,6.5,1.0,0.0,1.0
55.0,0.0,,165.0,59.9,22.001836547291095,87.0,0.5272727272727272,121.0,70.0,0.0,1.0,0.0,0.0,1.0,2.0,0.14285714285714285,0.5714285714285714,2600.0,0.6666666666666666,2014,10.4,1.0,0.0,1.0
36.0,1.0,4.0,165.0,52.4,19.247015610651975,79.5,0.4818181818181818,106.5,62.0,0.0,0.0,0.0,0.0,0.0,0.0,3.0,0.42857142857142855,20880.0,0.3333333333333333,2014,9.5,0.0,0.0,0.0
29.0,0.0,4.0,155.0,53.2,22.143600416233088,76.5,0.4935483870967742,139.5,97.5,0.0,0.0,0.0,0.0,0.0,0.0,4.0,0.42857142857142855,1440.0,2.0,2014,8.7,0.0,0.0,0.0
40.0,1.0,12.0,165.0,80.5,29.56841138659321,91.3,0.5533333333333333,113.5,74.0,0.0,0.0,0.0,0.0,1.0,14.0,2.142857142857143,0.8571428571428571,240.0,0.3333333333333333,2014,8.1,1.0,0.0,1.0
32.0,0.0,13.0,160.0,66.6,26.015624999999993,77.6,0.485,102.0,73.5,0.0,0.0,0.0,0.0,1.0,0.5,3.0,2.0,840.0,0.6666666666666666,2014,9.0,0.0,0.0,0.0
30.0,1.0,8.0,173.0,66.1,22.085602592802964,78.3,0.45260115606936413,119.0,80.5,0.0,0.0,0.0,0.0,0.0,0.0,0.14285714285714285,1.4285714285714286,41160.0,1.0,2014,8.2,1.0,0.0,1.0
52.0,0.0,15.0,177.0,108.0,34.47285262855501,106.0,0.5988700564971752,107.0,81.0,0.0,1.0,0.0,0.0,0.0,0.0,2.0,0.8571428571428571,0.0,0.16666666666666666,2014,8.2,0.0,0.0,0.0
31.0,0.0,13.0,158.0,67.1,26.878705335683378,84.5,0.5348101265822784,153.0,98.5,0.0,0.0,0.0,0.0,0.0,0.0,1.7142857142857142,0.42857142857142855,13800.0,0.16666666666666666,2014,12.9,1.0,0.0,1.0
56.0,0.0,4.0,157.0,80.8,32.78023449227149,117.1,0.7458598726114649,118.0,73.0,0.0,1.0,0.0,0.0,0.0,0.0,0.0,0.8571428571428571,21840.0,3.0,2014,9.2,1.0,0.0,1.0
30.0,1.0,8.0,172.0,104.1,35.18793942671714,104.5,0.6075581395348837,101.0,58.5,0.0,0.0,1.0,0.0,1.0,30.0,0.14285714285714285,0.14285714285714285,14800.0,2.0,2014,13.6,1.0,0.0,1.0
39.0,0.0,7.0,148.0,89.4,40.81446311176041,103.5,0.6993243243243243,109.0,76.5,0.0,1.0,0.0,0.0,0.0,0.0,0.5714285714285714,0.14285714285714285,19920.0,5.0,2014,10.9,1.0,0.0,1.0
29.0,0.0,7.0,156.0,64.4,26.46285338593031,77.8,0.4987179487179487,132.5,93.0,0.0,0.0,0.0,0.0,1.0,0.5,0.42857142857142855,1.1428571428571428,9120.0,6.0,2014,9.1,0.0,0.0,0.0
49.0,1.0,6.0,168.0,79.0,27.99036281179139,95.1,0.5660714285714286,156.5,93.0,0.0,1.0,0.0,0.0,1.0,14.0,0.0,0.5714285714285714,4800.0,2.0,2014,11.6,1.0,0.0,1.0
53.0,1.0,20.0,164.0,79.0,29.372397382510414,96.6,0.5890243902439024,136.0,87.0,0.0,0.0,0.0,0.0,1.0,2.0,1.4285714285714286,0.2857142857142857,400.0,8.0,2014,12.2,0.0,0.0,0.0
26.0,1.0,19.0,168.0,54.4,19.27437641723356,73.0,0.43452380952380953,119.5,75.5,0.0,0.0,0.0,0.0,1.0,2.0,3.0,0.5714285714285714,30240.0,5.0,2014,9.6,1.0,0.0,1.0
50.0,1.0,14.0,168.0,58.3,20.656179138322,74.5,0.44345238095238093,119.5,81.0,0.0,0.0,0.0,0.0,0.0,0.0,1.1428571428571428,0.7142857142857143,1360.0,7.0,2014,6.6,0.0,1.0,1.0
50.0,0.0,11.0,170.0,55.1,19.06574394463668,69.3,0.4076470588235294,116.0,77.0,0.0,0.0,0.0,0.0,1.0,2.0,0.0,0.8571428571428571,3360.0,2.5,2014,9.7,1.0,0.0,1.0
49.0,0.0,5.0,156.0,73.5,30.202169625246547,93.2,0.5974358974358974,111.5,68.0,0.0,0.0,0.0,0.0,0.0,0.0,0.14285714285714285,0.2857142857142857,14880.0,1.0,2014,5.8,0.0,0.0,0.0
60.0,0.0,,166.0,85.0,30.84627667295689,101.1,0.6090361445783132,170.0,96.0,0.0,1.0,0.0,0.0,0.0,0.0,0.0,1.1428571428571428,1680.0,1.5,2014,10.2,1.0,0.0,1.0
31.0,0.0,12.0,163.0,62.5,23.52365538785803,78.1,0.4791411042944785,121.0,83.0,0.0,0.0,0.0,0.0,0.0,0.0,2.0,1.1428571428571428,240.0,5.0,2014,8.9,0.0,0.0,0.0
37.0,1.0,7.0,169.0,58.9,20.62252722243619,76.4,0.4520710059171598,129.0,83.0,0.0,0.0,0.0,0.0,1.0,2.0,0.0,0.5714285714285714,3240.0,4.0,2014,7.7,1.0,0.0,1.0
50.0,0.0,,160.0,77.5,30.273437499999993,91.3,0.5706249999999999,140.0,93.0,0.0,0.0,0.0,0.0,0.0,0.0,0.14285714285714285,0.8571428571428571,10000.0,0.5,2014,8.9,1.0,0.0,1.0
34.0,0.0,5.0,168.0,88.4,31.32086167800454,103.2,0.6142857142857143,140.5,88.5,0.0,0.0,0.0,0.0,0.0,0.0,0.8571428571428571,1.1428571428571428,20400.0,0.75,2014,9.3,1.0,0.0,1.0
32.0,0.0,4.0,165.0,89.7,32.947658402203864,93.6,0.5672727272727273,135.5,86.5,0.0,0.0,0.0,0.0,0.0,0.0,0.8571428571428571,0.8571428571428571,10320.0,6.0,2014,9.0,1.0,0.0,1.0
54.0,0.0,5.0,164.0,100.3,37.29179060083284,111.9,0.6823170731707318,172.0,102.0,0.0,1.0,0.0,0.0,0.0,0.0,0.0,1.1428571428571428,2460.0,2.5,2014,9.1,1.0,0.0,1.0
32.0,1.0,,166.0,49.4,17.9271302075773,73.0,0.4397590361445783,118.5,80.5,0.0,0.0,1.0,0.0,1.0,30.0,0.14285714285714285,0.14285714285714285,13440.0,,2014,8.7,1.0,0.0,1.0
60.0,0.0,,153.0,55.9,23.879704387201503,86.5,0.565359477124183,152.0,100.0,0.0,1.0,0.0,0.0,0.0,0.0,0.8571428571428571,0.2857142857142857,320.0,0.5,2014,7.3,1.0,0.0,1.0
35.0,0.0,12.0,163.0,94.9,35.71831834092364,102.9,0.6312883435582822,123.0,92.0,0.0,0.0,0.0,0.0,1.0,6.0,2.0,0.5714285714285714,0.0,1.5,2014,8.8,1.0,0.0,1.0
42.0,1.0,17.0,176.0,67.0,21.62964876033058,83.0,0.4715909090909091,114.0,70.5,0.0,0.0,0.0,0.0,0.0,0.0,2.142857142857143,0.14285714285714285,4800.0,0.5,2014,10.9,1.0,0.0,1.0
40.0,0.0,7.0,156.0,48.1,19.764957264957264,73.5,0.47115384615384615,120.5,84.5,0.0,0.0,0.0,0.0,0.0,0.0,1.7142857142857142,1.1428571428571428,3480.0,1.5,2014,7.6,0.0,0.0,0.0
47.0,0.0,3.0,145.0,74.7,35.529131985731276,98.0,0.6758620689655173,109.5,74.5,0.0,0.0,0.0,0.0,0.0,0.0,0.14285714285714285,2.0,13920.0,1.0,2014,6.8,1.0,0.0,1.0
38.0,0.0,5.0,160.0,67.6,26.406249999999993,98.1,0.6131249999999999,111.0,89.0,0.0,0.0,0.0,0.0,1.0,0.5,0.14285714285714285,0.2857142857142857,14400.0,2.0,2014,,,0.0,0.0
36.0,0.0,14.0,165.0,55.2,20.275482093663914,67.0,0.40606060606060607,116.5,81.0,0.0,0.0,0.0,0.0,1.0,6.0,0.5714285714285714,0.8571428571428571,9780.0,0.5,2014,7.1,1.0,0.0,1.0
36.0,0.0,,167.0,94.2,33.77675786152247,114.5,0.6856287425149701,168.0,116.0,0.0,1.0,0.0,0.0,1.0,6.0,0.0,0.5714285714285714,1960.0,6.0,2014,11.0,0.0,0.0,0.0
36.0,0.0,,166.0,85.7,31.100304833793007,92.5,0.5572289156626506,111.5,76.5,0.0,0.0,0.0,0.0,0.0,0.0,0.5714285714285714,0.5714285714285714,1800.0,1.5,2014,8.5,1.0,0.0,1.0
28.0,0.0,12.0,163.0,56.9,21.41593586510595,84.5,0.5184049079754601,112.5,79.5,0.0,0.0,0.0,0.0,0.0,0.0,1.0,1.1428571428571428,8760.0,1.0,2014,9.2,1.0,0.0,1.0
32.0,0.0,8.0,159.0,77.3,30.576322139155884,98.5,0.6194968553459119,111.5,81.5,0.0,0.0,0.0,0.0,1.0,2.0,0.7142857142857143,0.2857142857142857,19680.0,2.0,2014,1.3,1.0,0.0,0.0
24.0,1.0,13.0,157.0,56.1,22.7595439977281,73.1,0.4656050955414012,119.5,66.0,0.0,0.0,0.0,0.0,0.0,0.0,0.8571428571428571,0.8571428571428571,51360.0,2.0,2014,9.5,0.0,0.0,0.0
59.0,0.0,5.0,150.0,68.7,30.533333333333335,91.0,0.6066666666666667,153.5,94.0,0.0,0.0,0.0,0.0,0.0,0.0,2.2857142857142856,1.1428571428571428,12840.0,2.0,2014,5.4,1.0,0.0,0.0
24.0,1.0,8.0,176.0,71.3,23.017820247933884,73.0,0.4147727272727273,125.0,64.0,0.0,0.0,0.0,0.0,1.0,0.5,0.2857142857142857,1.7142857142857142,13200.0,0.16666666666666666,2014,9.7,0.0,0.0,0.0
22.0,1.0,11.0,175.0,61.1,19.951020408163266,70.0,0.4,118.5,69.0,0.0,0.0,0.0,0.0,0.0,0.0,0.14285714285714285,2.142857142857143,15600.0,0.3333333333333333,2014,,,0.0,0.0
57.0,1.0,6.0,,,,,,,,,1.0,0.0,0.0,1.0,0.5,0.5714285714285714,0.8571428571428571,8400.0,0.5,2014,,,0.0,0.0
59.0,1.0,5.0,166.0,59.8,21.701262882856728,77.8,0.4686746987951807,142.0,89.5,0.0,0.0,1.0,0.0,1.0,6.0,2.0,2.142857142857143,13200.0,0.16666666666666666,2014,10.5,0.0,0.0,0.0
31.0,0.0,11.0,167.0,77.8,27.896303201979276,93.0,0.5568862275449101,104.5,75.0,0.0,1.0,0.0,0.0,1.0,0.5,0.0,0.42857142857142855,840.0,0.16666666666666666,2014,6.4,1.0,0.0,1.0
46.0,0.0,4.0,148.0,45.5,20.77246165084003,74.1,0.5006756756756756,109.5,69.5,0.0,0.0,0.0,0.0,0.0,0.0,0.0,0.42857142857142855,3600.0,0.5,2014,12.9,0.0,0.0,0.0
33.0,0.0,,147.0,62.5,28.923133879402105,88.5,0.6020408163265306,112.0,75.0,0.0,0.0,0.0,0.0,0.0,0.0,1.7142857142857142,0.8571428571428571,1680.0,5.666666666666667,2014,7.7,1.0,0.0,1.0
27.0,0.0,12.0,155.0,40.5,16.857440166493234,61.5,0.3967741935483871,121.0,83.5,0.0,0.0,0.0,0.0,0.0,0.0,2.5714285714285716,0.8571428571428571,2040.0,2.5,2014,7.7,0.0,0.0,0.0
32.0,0.0,6.0,152.0,51.4,22.247229916897506,82.0,0.5394736842105263,128.0,91.0,0.0,0.0,0.0,0.0,0.0,0.0,2.0,1.1428571428571428,3600.0,2.5,2014,11.5,0.0,0.0,0.0
52.0,0.0,5.0,154.0,57.4,24.203069657615114,83.0,0.538961038961039,135.5,87.5,1.0,1.0,0.0,0.0,0.0,0.0,1.1428571428571428,1.1428571428571428,4200.0,1.75,2014,13.5,0.0,0.0,0.0
32.0,0.0,2.0,161.0,72.6,28.00817869680953,88.0,0.546583850931677,108.5,64.0,0.0,0.0,0.0,0.0,0.0,0.0,0.8571428571428571,1.1428571428571428,5040.0,1.0,2014,13.2,0.0,0.0,0.0
29.0,0.0,18.0,168.0,73.9,26.18339002267574,93.0,0.5535714285714286,115.5,77.0,0.0,0.0,0.0,0.0,1.0,0.5,2.0,0.42857142857142855,4500.0,0.3333333333333333,2014,8.6,1.0,0.0,1.0
36.0,0.0,4.0,152.0,74.7,32.33206371191136,96.0,0.631578947368421,122.0,76.5,0.0,1.0,0.0,0.0,1.0,0.5,0.2857142857142857,0.2857142857142857,480.0,1.0,2014,11.6,0.0,0.0,0.0
37.0,0.0,,156.0,60.9,25.02465483234714,78.5,0.5032051282051282,115.5,76.5,0.0,0.0,0.0,0.0,0.0,0.0,0.0,1.1428571428571428,360.0,1.0,2014,9.8,0.0,0.0,0.0
28.0,0.0,,165.0,55.4,20.348943985307624,84.0,0.509090909090909,106.0,77.0,0.0,1.0,0.0,0.0,0.0,0.0,0.42857142857142855,0.2857142857142857,2160.0,2.0,2014,8.2,1.0,0.0,1.0
47.0,0.0,4.0,162.0,54.3,20.690443529949697,86.5,0.5339506172839507,137.5,89.0,0.0,0.0,0.0,0.0,0.0,0.0,0.5714285714285714,0.5714285714285714,6900.0,3.5,2014,6.0,0.0,0.0,0.0
30.0,1.0,,171.0,57.2,19.561574501556038,75.0,0.43859649122807015,124.5,73.0,0.0,0.0,1.0,0.0,1.0,14.0,0.0,1.1428571428571428,18720.0,1.75,2014,4.0,1.0,0.0,0.0
49.0,0.0,4.0,157.0,47.7,19.351697837640472,69.9,0.44522292993630574,137.0,78.5,0.0,0.0,0.0,0.0,0.0,0.0,0.0,2.0,12600.0,2.0,2014,4.0,1.0,0.0,0.0
34.0,0.0,7.0,160.0,65.8,25.703124999999993,86.5,0.540625,114.0,79.5,0.0,0.0,0.0,0.0,0.0,0.0,0.0,1.1428571428571428,480.0,4.0,2014,5.7,1.0,0.0,0.0
38.0,0.0,5.0,170.0,73.1,25.294117647058826,82.0,0.4823529411764706,137.5,90.0,0.0,0.0,0.0,0.0,0.0,0.0,0.2857142857142857,1.4285714285714286,11952.0,3.0,2014,6.4,0.0,0.0,0.0
56.0,1.0,6.0,168.0,59.8,21.187641723356013,83.3,0.4958333333333333,149.0,85.5,0.0,0.0,0.0,0.0,0.0,0.0,0.0,2.0,14400.0,4.0,2014,4.4,1.0,0.0,0.0
52.0,1.0,5.0,180.0,74.9,23.117283950617285,95.5,0.5305555555555556,172.0,113.5,0.0,1.0,0.0,0.0,1.0,6.0,0.0,0.5714285714285714,8400.0,8.0,2014,3.7,1.0,0.0,0.0
30.0,0.0,10.0,161.0,71.9,27.738127387060683,98.6,0.6124223602484472,131.5,94.0,0.0,0.0,0.0,0.0,0.0,0.0,0.0,0.0,12240.0,1.5,2014,4.9,1.0,0.0,0.0
52.0,0.0,,152.0,61.3,26.53220221606648,90.6,0.5960526315789473,146.0,94.0,0.0,1.0,0.0,0.0,0.0,0.0,0.0,0.8571428571428571,6000.0,2.0,2014,4.0,1.0,0.0,0.0
34.0,1.0,7.0,172.0,57.5,19.43618171984857,71.5,0.41569767441860467,125.5,68.0,0.0,0.0,0.0,0.0,0.0,0.0,0.5714285714285714,0.8571428571428571,12600.0,3.5,2014,8.7,0.0,0.0,0.0
33.0,0.0,,163.0,57.3,21.566487259588243,77.6,0.4760736196319018,111.0,77.5,0.0,0.0,0.0,0.0,0.0,0.0,0.0,0.8571428571428571,17280.0,5.0,2014,5.2,1.0,0.0,0.0
34.0,0.0,,163.0,68.5,25.7819263050924,82.0,0.5030674846625767,114.0,77.5,0.0,1.0,0.0,0.0,1.0,0.5,5.0,0.2857142857142857,28560.0,3.0,2014,6.5,0.0,0.0,0.0
27.0,0.0,14.0,164.0,67.1,24.94794765020821,95.4,0.5817073170731708,120.0,79.0,0.0,0.0,0.0,0.0,1.0,0.5,1.0,0.42857142857142855,11280.0,6.0,2014,5.8,0.0,0.0,0.0
30.0,1.0,10.0,164.0,74.0,27.513384889946465,92.5,0.5640243902439024,131.0,92.5,0.0,0.0,0.0,0.0,1.0,2.0,0.42857142857142855,0.8571428571428571,9600.0,0.16666666666666666,2014,4.4,1.0,0.0,0.0
58.0,1.0,,,,,80.5,,144.5,86.5,0.0,0.0,0.0,0.0,0.0,0.0,1.4285714285714286,2.0,13720.0,1.0,2014,5.1,1.0,0.0,0.0
50.0,0.0,,156.0,74.3,30.53090072320841,101.0,0.6474358974358975,176.0,109.5,0.0,1.0,0.0,0.0,1.0,2.0,0.0,2.0,14640.0,1.0,2014,4.7,1.0,0.0,0.0
25.0,0.0,8.0,152.0,73.4,31.769390581717452,101.5,0.6677631578947368,107.0,80.0,0.0,0.0,0.0,0.0,0.0,0.0,0.14285714285714285,2.0,13920.0,1.0,2014,4.7,1.0,0.0,0.0
31.0,0.0,,158.0,55.1,22.07178336804999,73.0,0.4620253164556962,124.5,84.5,0.0,0.0,0.0,0.0,1.0,2.0,0.0,1.1428571428571428,3000.0,0.3333333333333333,2014,5.5,1.0,0.0,0.0
45.0,1.0,1.0,168.0,53.8,19.061791383219955,68.3,0.40654761904761905,115.5,83.0,0.0,0.0,1.0,0.0,1.0,30.0,0.0,0.42857142857142855,9600.0,0.16666666666666666,2014,5.2,0.0,0.0,0.0
46.0,0.0,4.0,155.0,55.8,23.2258064516129,84.5,0.5451612903225806,118.5,70.0,0.0,0.0,0.0,0.0,0.0,0.0,0.5714285714285714,1.4285714285714286,12480.0,0.3333333333333333,2014,3.9,1.0,0.0,0.0
35.0,1.0,6.0,172.0,59.3,20.04461871281774,74.0,0.43023255813953487,146.5,90.5,0.0,0.0,0.0,0.0,0.0,0.0,0.2857142857142857,1.4285714285714286,20400.0,0.16666666666666666,2014,3.3,1.0,0.0,0.0
32.0,1.0,14.0,172.0,71.7,24.236073553272043,83.4,0.4848837209302326,115.5,83.0,0.0,0.0,0.0,0.0,1.0,2.0,0.2857142857142857,0.8571428571428571,14400.0,2.0,2014,4.6,1.0,0.0,0.0
56.0,1.0,11.0,158.0,57.0,22.832879346258608,79.0,0.5,179.0,114.0,1.0,0.0,0.0,0.0,1.0,0.5,0.42857142857142855,0.2857142857142857,14400.0,0.3333333333333333,2014,4.1,1.0,0.0,0.0
29.0,1.0,13.0,152.0,54.3,23.50242382271468,76.0,0.5,179.0,112.5,0.0,0.0,0.0,0.0,1.0,0.5,0.14285714285714285,0.42857142857142855,3360.0,0.5,2014,4.6,,0.0,0.0
57.0,1.0,,155.0,54.1,22.518210197710715,78.5,0.5064516129032258,179.0,112.5,0.0,0.0,1.0,0.0,1.0,2.0,0.14285714285714285,0.14285714285714285,480.0,1.0,2014,4.8,1.0,0.0,0.0
30.0,0.0,8.0,146.0,49.5,23.221992869206233,84.2,0.5767123287671233,144.5,92.0,0.0,0.0,0.0,0.0,0.0,0.0,1.4285714285714286,1.1428571428571428,1680.0,0.16666666666666666,2014,5.6,1.0,0.0,0.0
54.0,1.0,3.0,165.0,56.2,20.642791551882464,81.0,0.4909090909090909,169.5,109.5,0.0,0.0,0.0,0.0,0.0,0.0,0.5714285714285714,0.8571428571428571,600.0,1.0,2014,4.8,1.0,0.0,0.0
46.0,0.0,4.0,140.0,42.9,21.887755102040817,71.1,0.5078571428571428,115.5,84.0,0.0,1.0,0.0,0.0,0.0,0.0,0.5714285714285714,1.4285714285714286,16080.0,3.0,2014,4.7,1.0,0.0,0.0
49.0,0.0,5.0,169.0,76.1,26.644725324743533,99.9,0.5911242603550296,96.0,65.5,0.0,0.0,0.0,0.0,0.0,0.0,0.8571428571428571,0.8571428571428571,14640.0,1.0,2014,4.4,1.0,0.0,0.0
35.0,0.0,2.0,153.0,67.4,28.792344824640097,93.0,0.6078431372549019,120.5,94.0,0.0,0.0,0.0,0.0,0.0,0.0,0.8571428571428571,0.8571428571428571,4140.0,2.0,2014,6.0,0.0,0.0,0.0
50.0,0.0,2.0,152.0,68.3,29.56198060941828,91.6,0.6026315789473684,146.5,106.0,0.0,0.0,0.0,0.0,0.0,0.0,1.7142857142857142,0.8571428571428571,7200.0,1.5,2014,4.7,1.0,0.0,0.0
30.0,0.0,7.0,163.0,49.5,18.63073506718356,72.0,0.44171779141104295,114.5,78.0,0.0,0.0,0.0,0.0,0.0,0.0,1.7142857142857142,0.2857142857142857,4560.0,1.8333333333333333,2014,5.3,1.0,0.0,0.0
58.0,1.0,14.0,153.0,94.5,40.36908881199539,125.0,0.8169934640522876,176.5,118.0,0.0,1.0,0.0,0.0,1.0,6.0,0.2857142857142857,0.2857142857142857,840.0,12.0,2014,5.1,1.0,0.0,0.0
34.0,0.0,7.0,156.0,108.6,44.62524654832347,120.1,0.7698717948717948,120.0,91.0,0.0,1.0,0.0,0.0,0.0,0.0,1.4285714285714286,0.5714285714285714,16080.0,3.5,2014,4.6,1.0,0.0,0.0
56.0,1.0,1.0,185.0,97.5,28.487947406866322,96.0,0.518918918918919,156.5,82.0,0.0,0.0,0.0,0.0,0.0,0.0,1.7142857142857142,0.5714285714285714,30240.0,2.5,2014,4.2,1.0,0.0,0.0
54.0,1.0,7.0,166.0,58.5,21.2294962984468,84.5,0.5090361445783133,114.0,78.5,0.0,0.0,0.0,0.0,0.0,0.0,0.8571428571428571,1.1428571428571428,24240.0,5.0,2014,5.4,1.0,0.0,0.0
49.0,0.0,6.0,170.0,60.4,20.899653979238757,89.0,0.5235294117647059,121.5,86.5,0.0,1.0,0.0,0.0,0.0,0.0,0.7142857142857143,0.14285714285714285,8880.0,3.5,2014,4.6,1.0,0.0,0.0
32.0,0.0,10.0,,,,,,129.5,97.5,0.0,0.0,0.0,0.0,1.0,2.0,0.2857142857142857,1.1428571428571428,960.0,13.0,2014,4.2,1.0,0.0,0.0
60.0,0.0,,134.0,53.7,29.906437959456447,76.0,0.5671641791044776,209.0,134.0,0.0,1.0,0.0,1.0,1.0,30.0,0.0,1.1428571428571428,13260.0,1.0,2014,4.8,1.0,0.0,0.0
36.0,1.0,4.0,172.0,70.5,23.830448891292594,82.5,0.4796511627906977,134.0,86.5,0.0,0.0,0.0,0.0,0.0,0.0,0.2857142857142857,0.5714285714285714,3720.0,5.0,2014,5.1,1.0,0.0,0.0
44.0,0.0,14.0,156.0,54.2,22.271531886916502,71.5,0.4583333333333333,96.0,67.0,0.0,1.0,0.0,0.0,0.0,0.0,2.0,0.2857142857142857,500.0,2.0,2014,5.5,1.0,1.0,1.0
50.0,1.0,19.0,168.0,76.2,26.998299319727895,95.5,0.5684523809523809,132.5,84.5,0.0,0.0,0.0,0.0,1.0,0.5,1.2857142857142858,0.5714285714285714,200.0,0.16666666666666666,2014,5.5,1.0,0.0,0.0
29.0,1.0,13.0,158.0,62.1,24.8758211825028,81.9,0.5183544303797468,133.0,86.0,0.0,1.0,0.0,0.0,1.0,0.5,0.2857142857142857,1.1428571428571428,13440.0,2.0,2014,5.5,0.0,0.0,0.0
54.0,1.0,4.0,167.0,69.5,24.920219441356807,93.5,0.5598802395209581,173.5,101.5,0.0,1.0,0.0,0.0,0.0,0.0,0.8571428571428571,0.8571428571428571,8400.0,0.5,2014,5.4,1.0,1.0,1.0
54.0,1.0,,170.0,63.1,21.83391003460208,79.5,0.4676470588235294,119.0,91.5,0.0,0.0,0.0,0.0,1.0,2.0,4.0,2.142857142857143,29400.0,0.3333333333333333,2014,4.2,1.0,0.0,0.0
42.0,1.0,10.0,174.0,74.5,24.606949398863787,87.1,0.5005747126436781,127.0,85.5,0.0,0.0,0.0,0.0,0.0,0.0,2.0,0.5714285714285714,27360.0,1.0,2014,5.4,1.0,0.0,0.0
26.0,1.0,,174.0,83.4,27.5465715418153,93.0,0.5344827586206896,145.5,103.5,0.0,0.0,0.0,0.0,1.0,6.0,0.0,0.2857142857142857,20920.0,0.3333333333333333,2014,5.0,1.0,0.0,0.0
61.0,0.0,,147.0,69.1,31.977416817066963,82.1,0.5585034013605442,172.5,116.0,1.0,1.0,0.0,0.0,0.0,0.0,0.0,0.2857142857142857,0.0,2.0,2014,6.0,0.0,0.0,0.0
38.0,1.0,25.0,168.0,76.2,26.998299319727895,89.5,0.5327380952380952,114.5,83.5,0.0,0.0,0.0,0.0,0.0,0.0,2.0,0.5714285714285714,800.0,8.0,2014,6.5,0.0,0.0,0.0
39.0,0.0,12.0,172.0,81.8,27.6500811249324,98.4,0.572093023255814,124.0,87.5,0.0,0.0,0.0,0.0,1.0,6.0,4.0,0.8571428571428571,0.0,4.0,2014,5.1,1.0,0.0,0.0
35.0,0.0,,155.0,75.8,31.550468262226843,93.5,0.603225806451613,154.5,104.0,0.0,0.0,0.0,0.0,0.0,0.0,0.0,0.5714285714285714,10320.0,5.0,2014,4.5,1.0,0.0,0.0
62.0,0.0,,151.0,53.4,23.420025437480813,88.5,0.5860927152317881,141.0,106.0,0.0,1.0,0.0,0.0,0.0,0.0,0.0,1.2857142857142858,10560.0,4.0,2014,4.3,1.0,0.0,0.0
29.0,1.0,8.0,159.0,62.0,24.524346347059055,74.5,0.46855345911949686,129.5,88.0,0.0,0.0,1.0,0.0,1.0,6.0,0.2857142857142857,0.42857142857142855,36960.0,6.0,2014,5.4,1.0,0.0,0.0
31.0,0.0,11.0,158.0,50.5,20.229129947123855,76.5,0.48417721518987344,126.5,90.5,0.0,0.0,0.0,0.0,1.0,0.5,0.8571428571428571,0.14285714285714285,40.0,4.0,2014,4.9,1.0,0.0,0.0
37.0,0.0,5.0,154.0,54.7,23.064597739922416,77.0,0.5,151.0,104.5,0.0,0.0,0.0,0.0,0.0,0.0,0.14285714285714285,0.8571428571428571,26640.0,2.0,2014,8.8,0.0,0.0,0.0
59.0,1.0,5.0,175.0,96.0,31.346938775510203,107.5,0.6142857142857143,149.0,93.5,1.0,0.0,0.0,0.0,0.0,0.0,0.0,1.2857142857142858,9600.0,4.0,2014,13.6,0.0,1.0,1.0
42.0,1.0,6.0,174.0,83.4,27.5465715418153,93.0,0.5344827586206896,117.5,80.0,0.0,0.0,0.0,0.0,1.0,6.0,0.2857142857142857,0.8571428571428571,3360.0,1.0,2014,4.5,1.0,0.0,0.0
49.0,1.0,16.0,174.0,79.7,26.3244814374422,94.5,0.5431034482758621,120.0,87.5,0.0,1.0,0.0,0.0,1.0,22.0,0.5714285714285714,0.14285714285714285,1440.0,2.0,2014,4.6,1.0,0.0,0.0
34.0,0.0,13.0,163.0,55.3,20.813730287176785,77.5,0.4754601226993865,118.5,92.5,0.0,0.0,0.0,0.0,0.0,0.0,2.0,1.4285714285714286,11880.0,2.5,2014,4.6,1.0,0.0,0.0
48.0,1.0,7.0,152.0,72.2,31.25,91.9,0.6046052631578948,120.5,76.0,0.0,0.0,0.0,0.0,1.0,6.0,0.8571428571428571,1.4285714285714286,11520.0,2.0,2014,4.8,1.0,0.0,0.0
28.0,1.0,11.0,170.0,61.4,21.245674740484432,76.1,0.4476470588235294,101.5,64.5,0.0,0.0,0.0,0.0,1.0,6.0,0.8571428571428571,0.8571428571428571,18240.0,2.5,2014,5.0,1.0,0.0,0.0
26.0,0.0,11.0,155.0,61.9,25.76482830385015,87.5,0.5645161290322581,103.5,64.0,0.0,0.0,0.0,0.0,1.0,2.0,0.8571428571428571,0.5714285714285714,12000.0,2.0,2014,8.8,0.0,0.0,0.0
28.0,1.0,,169.0,54.9,19.222016035853088,77.0,0.4556213017751479,132.0,82.0,0.0,0.0,0.0,0.0,0.0,0.0,0.8571428571428571,0.5714285714285714,14880.0,1.0,2014,4.2,1.0,0.0,0.0
29.0,0.0,12.0,152.0,51.8,22.420360110803323,74.5,0.4901315789473684,103.5,76.0,0.0,0.0,0.0,0.0,0.0,0.0,3.0,0.5714285714285714,2880.0,4.0,2014,4.9,1.0,0.0,0.0
27.0,1.0,4.0,155.0,57.1,23.766909469302806,74.0,0.4774193548387097,133.5,81.0,0.0,0.0,0.0,0.0,0.0,0.0,2.857142857142857,0.5714285714285714,23040.0,5.0,2014,5.1,1.0,0.0,0.0
34.0,1.0,3.0,146.0,62.7,29.414524300994564,68.0,0.4657534246575342,98.5,70.0,0.0,0.0,0.0,0.0,1.0,2.0,0.0,2.0,14400.0,5.0,2014,4.3,1.0,0.0,0.0
53.0,0.0,,146.0,51.4,24.11334209044849,85.1,0.582876712328767,155.5,105.5,0.0,0.0,0.0,0.0,1.0,0.5,0.7142857142857143,0.7142857142857143,560.0,0.3333333333333333,2014,5.3,1.0,0.0,0.0
33.0,0.0,8.0,153.0,76.4,32.63701994959204,101.0,0.6601307189542484,135.0,89.5,0.0,0.0,0.0,0.0,0.0,0.0,1.0,0.14285714285714285,1200.0,0.5,2014,7.3,0.0,0.0,0.0
50.0,1.0,7.0,166.0,77.0,27.94309769197271,95.0,0.572289156626506,123.0,79.5,0.0,1.0,0.0,0.0,1.0,0.5,2.5714285714285716,0.2857142857142857,40320.0,0.3333333333333333,2014,6.8,1.0,0.0,1.0
57.0,1.0,4.0,162.0,57.9,22.062185642432553,83.5,0.5154320987654321,168.5,98.5,0.0,0.0,0.0,0.0,1.0,6.0,0.2857142857142857,1.4285714285714286,12600.0,1.5,2014,4.3,1.0,0.0,0.0
46.0,1.0,5.0,161.0,54.8,21.141159677481575,75.1,0.4664596273291925,131.0,84.0,0.0,0.0,0.0,0.0,1.0,0.5,0.0,1.4285714285714286,10000.0,3.0,2014,5.0,1.0,0.0,0.0
49.0,0.0,5.0,164.0,72.4,26.918500892326,96.5,0.5884146341463414,129.0,86.5,0.0,0.0,0.0,0.0,0.0,0.0,0.5714285714285714,1.4285714285714286,6360.0,3.0,2014,5.1,1.0,0.0,0.0
61.0,0.0,5.0,157.0,63.1,25.59941579780113,88.5,0.5636942675159236,163.5,107.0,0.0,1.0,0.0,0.0,1.0,0.5,0.14285714285714285,0.8571428571428571,5280.0,2.0,2014,5.4,1.0,0.0,0.0
30.0,0.0,4.0,170.0,57.3,19.826989619377162,80.0,0.47058823529411764,121.5,80.5,0.0,0.0,0.0,0.0,0.0,0.0,0.14285714285714285,0.8571428571428571,6120.0,2.0,2014,4.4,1.0,0.0,0.0
55.0,1.0,4.0,175.0,55.5,18.122448979591837,81.5,0.4657142857142857,112.0,72.5,0.0,0.0,0.0,0.0,0.0,0.0,0.0,1.4285714285714286,3960.0,2.0,2014,4.4,1.0,0.0,0.0
50.0,1.0,7.0,177.0,70.5,22.503112132528965,89.5,0.5056497175141242,167.0,104.5,0.0,1.0,1.0,0.0,1.0,6.0,0.0,0.2857142857142857,9600.0,4.0,2014,5.2,1.0,0.0,0.0
28.0,1.0,10.0,160.0,46.3,18.085937499999996,65.2,0.40750000000000003,128.5,76.5,0.0,0.0,0.0,0.0,1.0,0.5,0.0,1.1428571428571428,3360.0,6.0,2014,4.6,1.0,1.0,1.0
55.0,0.0,5.0,159.0,65.8,26.02745144574977,94.5,0.5943396226415094,158.0,96.5,0.0,1.0,0.0,0.0,0.0,0.0,0.8571428571428571,1.4285714285714286,8040.0,1.5,2014,5.7,1.0,0.0,0.0
26.0,0.0,,160.0,57.9,22.617187499999996,73.5,0.459375,125.5,63.5,0.0,0.0,0.0,0.0,0.0,0.0,0.42857142857142855,0.5714285714285714,8160.0,3.0,2014,5.4,0.0,0.0,0.0
25.0,0.0,,170.0,62.5,21.626297577854675,82.5,0.4852941176470588,127.5,88.0,0.0,0.0,0.0,0.0,1.0,0.5,0.5714285714285714,1.4285714285714286,7920.0,2.0,2014,4.8,1.0,0.0,0.0
52.0,0.0,4.0,162.0,62.9,23.96738302088096,86.0,0.5308641975308642,124.0,78.5,0.0,0.0,0.0,0.0,0.0,0.0,0.2857142857142857,0.42857142857142855,10200.0,0.5,2014,5.5,0.0,0.0,0.0
48.0,0.0,,160.0,63.8,24.921874999999993,94.5,0.590625,124.0,80.0,0.0,0.0,0.0,0.0,0.0,0.0,0.14285714285714285,2.0,16800.0,0.5,2014,5.3,1.0,0.0,0.0
32.0,0.0,5.0,155.0,50.4,20.978147762747135,86.0,0.5548387096774193,118.5,86.0,0.0,0.0,0.0,0.0,1.0,0.5,0.8571428571428571,2.142857142857143,6240.0,1.0,2014,7.3,1.0,0.0,1.0
32.0,0.0,5.0,169.0,52.6,18.416722103567807,71.1,0.4207100591715976,102.0,69.0,0.0,0.0,0.0,0.0,0.0,0.0,0.8571428571428571,0.5714285714285714,12480.0,0.16666666666666666,2014,4.5,1.0,0.0,0.0
40.0,0.0,8.0,157.0,75.1,30.46776745506917,84.5,0.5382165605095541,122.0,81.5,0.0,1.0,0.0,0.0,0.0,0.0,0.0,2.142857142857143,17520.0,1.0,2014,4.3,1.0,0.0,0.0
53.0,1.0,,154.0,50.2,21.16714454376792,72.5,0.4707792207792208,96.0,63.5,0.0,0.0,1.0,0.0,1.0,2.0,0.0,0.8571428571428571,12960.0,3.0,2014,4.5,1.0,0.0,0.0
45.0,1.0,5.0,165.0,61.9,22.73645546372819,84.5,0.5121212121212121,123.0,77.5,0.0,0.0,0.0,0.0,1.0,6.0,0.7142857142857143,0.8571428571428571,8280.0,3.5,2014,4.4,1.0,0.0,0.0
26.0,0.0,8.0,163.0,49.5,18.63073506718356,72.0,0.44171779141104295,114.5,78.0,0.0,0.0,0.0,0.0,1.0,0.5,0.14285714285714285,0.5714285714285714,21600.0,2.0,2014,5.3,1.0,0.0,0.0
38.0,1.0,2.0,167.0,59.6,21.37043278712037,77.0,0.46107784431137727,121.0,81.5,0.0,0.0,0.0,0.0,0.0,0.0,0.0,1.1428571428571428,10560.0,2.0,2014,4.7,1.0,0.0,0.0
53.0,1.0,2.0,160.0,47.9,18.710937499999996,71.5,0.446875,126.0,74.0,0.0,0.0,1.0,0.0,0.0,0.0,0.0,1.7142857142857142,7200.0,1.0,2014,4.6,1.0,0.0,0.0
43.0,0.0,,150.0,64.5,28.666666666666668,93.5,0.6233333333333333,125.0,83.5,0.0,0.0,0.0,0.0,0.0,0.0,0.0,1.7142857142857142,6840.0,2.5,2014,4.9,1.0,0.0,0.0
51.0,1.0,,160.0,60.8,23.749999999999993,83.0,0.51875,135.5,83.5,0.0,0.0,0.0,0.0,0.0,0.0,0.0,1.7142857142857142,11880.0,3.0,2014,3.0,0.0,0.0,0.0
43.0,0.0,,154.0,40.9,17.245741271715296,66.6,0.43246753246753245,89.5,59.0,0.0,0.0,0.0,0.0,0.0,0.0,0.0,2.0,6600.0,2.0,2014,4.1,1.0,0.0,0.0
51.0,1.0,8.0,174.0,65.8,21.73338618047298,81.3,0.4672413793103448,110.5,69.5,0.0,0.0,0.0,0.0,0.0,0.0,0.0,2.0,28320.0,4.0,2014,4.3,0.0,0.0,0.0
20.0,0.0,,168.0,76.4,27.069160997732432,84.5,0.5029761904761905,124.0,76.5,0.0,0.0,0.0,0.0,0.0,0.0,0.0,0.8571428571428571,17760.0,6.0,2014,4.3,1.0,0.0,0.0
54.0,0.0,,156.0,50.2,20.627876397107165,70.6,0.4525641025641025,120.0,82.5,0.0,0.0,0.0,1.0,1.0,30.0,0.0,0.8571428571428571,26880.0,3.0,2014,4.9,1.0,0.0,0.0
29.0,1.0,8.0,175.0,65.8,21.485714285714284,79.5,0.4542857142857143,128.0,87.0,0.0,0.0,0.0,0.0,1.0,0.5,0.0,0.42857142857142855,25200.0,2.5,2014,4.4,1.0,0.0,0.0
37.0,1.0,,183.0,62.9,18.782286721012866,74.5,0.40710382513661203,117.5,72.5,0.0,0.0,0.0,0.0,1.0,0.5,0.0,0.8571428571428571,13160.0,1.0,2014,4.7,1.0,0.0,0.0
58.0,0.0,,162.0,53.5,20.385611949397955,76.5,0.4722222222222222,135.0,89.0,0.0,0.0,0.0,0.0,0.0,0.0,2.5714285714285716,2.0,12240.0,0.3333333333333333,2014,4.3,1.0,0.0,0.0
34.0,1.0,,173.0,53.3,17.8088141935915,73.2,0.423121387283237,124.0,76.5,0.0,0.0,0.0,0.0,1.0,0.5,1.7142857142857142,0.5714285714285714,19080.0,0.5,2014,4.9,1.0,0.0,0.0
36.0,0.0,11.0,150.0,50.0,22.22222222222222,73.0,0.4866666666666667,100.5,70.5,0.0,1.0,0.0,0.0,0.0,0.0,0.8571428571428571,1.1428571428571428,720.0,0.3333333333333333,2014,4.5,0.0,0.0,0.0
57.0,1.0,7.0,164.0,62.0,23.051754907792983,85.2,0.5195121951219512,141.0,91.0,0.0,0.0,0.0,0.0,0.0,0.0,0.14285714285714285,0.5714285714285714,1440.0,6.0,2014,4.2,1.0,0.0,0.0
44.0,0.0,1.0,161.0,64.2,24.767562979823307,81.5,0.5062111801242236,100.0,54.0,0.0,1.0,0.0,0.0,0.0,0.0,0.0,1.1428571428571428,0.0,6.0,2014,7.4,0.0,0.0,0.0
28.0,0.0,8.0,167.0,64.8,23.234967191365772,85.5,0.5119760479041916,112.5,61.5,0.0,0.0,0.0,0.0,0.0,0.0,0.2857142857142857,0.2857142857142857,480.0,3.5,2014,7.2,0.0,0.0,0.0
44.0,0.0,3.0,162.0,58.3,22.214601432708424,88.0,0.5432098765432098,130.0,84.0,0.0,1.0,0.0,0.0,0.0,0.0,0.14285714285714285,0.8571428571428571,480.0,4.5,2014,5.4,0.0,0.0,0.0
57.0,0.0,5.0,153.0,78.0,33.320517749583495,91.0,0.5947712418300654,150.5,98.0,0.0,0.0,0.0,0.0,0.0,0.0,0.2857142857142857,0.5714285714285714,0.0,3.5,2014,4.7,0.0,0.0,0.0
28.0,0.0,11.0,170.0,67.4,23.321799307958482,84.2,0.49529411764705883,122.0,86.5,0.0,0.0,0.0,0.0,1.0,2.0,1.1428571428571428,0.5714285714285714,0.0,4.333333333333333,2014,4.5,1.0,0.0,0.0
33.0,1.0,13.0,162.0,62.3,23.738759335467147,87.9,0.5425925925925926,183.0,112.0,0.0,0.0,0.0,0.0,0.0,0.0,0.5714285714285714,0.8571428571428571,10280.0,2.5,2014,6.6,0.0,0.0,0.0
52.0,1.0,22.0,184.0,73.3,21.650519848771264,82.8,0.45,120.0,80.5,0.0,0.0,0.0,0.0,1.0,2.0,0.8571428571428571,0.8571428571428571,12000.0,4.0,2014,5.8,1.0,0.0,0.0
28.0,0.0,6.0,151.0,64.4,28.244375246699708,75.0,0.4966887417218543,118.5,83.0,0.0,0.0,0.0,0.0,0.0,0.0,0.0,1.1428571428571428,7200.0,6.0,2014,4.5,1.0,0.0,0.0
37.0,0.0,8.0,159.0,63.0,24.919900320398717,87.4,0.549685534591195,104.0,75.5,0.0,0.0,0.0,0.0,0.0,0.0,3.0,0.0,10800.0,4.0,2014,4.9,1.0,0.0,0.0
27.0,0.0,8.0,153.0,78.8,33.66226664957922,95.7,0.6254901960784314,132.0,71.0,0.0,0.0,0.0,0.0,1.0,0.5,0.0,0.2857142857142857,80.0,3.0,2014,5.9,0.0,0.0,0.0
25.0,1.0,8.0,176.0,63.3,20.43517561983471,76.0,0.4318181818181818,158.0,93.0,0.0,0.0,0.0,0.0,0.0,0.0,1.7142857142857142,1.4285714285714286,16560.0,0.3333333333333333,2014,6.4,0.0,0.0,0.0
26.0,1.0,7.0,165.0,64.7,23.76492194674013,76.2,0.46181818181818185,114.5,75.0,0.0,0.0,0.0,0.0,1.0,0.5,0.0,0.8571428571428571,12960.0,0.3333333333333333,2014,4.8,1.0,0.0,0.0
25.0,1.0,,169.0,61.6,21.567872273379788,71.0,0.42011834319526625,108.5,69.5,0.0,0.0,0.0,0.0,0.0,0.0,0.0,0.8571428571428571,34440.0,0.5,2014,4.3,1.0,0.0,0.0
50.0,0.0,1.0,163.0,56.1,21.11483307614137,76.1,0.46687116564417175,107.5,73.5,0.0,0.0,0.0,0.0,1.0,2.0,0.0,1.4285714285714286,4080.0,1.5,2014,5.2,0.0,0.0,0.0
56.0,0.0,2.0,152.0,57.1,24.714335180055404,78.5,0.5164473684210527,119.5,78.0,0.0,0.0,0.0,0.0,0.0,0.0,0.5714285714285714,2.0,7440.0,2.0,2014,3.9,1.0,0.0,0.0
48.0,1.0,5.0,170.0,60.1,20.795847750865054,79.9,0.47000000000000003,123.5,83.0,0.0,0.0,1.0,0.0,1.0,6.0,0.0,1.7142857142857142,23520.0,1.0,2014,3.5,1.0,0.0,0.0
57.0,1.0,6.0,174.0,68.7,22.69124058660325,82.9,0.47643678160919545,207.5,101.5,0.0,0.0,1.0,0.0,0.0,0.0,0.0,0.8571428571428571,15520.0,,2014,6.0,1.0,0.0,0.0
31.0,1.0,,162.0,50.4,19.20438957475994,71.1,0.43888888888888883,109.5,66.5,0.0,0.0,1.0,0.0,1.0,2.0,0.0,0.42857142857142855,26400.0,4.0,2014,3.2,1.0,0.0,0.0
33.0,0.0,,148.0,46.5,21.228999269539813,78.0,0.527027027027027,99.5,70.5,0.0,0.0,0.0,0.0,0.0,0.0,0.8571428571428571,1.2857142857142858,5760.0,6.0,2014,3.9,1.0,0.0,0.0
39.0,0.0,4.0,157.0,77.3,31.360298592234976,100.0,0.6369426751592356,112.5,83.0,0.0,1.0,0.0,0.0,0.0,0.0,0.0,2.0,25200.0,4.0,2014,3.3,1.0,0.0,0.0
56.0,0.0,5.0,155.0,59.0,24.55775234131113,81.0,0.5225806451612903,108.5,75.5,0.0,0.0,0.0,0.0,1.0,0.5,0.8571428571428571,0.42857142857142855,10320.0,0.3333333333333333,2014,5.3,1.0,0.0,0.0
37.0,0.0,11.0,154.0,88.3,37.23224827120931,105.0,0.6818181818181818,122.5,75.5,0.0,1.0,0.0,0.0,0.0,0.0,2.142857142857143,1.1428571428571428,8000.0,1.0,2014,7.8,0.0,0.0,0.0
48.0,0.0,2.0,158.0,96.0,38.45537574106713,117.0,0.740506329113924,166.0,98.0,0.0,1.0,0.0,0.0,0.0,0.0,0.42857142857142855,1.1428571428571428,10560.0,1.0,2014,4.1,1.0,0.0,0.0
27.0,1.0,19.0,180.0,92.3,28.48765432098765,92.7,0.515,125.0,72.5,0.0,0.0,0.0,0.0,0.0,0.0,0.2857142857142857,0.14285714285714285,0.0,6.0,2014,6.7,0.0,0.0,0.0
54.0,0.0,7.0,166.0,,,126.5,0.7620481927710844,136.5,104.5,0.0,0.0,0.0,0.0,0.0,0.0,3.0,0.42857142857142855,980.0,6.0,2014,8.9,1.0,0.0,1.0
56.0,0.0,12.0,155.0,86.8,36.12903225806451,106.2,0.6851612903225807,112.0,64.0,0.0,0.0,0.0,0.0,1.0,14.0,4.0,0.14285714285714285,580.0,3.0,2014,5.2,0.0,0.0,0.0
55.0,0.0,12.0,155.0,82.0,34.131113423517164,103.0,0.6645161290322581,107.0,75.5,1.0,1.0,0.0,0.0,0.0,0.0,0.8571428571428571,0.8571428571428571,80.0,10.0,2014,5.4,1.0,0.0,0.0
63.0,0.0,17.0,159.0,53.3,21.08302677900399,83.1,0.5226415094339623,132.0,78.0,0.0,0.0,0.0,0.0,1.0,14.0,0.7142857142857143,2.0,600.0,2.0,2014,6.5,1.0,0.0,1.0
44.0,0.0,19.0,166.0,83.2,30.19306140223545,82.0,0.4939759036144578,108.5,77.0,0.0,0.0,0.0,0.0,1.0,0.5,2.0,1.0,2400.0,10.0,2014,7.1,0.0,0.0,0.0
19.0,1.0,14.0,178.0,87.7,27.67958591086984,69.6,0.39101123595505616,140.0,81.0,0.0,0.0,0.0,0.0,0.0,0.0,2.0,0.2857142857142857,12360.0,0.5,2014,,,0.0,0.0
60.0,1.0,14.0,171.0,122.9,42.03002633288876,116.1,0.6789473684210526,195.0,105.0,0.0,1.0,0.0,0.0,0.0,0.0,0.42857142857142855,0.42857142857142855,600.0,1.0,2014,4.5,0.0,0.0,0.0
35.0,0.0,19.0,159.0,70.1,27.728333531110316,91.5,0.5754716981132075,95.5,64.0,0.0,0.0,0.0,0.0,1.0,6.0,2.0,0.8571428571428571,0.0,8.0,2014,5.2,0.0,0.0,0.0
24.0,0.0,16.0,,,,,,,,,0.0,0.0,0.0,1.0,2.0,1.4285714285714286,0.42857142857142855,0.0,2.0,2014,,,0.0,0.0
34.0,0.0,16.0,157.0,70.8,28.723274777881453,90.4,0.575796178343949,111.0,71.5,0.0,0.0,0.0,0.0,1.0,2.0,2.0,0.5714285714285714,16800.0,0.5,2014,4.1,1.0,0.0,0.0
31.0,0.0,15.0,165.0,65.5,24.05876951331497,78.1,0.4733333333333333,107.5,71.5,0.0,0.0,0.0,0.0,1.0,2.0,0.8571428571428571,0.8571428571428571,720.0,1.0,2014,5.4,0.0,0.0,0.0
56.0,0.0,7.0,161.0,94.6,36.4955055746306,99.2,0.6161490683229813,189.5,106.0,0.0,1.0,0.0,0.0,0.0,0.0,2.5714285714285716,0.8571428571428571,480.0,0.75,2014,5.1,0.0,0.0,0.0
35.0,1.0,16.0,178.0,73.7,23.260951900012625,84.0,0.47191011235955055,115.0,56.5,0.0,0.0,0.0,0.0,1.0,2.0,2.5714285714285716,0.2857142857142857,960.0,,2014,7.3,0.0,0.0,0.0
32.0,0.0,14.0,,,,,,,,,0.0,0.0,0.0,1.0,2.0,3.0,0.5714285714285714,31080.0,0.5,2014,,,0.0,0.0
59.0,1.0,19.0,177.0,78.8,25.152414695649394,92.3,0.5214689265536723,148.0,87.5,1.0,1.0,0.0,0.0,1.0,0.5,3.0,0.2857142857142857,2220.0,5.0,2014,10.8,1.0,0.0,1.0
32.0,0.0,15.0,165.0,79.4,29.164370982552807,93.0,0.5636363636363636,116.0,74.0,0.0,0.0,0.0,0.0,0.0,0.0,0.8571428571428571,1.1428571428571428,14840.0,0.5,2014,4.5,1.0,0.0,0.0
30.0,0.0,21.0,163.0,103.6,38.99281117091347,102.1,0.6263803680981594,109.5,77.5,0.0,0.0,0.0,0.0,0.0,0.0,1.7142857142857142,0.42857142857142855,4140.0,2.0,2014,5.5,1.0,0.0,0.0
20.0,0.0,13.0,156.0,73.0,29.996712689020377,86.1,0.5519230769230768,129.5,71.5,0.0,0.0,0.0,0.0,1.0,0.5,2.0,0.14285714285714285,1680.0,2.0,2014,,,0.0,0.0
48.0,0.0,10.0,156.0,91.3,37.51643655489809,105.5,0.6762820512820513,176.0,97.5,0.0,1.0,0.0,0.0,1.0,6.0,2.0,0.0,24360.0,2.0,2014,4.8,0.0,0.0,0.0
51.0,1.0,17.0,175.0,86.8,28.34285714285714,102.4,0.5851428571428572,138.0,86.5,0.0,0.0,0.0,0.0,1.0,6.0,2.0,0.2857142857142857,1680.0,5.0,2014,5.2,1.0,0.0,0.0
52.0,1.0,16.0,163.0,77.0,28.981143437841094,95.5,0.5858895705521472,141.5,97.5,0.0,0.0,0.0,0.0,1.0,30.0,3.0,3.0,2880.0,2.0,2014,8.5,0.0,0.0,0.0
43.0,0.0,25.0,169.0,102.0,35.71303525786913,95.0,0.5621301775147929,105.0,70.0,0.0,0.0,0.0,0.0,1.0,0.5,2.142857142857143,0.2857142857142857,2400.0,6.0,2014,4.3,0.0,0.0,0.0
53.0,1.0,12.0,168.0,68.7,24.340986394557827,84.1,0.5005952380952381,171.5,96.5,0.0,1.0,0.0,0.0,1.0,2.0,4.0,1.1428571428571428,5040.0,3.0,2014,6.6,0.0,0.0,0.0
61.0,1.0,23.0,171.0,82.2,28.111213706781577,105.8,0.6187134502923977,141.5,90.0,0.0,0.0,0.0,0.0,1.0,2.0,5.0,1.0,0.0,12.0,2014,1.1,0.0,1.0,1.0
31.0,1.0,7.0,162.0,68.8,26.215515927450078,78.2,0.48271604938271606,168.5,101.0,0.0,0.0,0.0,0.0,1.0,2.0,0.2857142857142857,0.14285714285714285,31380.0,3.0,2014,4.2,0.0,0.0,0.0
30.0,0.0,7.0,157.0,80.6,32.69909529798369,88.6,0.5643312101910828,133.5,101.0,0.0,0.0,0.0,0.0,1.0,2.0,0.14285714285714285,0.5714285714285714,8400.0,1.0,2014,5.6,1.0,0.0,0.0
26.0,1.0,6.0,165.0,63.3,23.25068870523416,81.2,0.4921212121212121,142.5,106.5,0.0,0.0,1.0,0.0,1.0,30.0,0.14285714285714285,0.2857142857142857,13440.0,5.0,2014,2.2,0.0,0.0,0.0
26.0,0.0,13.0,157.0,50.1,20.32536816909408,72.0,0.4585987261146497,109.5,72.5,0.0,0.0,0.0,0.0,1.0,2.0,1.4285714285714286,0.42857142857142855,14280.0,8.0,2014,5.4,1.0,0.0,0.0
51.0,0.0,10.0,151.0,74.0,32.45471689838165,92.1,0.609933774834437,159.5,96.5,0.0,1.0,0.0,0.0,1.0,0.5,3.0,0.2857142857142857,3360.0,2.0,2014,4.6,1.0,0.0,0.0
36.0,0.0,,152.0,81.8,35.40512465373961,103.4,0.6802631578947369,137.0,99.5,0.0,0.0,0.0,0.0,1.0,2.0,0.0,0.2857142857142857,1680.0,1.0,2014,5.2,1.0,0.0,0.0
58.0,1.0,6.0,153.0,67.7,28.920500662138494,92.8,0.6065359477124183,189.0,105.5,0.0,1.0,0.0,0.0,1.0,2.0,3.0,0.8571428571428571,1680.0,0.75,2014,6.6,1.0,0.0,1.0
30.0,1.0,12.0,190.0,73.4,20.33240997229917,78.5,0.4131578947368421,135.5,90.5,0.0,0.0,0.0,0.0,1.0,0.5,3.0,0.14285714285714285,11600.0,0.5,2014,4.3,1.0,0.0,0.0
24.0,0.0,11.0,164.0,90.2,33.53658536585367,91.1,0.5554878048780487,117.5,76.0,0.0,0.0,0.0,0.0,1.0,2.0,2.0,1.4285714285714286,16800.0,2.0,2014,5.1,1.0,0.0,0.0
26.0,0.0,2.0,148.0,52.9,24.150840029218408,70.0,0.47297297297297297,99.0,71.5,0.0,0.0,0.0,0.0,1.0,6.0,0.14285714285714285,0.0,15120.0,2.0,2014,5.3,0.0,0.0,0.0
34.0,0.0,6.0,141.0,43.7,21.980785674764856,76.1,0.5397163120567375,101.5,71.5,0.0,0.0,0.0,0.0,0.0,0.0,2.0,2.0,11280.0,5.0,2014,5.1,1.0,0.0,0.0
52.0,0.0,,149.0,114.3,51.484167379847754,130.0,0.87248322147651,179.5,102.5,0.0,1.0,0.0,0.0,1.0,2.0,0.0,0.8571428571428571,4200.0,6.0,2014,4.7,1.0,0.0,0.0
29.0,1.0,14.0,160.0,60.1,23.476562499999996,76.1,0.47562499999999996,132.5,92.5,0.0,0.0,0.0,0.0,0.0,0.0,0.2857142857142857,0.0,28320.0,2.0,2014,6.4,0.0,0.0,0.0
31.0,0.0,11.0,165.0,81.2,29.825528007346193,88.9,0.5387878787878788,127.5,93.5,0.0,0.0,0.0,0.0,1.0,2.0,0.14285714285714285,0.5714285714285714,12320.0,2.0,2014,6.0,1.0,0.0,0.0
51.0,1.0,16.0,166.0,88.0,31.934968790825955,97.7,0.5885542168674699,140.5,87.5,1.0,1.0,0.0,0.0,1.0,2.0,3.0,0.7142857142857143,4500.0,3.0,2014,5.1,1.0,0.0,0.0
54.0,0.0,4.0,151.0,58.9,25.832200342090257,80.4,0.5324503311258278,232.0,96.5,0.0,1.0,0.0,0.0,0.0,0.0,0.0,0.2857142857142857,7200.0,5.0,2014,8.8,0.0,0.0,0.0
33.0,1.0,17.0,170.0,55.9,19.34256055363322,69.0,0.40588235294117647,123.5,76.5,0.0,0.0,0.0,0.0,1.0,2.0,0.8571428571428571,1.1428571428571428,21360.0,6.0,2014,4.5,0.0,0.0,0.0
46.0,0.0,13.0,162.0,74.8,28.501752781588166,100.0,0.6172839506172839,130.5,90.0,0.0,1.0,0.0,0.0,1.0,2.0,0.14285714285714285,1.1428571428571428,19680.0,2.0,2014,4.8,0.0,0.0,0.0
54.0,1.0,7.0,177.0,86.9,27.737878642791024,87.8,0.49604519774011296,112.0,77.0,0.0,1.0,0.0,0.0,1.0,0.5,0.14285714285714285,0.42857142857142855,1680.0,3.0,2014,4.8,0.0,0.0,0.0
21.0,0.0,13.0,155.0,49.7,20.68678459937565,63.3,0.40838709677419355,95.5,63.0,0.0,0.0,0.0,0.0,0.0,0.0,1.1428571428571428,0.2857142857142857,840.0,8.0,2014,,,0.0,0.0
29.0,1.0,,171.0,52.3,17.88584521733183,69.8,0.408187134502924,148.5,100.5,0.0,0.0,1.0,0.0,1.0,22.0,0.8571428571428571,1.0,9900.0,1.0,2014,4.3,0.0,0.0,0.0
49.0,0.0,5.0,171.0,87.5,29.923737218289393,97.4,0.5695906432748539,186.0,131.5,0.0,1.0,0.0,0.0,0.0,0.0,0.8571428571428571,1.0,9240.0,2.0,2014,5.3,0.0,0.0,0.0
60.0,1.0,4.0,165.0,75.1,27.58494031221304,90.5,0.5484848484848485,149.0,89.5,0.0,1.0,0.0,0.0,0.0,0.0,1.1428571428571428,1.1428571428571428,24380.0,1.5,2014,6.5,0.0,0.0,0.0
41.0,0.0,3.0,152.0,88.1,38.13192520775623,101.7,0.6690789473684211,170.5,107.5,0.0,0.0,0.0,0.0,1.0,0.5,3.0,0.42857142857142855,16520.0,2.0,2014,4.8,0.0,0.0,0.0
39.0,1.0,24.0,171.0,69.5,23.767996990527003,92.9,0.5432748538011696,149.5,100.5,0.0,0.0,0.0,0.0,0.0,0.0,1.4285714285714286,0.5714285714285714,1440.0,9.0,2014,5.2,0.0,0.0,0.0
25.0,0.0,14.0,156.0,49.9,20.504602235371465,71.9,0.4608974358974359,138.0,92.0,0.0,0.0,0.0,0.0,0.0,0.0,1.0,0.42857142857142855,8640.0,2.0,2014,5.2,0.0,0.0,0.0
53.0,0.0,13.0,,,,,,,,,1.0,0.0,0.0,0.0,0.0,0.14285714285714285,0.8571428571428571,7560.0,8.0,2014,,,0.0,0.0
50.0,1.0,7.0,182.0,90.1,27.20082115686511,91.8,0.5043956043956044,136.5,83.5,0.0,1.0,0.0,0.0,1.0,0.5,2.0,2.0,13440.0,2.5,2014,6.2,0.0,1.0,1.0
27.0,0.0,17.0,157.0,58.5,23.73321432918171,79.7,0.5076433121019108,117.0,88.5,0.0,0.0,1.0,0.0,1.0,14.0,4.0,0.8571428571428571,280.0,8.0,2014,4.9,0.0,0.0,0.0
27.0,1.0,,166.0,52.2,18.943242850921763,70.2,0.42289156626506025,103.5,62.5,0.0,0.0,0.0,0.0,0.0,0.0,0.5714285714285714,1.1428571428571428,47340.0,1.0,2014,5.3,1.0,0.0,0.0
59.0,0.0,4.0,165.0,80.2,29.458218549127643,97.0,0.5878787878787879,119.0,61.5,0.0,0.0,0.0,0.0,1.0,0.5,0.8571428571428571,0.5714285714285714,6960.0,5.0,2014,6.5,1.0,0.0,1.0
50.0,0.0,10.0,157.0,113.4,46.00592316118301,117.7,0.7496815286624204,166.5,102.0,0.0,1.0,0.0,0.0,1.0,0.5,0.2857142857142857,0.2857142857142857,5760.0,1.0,2014,3.2,1.0,0.0,0.0
35.0,0.0,16.0,154.0,59.9,25.257210322145387,84.1,0.5461038961038961,109.0,72.0,0.0,0.0,0.0,0.0,1.0,2.0,0.0,0.8571428571428571,600.0,0.75,2014,5.2,1.0,0.0,0.0
54.0,1.0,16.0,174.0,76.0,25.102391333069097,92.1,0.5293103448275862,142.0,97.0,0.0,0.0,0.0,0.0,1.0,2.0,0.42857142857142855,0.8571428571428571,560.0,1.0,2014,5.2,0.0,0.0,0.0
30.0,0.0,18.0,153.0,82.0,35.02926224956214,91.2,0.596078431372549,122.0,81.0,0.0,0.0,0.0,0.0,0.0,0.0,2.857142857142857,1.0,480.0,6.0,2014,6.4,1.0,0.0,1.0
27.0,0.0,15.0,181.0,71.2,21.733158328500352,71.8,0.39668508287292814,130.0,75.5,0.0,0.0,0.0,0.0,0.0,0.0,1.1428571428571428,1.1428571428571428,960.0,3.0,2014,4.9,0.0,0.0,0.0
61.0,1.0,7.0,173.0,62.1,20.749106218049384,88.5,0.5115606936416185,134.5,80.5,0.0,0.0,0.0,0.0,1.0,2.0,0.5714285714285714,0.2857142857142857,840.0,1.0,2014,4.5,0.0,0.0,0.0
38.0,0.0,13.0,164.0,82.1,30.524985127900063,91.6,0.5585365853658536,133.5,93.0,0.0,1.0,0.0,0.0,0.0,0.0,0.2857142857142857,0.5714285714285714,360.0,2.0,2014,3.5,0.0,0.0,0.0
49.0,1.0,18.0,177.0,86.8,27.70595933480162,101.5,0.5734463276836158,184.0,125.5,0.0,0.0,0.0,0.0,1.0,2.0,0.14285714285714285,0.2857142857142857,0.0,4.0,2014,5.1,0.0,1.0,1.0
46.0,1.0,,165.0,59.1,21.707988980716255,73.0,0.44242424242424244,115.0,64.0,0.0,0.0,0.0,0.0,1.0,2.0,0.0,1.1428571428571428,18480.0,2.0,2014,3.8,0.0,0.0,0.0
36.0,0.0,,164.0,118.4,44.021415823914346,117.1,0.7140243902439024,118.5,88.5,0.0,0.0,0.0,0.0,0.0,0.0,2.0,0.8571428571428571,0.0,3.0,2014,5.8,0.0,0.0,0.0
52.0,1.0,8.0,167.0,83.0,29.760837606224676,100.4,0.6011976047904192,137.0,79.0,0.0,0.0,0.0,0.0,0.0,0.0,1.1428571428571428,0.2857142857142857,2520.0,1.5,2014,5.0,0.0,0.0,0.0
29.0,1.0,16.0,168.0,58.1,20.585317460317462,67.0,0.39880952380952384,119.5,80.0,0.0,0.0,0.0,0.0,0.0,0.0,0.8571428571428571,2.0,6600.0,0.75,2014,4.0,0.0,0.0,0.0
30.0,1.0,12.0,162.0,52.8,20.118884316415176,69.0,0.42592592592592593,107.5,65.5,0.0,0.0,0.0,0.0,1.0,0.5,3.0,1.4285714285714286,2720.0,1.5,2014,5.0,0.0,0.0,0.0
34.0,0.0,16.0,164.0,62.9,23.386377156454493,74.5,0.45426829268292684,93.5,65.5,1.0,0.0,0.0,0.0,1.0,2.0,2.0,0.8571428571428571,1080.0,0.75,2014,4.7,0.0,0.0,0.0
31.0,0.0,10.0,147.0,84.4,39.057799990744606,101.4,0.689795918367347,117.0,80.0,0.0,1.0,0.0,0.0,1.0,0.5,1.2857142857142858,0.8571428571428571,21000.0,0.6666666666666666,2014,4.0,1.0,0.0,0.0
49.0,1.0,19.0,166.0,80.4,29.17694875889099,90.3,0.5439759036144578,109.5,77.5,0.0,0.0,0.0,0.0,1.0,6.0,2.142857142857143,1.7142857142857142,6880.0,0.75,2014,5.0,0.0,0.0,0.0
19.0,0.0,15.0,146.0,52.2,24.488647025708392,79.4,0.5438356164383562,121.0,80.5,0.0,0.0,0.0,0.0,0.0,0.0,0.2857142857142857,1.7142857142857142,1440.0,5.0,2014,,,0.0,0.0
38.0,0.0,13.0,168.0,104.9,37.16695011337869,103.0,0.6130952380952381,115.0,69.5,0.0,0.0,0.0,0.0,1.0,0.5,0.5714285714285714,1.2857142857142858,560.0,4.0,2014,5.6,0.0,0.0,0.0
56.0,0.0,3.0,152.0,81.2,35.14542936288089,97.9,0.6440789473684211,145.0,67.5,0.0,1.0,0.0,0.0,0.0,0.0,1.7142857142857142,0.2857142857142857,26880.0,2.0,2014,5.2,0.0,0.0,0.0
52.0,0.0,7.0,153.0,70.3,30.03118458712461,90.4,0.5908496732026144,117.5,79.0,0.0,1.0,0.0,0.0,0.0,0.0,4.0,0.2857142857142857,8880.0,1.5,2014,3.8,0.0,1.0,1.0
33.0,1.0,,166.0,60.8,22.064160255479752,75.4,0.45421686746987955,113.0,76.0,0.0,0.0,0.0,0.0,1.0,6.0,0.5714285714285714,0.5714285714285714,10020.0,4.0,2014,5.5,1.0,0.0,0.0
42.0,0.0,3.0,167.0,71.5,25.63734805837427,91.2,0.5461077844311377,117.0,88.0,0.0,1.0,0.0,0.0,0.0,0.0,0.5714285714285714,3.0,4680.0,0.5,2014,4.9,1.0,0.0,0.0
20.0,0.0,14.0,155.0,52.6,21.89386056191467,65.7,0.4238709677419355,99.0,61.5,0.0,0.0,0.0,0.0,0.0,0.0,0.14285714285714285,0.14285714285714285,5640.0,3.0,2014,,,0.0,0.0
34.0,0.0,16.0,158.0,69.8,27.960262778400892,85.2,0.5392405063291139,186.5,116.0,0.0,1.0,0.0,0.0,0.0,0.0,2.0,1.4285714285714286,7980.0,1.0,2014,4.1,1.0,0.0,0.0
26.0,0.0,8.0,166.0,77.0,27.94309769197271,91.9,0.5536144578313253,123.5,89.0,0.0,0.0,0.0,0.0,0.0,0.0,0.14285714285714285,0.2857142857142857,10080.0,1.5,2014,4.5,1.0,0.0,0.0
24.0,0.0,14.0,163.0,72.0,27.09925100681245,84.1,0.5159509202453988,105.5,71.0,0.0,0.0,0.0,0.0,1.0,6.0,0.2857142857142857,0.14285714285714285,5320.0,5.0,2014,6.2,1.0,0.0,1.0
26.0,1.0,11.0,157.0,54.2,21.988721651993995,65.5,0.4171974522292994,112.0,70.5,0.0,0.0,0.0,0.0,1.0,2.0,0.5714285714285714,0.2857142857142857,720.0,4.0,2014,4.8,0.0,0.0,0.0
60.0,0.0,4.0,147.0,72.4,33.5045582858994,93.3,0.6346938775510204,162.5,84.0,0.0,1.0,0.0,0.0,0.0,0.0,1.4285714285714286,1.4285714285714286,240.0,4.0,2014,4.6,1.0,0.0,0.0
54.0,0.0,,152.0,100.6,43.54224376731302,101.5,0.6677631578947368,136.0,92.5,0.0,1.0,0.0,0.0,0.0,0.0,0.5714285714285714,2.0,720.0,2.0,2014,5.5,0.0,0.0,0.0
32.0,1.0,10.0,171.0,74.4,25.44372627475121,85.0,0.49707602339181284,142.0,86.5,0.0,0.0,0.0,0.0,0.0,0.0,2.0,0.2857142857142857,5520.0,4.0,2014,5.0,1.0,0.0,0.0
39.0,0.0,6.0,163.0,59.3,22.3192442319997,71.6,0.43926380368098156,135.0,84.0,0.0,1.0,0.0,0.0,1.0,2.0,0.2857142857142857,0.5714285714285714,360.0,0.5,2014,4.6,0.0,0.0,0.0
51.0,1.0,8.0,164.0,53.9,20.040154669839385,77.0,0.4695121951219512,125.5,75.0,0.0,0.0,0.0,0.0,0.0,0.0,0.2857142857142857,0.8571428571428571,0.0,4.0,2014,5.2,0.0,0.0,0.0
49.0,1.0,6.0,163.0,59.3,22.3192442319997,76.0,0.4662576687116564,127.0,81.0,0.0,0.0,0.0,0.0,1.0,2.0,0.14285714285714285,0.5714285714285714,840.0,2.0,2014,5.9,1.0,0.0,0.0
29.0,1.0,6.0,180.0,70.4,21.728395061728396,77.1,0.4283333333333333,148.5,97.0,0.0,0.0,0.0,0.0,1.0,6.0,0.8571428571428571,0.14285714285714285,1680.0,0.6666666666666666,2014,4.5,1.0,0.0,0.0
33.0,0.0,,152.0,67.9,29.38885041551247,87.1,0.5730263157894736,103.5,63.5,0.0,0.0,0.0,0.0,0.0,0.0,0.0,1.1428571428571428,5100.0,3.0,2014,5.3,0.0,0.0,0.0
48.0,0.0,4.0,167.0,116.9,41.91616766467066,107.5,0.6437125748502994,155.0,105.0,0.0,0.0,0.0,0.0,0.0,0.0,1.4285714285714286,0.8571428571428571,11400.0,6.0,2014,5.3,1.0,0.0,0.0
37.0,0.0,5.0,155.0,65.3,27.180020811654522,85.3,0.5503225806451613,116.0,75.0,0.0,0.0,0.0,0.0,0.0,0.0,0.14285714285714285,0.8571428571428571,7980.0,1.0,2014,6.0,1.0,0.0,0.0
64.0,1.0,2.0,146.0,65.9,30.91574404203416,85.6,0.5863013698630136,133.5,80.5,0.0,0.0,0.0,0.0,0.0,0.0,0.0,1.1428571428571428,19800.0,0.5,2014,6.9,1.0,0.0,1.0
32.0,1.0,7.0,176.0,74.4,24.018595041322317,84.0,0.4772727272727273,116.5,65.0,0.0,0.0,0.0,0.0,0.0,0.0,3.0,0.14285714285714285,0.0,0.75,2014,7.1,0.0,0.0,0.0
46.0,0.0,2.0,161.0,100.0,38.57875853555032,106.6,0.662111801242236,140.0,88.5,0.0,1.0,0.0,0.0,0.0,0.0,2.0,0.8571428571428571,32760.0,6.0,2014,5.5,0.0,0.0,0.0
63.0,1.0,10.0,169.0,83.7,29.305696579251432,102.0,0.6035502958579881,117.5,69.0,0.0,0.0,0.0,0.0,0.0,0.0,0.0,0.2857142857142857,1200.0,2.0,2014,6.2,0.0,0.0,0.0
25.0,1.0,,171.0,60.4,20.655928319824906,73.0,0.4269005847953216,143.0,79.5,0.0,0.0,1.0,0.0,1.0,6.0,0.2857142857142857,0.0,6000.0,0.5,2014,4.7,1.0,0.0,0.0
27.0,0.0,13.0,171.0,91.1,31.154885263841866,96.4,0.5637426900584795,118.0,86.5,1.0,0.0,0.0,0.0,1.0,6.0,4.0,0.2857142857142857,11760.0,1.0,2014,5.5,1.0,0.0,0.0
33.0,1.0,5.0,159.0,63.5,25.117677307068547,80.3,0.5050314465408805,109.0,70.0,0.0,0.0,1.0,0.0,0.0,0.0,4.0,0.7142857142857143,23040.0,1.5,2014,5.2,0.0,0.0,0.0
25.0,1.0,12.0,168.0,65.2,23.100907029478464,79.6,0.4738095238095238,113.0,62.0,0.0,0.0,0.0,0.0,1.0,6.0,1.1428571428571428,0.8571428571428571,1680.0,2.0,2014,6.3,0.0,0.0,0.0
20.0,0.0,12.0,158.0,56.4,22.59253324787694,73.3,0.46392405063291137,100.5,59.5,0.0,0.0,0.0,0.0,1.0,2.0,2.142857142857143,0.8571428571428571,240.0,1.5,2014,,,0.0,0.0
51.0,0.0,2.0,158.0,65.7,26.31789777279282,93.0,0.5886075949367089,144.0,99.0,0.0,0.0,0.0,0.0,1.0,2.0,0.0,0.5714285714285714,0.0,2.0,2014,5.9,0.0,0.0,0.0
25.0,1.0,14.0,150.0,,,95.5,0.6366666666666667,131.0,70.5,0.0,0.0,0.0,0.0,1.0,2.0,1.2857142857142858,0.42857142857142855,1260.0,8.0,2014,8.0,0.0,0.0,0.0
34.0,1.0,11.0,171.0,65.6,22.434253274511818,81.8,0.4783625730994152,117.0,79.0,0.0,0.0,1.0,0.0,1.0,22.0,0.0,0.0,37920.0,2.0,2014,4.6,1.0,0.0,0.0
31.0,0.0,14.0,155.0,68.8,28.63683662851196,81.3,0.5245161290322581,109.5,67.5,0.0,0.0,0.0,0.0,0.0,0.0,0.8571428571428571,0.7142857142857143,8520.0,3.0,2014,6.6,1.0,0.0,1.0
56.0,0.0,5.0,146.0,67.3,31.57252767873898,83.3,0.5705479452054795,187.0,100.5,0.0,1.0,0.0,0.0,0.0,0.0,1.2857142857142858,0.8571428571428571,9600.0,1.0,2014,7.4,1.0,0.0,1.0
29.0,0.0,3.0,169.0,51.7,18.101607086586608,65.0,0.38461538461538464,109.0,74.0,0.0,1.0,0.0,0.0,1.0,0.5,0.5714285714285714,0.42857142857142855,18540.0,2.0,2014,5.4,1.0,0.0,0.0
32.0,0.0,12.0,153.0,62.4,26.656414199666795,81.0,0.5294117647058824,148.5,103.0,0.0,0.0,0.0,0.0,1.0,0.5,0.0,0.2857142857142857,5160.0,1.0,2014,5.3,0.0,0.0,0.0
38.0,0.0,10.0,148.0,50.8,23.19211102994887,77.0,0.5202702702702703,153.5,88.5,0.0,1.0,0.0,0.0,0.0,0.0,0.8571428571428571,0.8571428571428571,240.0,1.0,2014,4.2,1.0,0.0,0.0
40.0,0.0,5.0,148.0,98.4,44.923301680058444,105.4,0.7121621621621622,113.0,82.0,0.0,0.0,1.0,0.0,1.0,2.0,0.2857142857142857,2.0,3360.0,3.0,2014,6.4,0.0,0.0,0.0
64.0,0.0,,141.0,81.6,41.044213067753134,109.0,0.7730496453900709,186.5,98.0,0.0,0.0,0.0,0.0,1.0,0.5,0.0,2.0,1680.0,4.0,2014,4.4,1.0,0.0,0.0
33.0,1.0,5.0,160.0,55.5,21.679687499999996,86.8,0.5425,128.0,75.5,0.0,0.0,1.0,0.0,1.0,6.0,0.5714285714285714,0.2857142857142857,24720.0,1.0,2014,5.4,1.0,0.0,0.0
35.0,0.0,6.0,152.0,80.0,34.62603878116344,91.0,0.5986842105263158,124.0,79.5,0.0,0.0,0.0,0.0,1.0,2.0,0.14285714285714285,0.5714285714285714,8460.0,0.75,2014,6.0,0.0,0.0,0.0
24.0,1.0,12.0,166.0,58.1,21.084337349397593,68.6,0.41325301204819276,125.0,82.0,0.0,0.0,0.0,0.0,0.0,0.0,0.8571428571428571,0.5714285714285714,28320.0,2.0,2014,,,0.0,0.0
54.0,0.0,,155.0,79.5,33.090530697190424,94.2,0.607741935483871,174.5,101.0,0.0,1.0,0.0,0.0,0.0,0.0,3.0,0.8571428571428571,16880.0,9.0,2014,5.3,1.0,0.0,0.0
37.0,0.0,5.0,162.0,97.4,37.11324493217497,116.0,0.7160493827160493,112.0,93.5,0.0,0.0,0.0,0.0,0.0,0.0,0.2857142857142857,0.42857142857142855,26720.0,1.0,2014,5.2,1.0,0.0,0.0
27.0,0.0,6.0,146.0,49.9,23.40964533683618,67.8,0.4643835616438356,117.0,76.0,0.0,0.0,0.0,0.0,0.0,0.0,1.7142857142857142,1.4285714285714286,12060.0,2.0,2014,5.6,1.0,0.0,0.0
27.0,1.0,7.0,156.0,55.9,22.97008547008547,72.5,0.46474358974358976,121.0,70.5,0.0,0.0,0.0,0.0,1.0,2.0,0.14285714285714285,1.0,47420.0,1.0,2014,6.0,1.0,0.0,0.0
39.0,0.0,5.0,154.0,51.0,21.504469556417607,69.8,0.45324675324675323,100.5,66.5,0.0,0.0,1.0,0.0,1.0,6.0,0.0,0.5714285714285714,24640.0,1.0,2014,5.4,1.0,0.0,0.0
35.0,0.0,7.0,171.0,92.4,31.5994665025136,103.6,0.6058479532163742,122.5,88.0,0.0,0.0,0.0,0.0,1.0,6.0,1.0,1.7142857142857142,6480.0,1.0,2014,5.3,1.0,0.0,0.0
42.0,1.0,12.0,168.0,97.5,34.54506802721089,115.4,0.6869047619047619,139.0,81.0,0.0,0.0,0.0,0.0,1.0,6.0,0.7142857142857143,0.42857142857142855,840.0,1.0,2014,2.9,0.0,0.0,0.0
40.0,0.0,6.0,158.0,74.9,30.003204614645085,84.0,0.5316455696202531,128.0,66.5,0.0,0.0,0.0,0.0,0.0,0.0,0.14285714285714285,0.5714285714285714,7360.0,2.0,2014,4.1,1.0,0.0,0.0
51.0,1.0,10.0,165.0,75.5,27.731864095500462,99.4,0.6024242424242424,110.0,74.0,1.0,0.0,0.0,0.0,1.0,6.0,0.2857142857142857,0.2857142857142857,800.0,2.0,2014,5.9,0.0,0.0,0.0
54.0,0.0,3.0,161.0,104.1,40.160487635507884,119.0,0.7391304347826086,192.5,98.0,0.0,1.0,0.0,0.0,0.0,0.0,5.0,0.5714285714285714,29960.0,8.0,2014,5.8,0.0,0.0,0.0
37.0,1.0,7.0,168.0,56.1,19.876700680272112,71.9,0.4279761904761905,118.5,83.0,0.0,0.0,0.0,0.0,0.0,0.0,3.0,0.0,6720.0,2.0,2014,5.7,1.0,0.0,0.0
32.0,0.0,10.0,160.0,59.3,23.164062499999993,89.1,0.556875,110.0,74.0,0.0,0.0,0.0,0.0,0.0,0.0,6.0,1.1428571428571428,0.0,3.0,2014,5.8,1.0,0.0,0.0
49.0,0.0,5.0,151.0,55.0,24.121749046094468,81.0,0.5364238410596026,155.0,96.0,0.0,1.0,0.0,0.0,0.0,0.0,1.2857142857142858,1.0,3000.0,4.0,2014,5.5,1.0,0.0,0.0
34.0,0.0,,164.0,49.9,18.552944675788225,71.5,0.43597560975609756,110.0,77.0,0.0,1.0,0.0,0.0,1.0,2.0,1.4285714285714286,0.42857142857142855,25440.0,0.75,2014,5.5,1.0,0.0,0.0
25.0,1.0,10.0,177.0,103.5,33.03648376903188,96.6,0.5457627118644067,135.5,74.0,0.0,1.0,0.0,0.0,1.0,0.5,1.1428571428571428,0.2857142857142857,4400.0,4.0,2014,8.0,0.0,0.0,0.0
31.0,0.0,7.0,154.0,58.5,24.666891550008433,70.4,0.4571428571428572,106.5,71.0,0.0,0.0,0.0,0.0,1.0,0.5,0.2857142857142857,0.8571428571428571,10560.0,1.0,2014,5.6,0.0,0.0,0.0
59.0,0.0,11.0,154.0,69.6,29.34727610052285,87.5,0.5681818181818182,167.0,92.0,0.0,0.0,0.0,0.0,1.0,2.0,0.0,0.5714285714285714,4680.0,1.0,2014,7.2,1.0,1.0,1.0
50.0,0.0,5.0,153.0,75.8,32.38070827459524,87.5,0.5718954248366013,127.0,78.5,0.0,1.0,0.0,0.0,1.0,0.5,2.0,1.0,16800.0,1.0,2014,5.9,0.0,0.0,0.0
47.0,1.0,5.0,167.0,131.7,47.22291943059987,123.2,0.7377245508982037,134.0,83.0,0.0,1.0,0.0,0.0,0.0,0.0,0.2857142857142857,2.0,3480.0,10.0,2014,5.5,1.0,1.0,1.0
54.0,0.0,1.0,153.0,73.9,31.56905463710539,95.5,0.6241830065359477,140.5,89.0,0.0,0.0,0.0,0.0,0.0,0.0,0.14285714285714285,2.0,9240.0,2.0,2014,6.6,1.0,0.0,1.0
30.0,0.0,11.0,150.0,78.1,34.71111111111111,89.0,0.5933333333333334,108.0,69.5,0.0,0.0,0.0,0.0,1.0,2.0,0.2857142857142857,0.2857142857142857,5040.0,1.0,2014,5.8,0.0,0.0,0.0
34.0,1.0,6.0,166.0,79.9,28.99550007257948,96.1,0.5789156626506023,120.0,82.0,0.0,0.0,1.0,0.0,1.0,2.0,0.2857142857142857,0.14285714285714285,2180.0,4.0,2014,4.9,1.0,0.0,0.0
29.0,0.0,15.0,166.0,75.4,27.36246189577588,86.5,0.5210843373493976,115.5,75.5,0.0,0.0,0.0,0.0,1.0,0.5,1.0,2.0,11460.0,2.0,2014,4.6,0.0,0.0,0.0
39.0,0.0,15.0,148.0,94.8,43.27976625273923,106.6,0.7202702702702702,116.5,77.5,0.0,1.0,0.0,0.0,0.0,0.0,3.0,0.8571428571428571,0.0,1.0,2014,11.1,1.0,0.0,1.0
45.0,1.0,14.0,162.0,60.5,23.052888279225723,79.0,0.4876543209876543,129.0,81.0,1.0,0.0,0.0,0.0,0.0,0.0,0.5714285714285714,0.0,0.0,5.0,2014,5.4,1.0,0.0,0.0
41.0,0.0,4.0,162.0,72.9,27.777777777777775,81.7,0.504320987654321,136.5,87.5,0.0,0.0,0.0,0.0,0.0,0.0,0.5714285714285714,1.1428571428571428,5040.0,2.0,2014,5.3,1.0,0.0,0.0
26.0,1.0,17.0,182.0,85.0,25.661152034778407,83.6,0.4593406593406593,121.0,73.0,0.0,0.0,0.0,0.0,1.0,2.0,1.7142857142857142,1.1428571428571428,6360.0,4.0,2014,6.1,0.0,0.0,0.0
52.0,1.0,,156.0,55.7,22.887902695595002,80.0,0.5128205128205128,132.0,84.0,0.0,0.0,0.0,0.0,1.0,6.0,1.4285714285714286,1.4285714285714286,12360.0,2.0,2014,5.0,1.0,0.0,0.0
51.0,1.0,16.0,171.0,105.0,35.90848466194727,116.0,0.6783625730994152,120.0,77.5,0.0,0.0,0.0,0.0,1.0,2.0,0.8571428571428571,1.7142857142857142,4800.0,2.0,2014,7.4,0.0,0.0,0.0
49.0,0.0,6.0,151.0,51.4,22.54287092671374,72.0,0.4768211920529801,139.5,94.0,0.0,1.0,0.0,1.0,1.0,6.0,12.0,0.5714285714285714,4620.0,4.0,2014,6.8,1.0,0.0,1.0
37.0,0.0,,171.0,102.0,34.88252795732021,102.6,0.6,114.5,83.5,0.0,1.0,0.0,0.0,0.0,0.0,3.0,1.1428571428571428,840.0,0.5,2014,4.6,1.0,0.0,0.0
35.0,0.0,5.0,157.0,56.5,22.921822386303703,85.3,0.543312101910828,106.0,77.5,0.0,0.0,0.0,0.0,0.0,0.0,1.2857142857142858,0.42857142857142855,31080.0,0.5,2014,3.9,1.0,0.0,0.0
46.0,0.0,4.0,164.0,85.3,31.71475312314099,91.6,0.5585365853658536,113.0,77.0,0.0,1.0,0.0,0.0,1.0,0.5,4.0,0.2857142857142857,1760.0,8.0,2014,6.3,0.0,0.0,0.0
58.0,0.0,5.0,163.0,65.3,24.57751514923407,79.0,0.48466257668711654,171.0,111.5,0.0,0.0,0.0,0.0,0.0,0.0,0.0,0.42857142857142855,14880.0,1.0,2014,5.0,1.0,0.0,0.0
46.0,1.0,6.0,174.0,79.4,26.225393050601138,91.6,0.5264367816091954,156.5,106.5,0.0,1.0,0.0,0.0,1.0,6.0,0.5714285714285714,0.5714285714285714,30000.0,0.16666666666666666,2014,4.4,1.0,0.0,0.0
43.0,1.0,14.0,169.0,85.6,29.970939392878403,93.6,0.5538461538461538,136.5,92.0,0.0,0.0,0.0,0.0,1.0,0.5,2.0,0.14285714285714285,27840.0,2.0,2014,5.8,0.0,0.0,0.0
40.0,0.0,10.0,161.0,98.0,37.80718336483932,117.5,0.7298136645962733,148.0,94.5,0.0,1.0,0.0,0.0,1.0,2.0,2.857142857142857,0.5714285714285714,4560.0,1.0,2014,11.3,0.0,0.0,0.0
40.0,0.0,12.0,170.0,58.6,20.276816608996544,75.2,0.4423529411764706,110.5,72.0,0.0,0.0,0.0,0.0,0.0,0.0,1.0,2.0,4320.0,6.0,2014,4.8,1.0,0.0,0.0
49.0,0.0,4.0,165.0,48.7,17.887970615243347,66.0,0.4,112.0,69.5,0.0,0.0,0.0,0.0,0.0,0.0,0.0,0.5714285714285714,5040.0,3.0,2014,5.5,1.0,0.0,0.0
25.0,1.0,13.0,171.0,72.7,24.862350808795874,82.1,0.48011695906432744,115.5,75.0,0.0,0.0,0.0,0.0,1.0,22.0,0.0,0.0,840.0,3.0,2014,3.9,0.0,0.0,0.0
25.0,0.0,13.0,159.0,67.1,26.541671611091328,76.0,0.4779874213836478,133.0,88.0,0.0,0.0,0.0,0.0,1.0,2.0,0.14285714285714285,0.5714285714285714,2520.0,3.0,2014,5.3,0.0,0.0,0.0
63.0,0.0,1.0,153.0,81.2,34.68751334956641,106.1,0.6934640522875817,197.5,79.0,0.0,1.0,0.0,0.0,0.0,0.0,0.14285714285714285,0.5714285714285714,7200.0,3.0,2014,5.9,0.0,0.0,0.0
29.0,0.0,,149.0,63.7,28.692401243187245,89.8,0.6026845637583892,121.0,82.5,0.0,0.0,0.0,0.0,0.0,0.0,0.14285714285714285,0.5714285714285714,6120.0,2.0,2014,5.4,0.0,0.0,0.0
42.0,0.0,3.0,156.0,41.6,17.094017094017094,63.7,0.4083333333333333,96.5,66.0,0.0,0.0,1.0,0.0,1.0,2.0,0.14285714285714285,0.8571428571428571,11760.0,1.0,2014,5.0,0.0,0.0,0.0
26.0,0.0,13.0,161.0,58.1,22.414258709154737,72.6,0.4509316770186335,106.0,60.0,0.0,0.0,0.0,0.0,1.0,0.5,0.8571428571428571,0.5714285714285714,0.0,3.0,2014,5.2,1.0,0.0,0.0
51.0,0.0,12.0,157.0,71.1,28.844983569313154,93.3,0.5942675159235669,217.5,96.5,0.0,1.0,0.0,0.0,1.0,0.5,0.2857142857142857,0.8571428571428571,1260.0,2.0,2014,4.9,1.0,0.0,0.0
47.0,0.0,7.0,173.0,102.7,34.31454442179825,102.0,0.5895953757225434,117.5,78.5,0.0,1.0,0.0,0.0,1.0,0.5,2.142857142857143,1.4285714285714286,2640.0,8.0,2014,5.9,1.0,1.0,1.0
54.0,0.0,4.0,159.0,64.4,25.473675883074247,91.5,0.5754716981132075,153.0,89.5,0.0,0.0,0.0,0.0,0.0,0.0,0.8571428571428571,1.4285714285714286,1500.0,1.0,2014,8.5,1.0,0.0,1.0
30.0,0.0,7.0,159.0,48.6,19.22392310430758,69.8,0.43899371069182386,113.0,72.5,0.0,0.0,0.0,0.0,0.0,0.0,0.5714285714285714,1.1428571428571428,0.0,0.75,2014,5.5,1.0,0.0,0.0
56.0,0.0,5.0,162.0,69.8,26.59655540313976,92.3,0.5697530864197531,112.0,77.0,0.0,0.0,0.0,0.0,0.0,0.0,0.5714285714285714,2.0,2400.0,0.75,2014,5.5,1.0,0.0,0.0
26.0,0.0,5.0,150.0,57.8,25.688888888888886,75.2,0.5013333333333333,112.5,70.5,0.0,0.0,0.0,0.0,0.0,0.0,0.0,2.0,0.0,2.0,2014,5.1,1.0,0.0,0.0
56.0,0.0,6.0,171.0,110.1,37.652611059813275,113.0,0.6608187134502924,148.5,109.0,0.0,1.0,0.0,0.0,1.0,2.0,0.14285714285714285,1.1428571428571428,0.0,1.0,2014,11.4,1.0,0.0,1.0
46.0,1.0,13.0,157.0,54.9,22.272708832001296,75.4,0.48025477707006375,126.5,96.5,0.0,0.0,0.0,0.0,1.0,0.5,1.1428571428571428,1.1428571428571428,23840.0,2.0,2014,7.0,0.0,0.0,0.0
37.0,1.0,11.0,168.0,48.8,17.290249433106577,68.6,0.4083333333333333,118.0,82.5,0.0,0.0,0.0,0.0,1.0,6.0,1.2857142857142858,0.42857142857142855,14000.0,0.5,2014,5.3,1.0,0.0,0.0
26.0,0.0,13.0,154.0,77.5,32.67836060043852,89.1,0.5785714285714285,113.5,75.0,0.0,0.0,0.0,0.0,0.0,0.0,0.2857142857142857,0.2857142857142857,3120.0,1.0,2014,4.9,1.0,0.0,0.0
46.0,0.0,8.0,166.0,74.9,27.181013209464368,86.8,0.5228915662650602,113.0,83.0,0.0,1.0,0.0,0.0,1.0,0.5,0.14285714285714285,0.0,1040.0,2.0,2014,5.6,0.0,0.0,0.0
29.0,1.0,13.0,165.0,56.2,20.642791551882464,73.5,0.44545454545454544,136.5,82.5,0.0,0.0,1.0,0.0,1.0,6.0,2.0,0.14285714285714285,33600.0,1.0,2014,5.6,0.0,0.0,0.0
35.0,0.0,14.0,161.0,74.0,28.54828131630724,84.6,0.5254658385093167,123.0,89.0,0.0,0.0,0.0,0.0,1.0,6.0,1.1428571428571428,2.0,9600.0,2.0,2014,5.9,1.0,,0.0
52.0,1.0,15.0,169.0,85.9,30.07597773187214,101.0,0.5976331360946746,188.0,116.0,0.0,1.0,0.0,0.0,1.0,2.0,1.7142857142857142,0.5714285714285714,29520.0,2.0,2014,9.0,0.0,0.0,0.0
51.0,0.0,5.0,152.0,76.2,32.98130193905817,101.0,0.6644736842105263,136.5,81.0,0.0,0.0,0.0,0.0,1.0,0.5,1.1428571428571428,1.7142857142857142,8320.0,3.0,2014,5.8,1.0,1.0,1.0
56.0,1.0,10.0,173.0,55.8,18.64412442781249,74.0,0.4277456647398844,150.0,87.5,0.0,1.0,0.0,0.0,1.0,0.5,1.0,0.2857142857142857,8400.0,4.0,2014,5.7,1.0,0.0,0.0
46.0,0.0,5.0,156.0,56.1,23.052268244575934,81.0,0.5192307692307693,125.0,85.5,0.0,1.0,0.0,0.0,0.0,0.0,0.14285714285714285,0.8571428571428571,14640.0,1.0,2014,5.8,1.0,0.0,0.0
25.0,1.0,14.0,161.0,57.6,22.221364916476986,71.0,0.4409937888198758,161.5,93.0,0.0,0.0,0.0,0.0,1.0,2.0,0.14285714285714285,0.2857142857142857,13680.0,2.0,2014,4.7,1.0,0.0,0.0
48.0,0.0,4.0,141.0,66.3,33.34842311754942,84.0,0.5957446808510638,154.5,91.0,0.0,1.0,0.0,0.0,0.0,0.0,0.2857142857142857,0.5714285714285714,7200.0,2.0,2014,5.2,1.0,0.0,0.0
49.0,0.0,2.0,158.0,53.4,21.39080275596859,71.8,0.4544303797468354,164.5,95.0,0.0,1.0,0.0,0.0,0.0,0.0,0.14285714285714285,0.8571428571428571,12960.0,2.0,2014,5.6,1.0,0.0,0.0
28.0,1.0,,167.0,61.7,22.123417834988707,76.0,0.4550898203592814,134.0,92.0,0.0,0.0,0.0,0.0,1.0,6.0,1.1428571428571428,1.1428571428571428,840.0,3.0,2014,5.6,1.0,0.0,0.0
37.0,0.0,7.0,148.0,79.9,36.47735573411249,104.6,0.7067567567567568,107.5,79.0,0.0,0.0,0.0,0.0,0.0,0.0,2.0,0.42857142857142855,1680.0,4.0,2014,4.7,0.0,0.0,0.0
45.0,1.0,5.0,171.0,95.6,32.693820320782464,104.3,0.6099415204678362,127.0,81.5,0.0,0.0,0.0,0.0,0.0,0.0,2.5714285714285716,0.42857142857142855,15840.0,5.0,2014,6.6,1.0,0.0,1.0
30.0,0.0,6.0,166.0,56.8,20.612570764987662,72.6,0.4373493975903614,112.0,74.0,0.0,0.0,0.0,0.0,1.0,0.5,0.0,0.8571428571428571,1260.0,2.0,2014,6.5,1.0,0.0,1.0
53.0,0.0,3.0,164.0,67.0,24.910767400356935,81.6,0.49756097560975604,118.5,82.0,0.0,0.0,0.0,0.0,0.0,0.0,0.0,0.0,0.0,2.0,2014,5.4,1.0,0.0,0.0
26.0,0.0,11.0,168.0,58.3,20.656179138322,73.0,0.43452380952380953,110.0,67.0,0.0,0.0,0.0,0.0,1.0,0.5,0.8571428571428571,2.0,240.0,0.5,2014,5.3,1.0,0.0,0.0
42.0,1.0,14.0,178.0,86.1,27.17459916677187,96.5,0.5421348314606742,124.0,86.5,0.0,0.0,0.0,0.0,0.0,0.0,,0.2857142857142857,0.0,10.0,2014,5.5,1.0,0.0,0.0
31.0,1.0,18.0,168.0,89.9,31.852324263038554,102.0,0.6071428571428571,123.0,75.5,0.0,0.0,0.0,0.0,1.0,6.0,2.0,2.0,0.0,14.0,2014,7.5,0.0,0.0,0.0
64.0,0.0,,150.0,58.1,25.822222222222223,74.5,0.49666666666666665,195.0,74.5,0.0,1.0,0.0,0.0,0.0,0.0,1.4285714285714286,0.8571428571428571,0.0,6.0,2014,5.5,1.0,0.0,0.0
31.0,0.0,13.0,166.0,103.8,37.668747278269706,117.7,0.7090361445783133,147.0,101.0,0.0,1.0,0.0,0.0,1.0,14.0,1.0,0.14285714285714285,1120.0,4.0,2014,5.3,1.0,0.0,0.0
58.0,0.0,6.0,162.0,53.9,20.538027739673826,68.4,0.4222222222222223,132.0,90.0,0.0,1.0,0.0,0.0,1.0,2.0,3.0,0.14285714285714285,31920.0,0.5,2014,6.3,0.0,0.0,0.0
26.0,0.0,8.0,169.0,64.1,22.443191764994225,67.1,0.39704142011834315,142.0,87.5,0.0,1.0,0.0,0.0,1.0,0.5,0.42857142857142855,1.4285714285714286,29640.0,0.5,2014,4.6,1.0,0.0,0.0
27.0,0.0,8.0,178.0,76.5,24.144678702184066,83.0,0.46629213483146065,149.0,96.5,0.0,1.0,0.0,0.0,0.0,0.0,5.0,0.5714285714285714,18120.0,0.3333333333333333,2014,4.0,1.0,0.0,0.0
54.0,1.0,13.0,178.0,101.9,32.1613432647393,103.5,0.5814606741573034,177.0,106.0,0.0,1.0,0.0,0.0,0.0,0.0,3.0,1.1428571428571428,11760.0,6.0,2014,4.9,0.0,0.0,0.0
52.0,1.0,8.0,178.0,78.4,24.744350460800405,92.0,0.5168539325842697,131.5,106.5,1.0,1.0,0.0,0.0,0.0,0.0,0.42857142857142855,0.5714285714285714,14880.0,2.0,2014,5.6,1.0,0.0,0.0
50.0,0.0,5.0,151.0,75.3,33.024867330380246,95.7,0.6337748344370862,128.5,80.5,0.0,1.0,0.0,0.0,0.0,0.0,3.0,0.42857142857142855,6480.0,2.0,2014,5.5,1.0,0.0,0.0
52.0,0.0,14.0,152.0,70.8,30.644044321329638,92.7,0.6098684210526316,128.5,82.5,0.0,0.0,0.0,0.0,0.0,0.0,2.0,0.5714285714285714,5040.0,4.0,2014,5.0,1.0,0.0,0.0
27.0,0.0,15.0,158.0,69.1,27.67985899695561,77.2,0.48860759493670886,111.5,79.5,0.0,1.0,0.0,0.0,0.0,0.0,3.0,0.5714285714285714,12600.0,2.0,2014,4.7,1.0,0.0,0.0
38.0,1.0,7.0,171.0,82.9,28.350603604527894,91.4,0.5345029239766083,110.0,78.0,0.0,0.0,0.0,0.0,0.0,0.0,0.5714285714285714,0.5714285714285714,120.0,2.0,2014,5.0,1.0,0.0,0.0
45.0,1.0,4.0,169.0,72.8,25.489303595812473,90.0,0.5325443786982249,122.0,64.0,0.0,0.0,1.0,0.0,1.0,6.0,0.8571428571428571,,23520.0,10.0,2014,6.6,0.0,0.0,0.0
35.0,0.0,14.0,156.0,71.0,29.17488494411571,89.0,0.5705128205128205,139.0,94.5,0.0,0.0,0.0,0.0,1.0,6.0,1.7142857142857142,0.5714285714285714,0.0,8.0,2014,4.2,0.0,0.0,0.0
57.0,0.0,8.0,158.0,67.2,26.918763018746994,88.0,0.5569620253164557,126.5,86.5,0.0,1.0,0.0,0.0,1.0,2.0,2.0,0.8571428571428571,10920.0,6.0,2014,3.5,0.0,0.0,0.0
42.0,1.0,5.0,159.0,66.8,26.42300541908943,85.7,0.5389937106918239,113.0,74.0,0.0,0.0,0.0,0.0,1.0,0.5,0.14285714285714285,0.8571428571428571,13520.0,2.0,2014,5.0,1.0,0.0,0.0
56.0,1.0,5.0,153.0,59.9,25.588448887180142,82.0,0.5359477124183006,118.5,78.5,0.0,0.0,0.0,0.0,1.0,6.0,0.2857142857142857,0.2857142857142857,30200.0,6.0,2014,5.3,1.0,0.0,0.0
30.0,1.0,11.0,170.0,58.7,20.31141868512111,66.5,0.3911764705882353,122.5,85.0,0.0,0.0,0.0,0.0,1.0,6.0,1.1428571428571428,1.0,36480.0,0.5,2014,6.0,1.0,0.0,0.0
24.0,0.0,15.0,153.0,55.5,23.70882993720364,71.6,0.4679738562091503,129.5,81.5,0.0,0.0,0.0,0.0,0.0,0.0,1.2857142857142858,1.7142857142857142,1040.0,7.0,2014,3.5,1.0,0.0,0.0
42.0,0.0,5.0,165.0,103.9,38.16345270890726,108.9,0.66,102.5,66.0,0.0,0.0,0.0,0.0,1.0,0.5,0.14285714285714285,0.2857142857142857,4200.0,8.0,2014,5.9,1.0,0.0,0.0
39.0,0.0,11.0,157.0,56.1,22.7595439977281,72.2,0.45987261146496816,121.0,82.5,0.0,0.0,0.0,0.0,1.0,0.5,1.1428571428571428,1.4285714285714286,52080.0,1.0,2014,3.5,1.0,0.0,0.0
33.0,1.0,18.0,176.0,93.1,30.05552685950413,93.3,0.5301136363636364,122.5,78.0,0.0,0.0,0.0,0.0,1.0,0.5,1.4285714285714286,1.0,3360.0,,2014,5.7,1.0,0.0,0.0
26.0,1.0,14.0,166.0,56.8,20.612570764987662,68.0,0.40963855421686746,122.5,81.0,0.0,0.0,0.0,0.0,1.0,6.0,0.8571428571428571,0.14285714285714285,15840.0,2.0,2014,6.0,0.0,0.0,0.0
19.0,0.0,13.0,164.0,54.9,20.411957168352174,69.6,0.424390243902439,99.0,62.0,,0.0,0.0,0.0,1.0,0.5,2.0,0.8571428571428571,6960.0,3.0,2014,5.4,1.0,0.0,0.0
32.0,0.0,14.0,163.0,101.2,38.08950280401972,103.3,0.6337423312883436,98.5,73.0,0.0,0.0,0.0,0.0,1.0,2.0,0.2857142857142857,0.5714285714285714,840.0,0.5,2014,6.0,1.0,0.0,0.0
51.0,0.0,16.0,162.0,95.6,36.42737387593354,103.1,0.6364197530864197,159.5,95.5,0.0,1.0,0.0,0.0,1.0,2.0,2.0,2.0,840.0,0.5,2014,5.8,1.0,0.0,0.0
22.0,0.0,12.0,153.0,61.1,26.10107223717374,88.0,0.5751633986928104,119.5,82.5,0.0,0.0,0.0,0.0,1.0,2.0,0.5714285714285714,0.2857142857142857,45840.0,2.0,2014,3.8,0.0,0.0,0.0
50.0,0.0,5.0,151.0,103.1,45.21731503004254,123.1,0.8152317880794702,189.5,98.0,0.0,1.0,0.0,0.0,1.0,0.5,0.8571428571428571,1.1428571428571428,23520.0,2.0,2014,5.2,1.0,0.0,0.0
27.0,0.0,13.0,161.0,56.4,21.75841981405038,77.0,0.4782608695652174,119.5,78.0,0.0,0.0,0.0,0.0,1.0,2.0,2.0,0.2857142857142857,900.0,2.0,2014,4.4,1.0,0.0,0.0
30.0,0.0,14.0,157.0,70.6,28.642135583593653,90.0,0.5732484076433121,118.5,88.5,0.0,0.0,0.0,0.0,1.0,6.0,0.2857142857142857,0.5714285714285714,2280.0,0.5,2014,4.7,1.0,0.0,0.0
54.0,0.0,18.0,158.0,86.1,34.48966511776958,100.3,0.6348101265822784,155.5,106.5,0.0,0.0,0.0,0.0,1.0,6.0,0.8571428571428571,0.2857142857142857,1680.0,0.5,2014,5.8,1.0,0.0,0.0
27.0,1.0,14.0,165.0,52.2,19.173553719008268,75.1,0.45515151515151514,115.5,72.0,0.0,0.0,0.0,0.0,1.0,2.0,1.7142857142857142,0.0,960.0,6.0,2014,5.1,1.0,0.0,0.0
45.0,0.0,10.0,162.0,136.6,52.04999237921047,134.2,0.8283950617283949,164.0,111.5,0.0,0.0,0.0,0.0,1.0,6.0,1.0,0.5714285714285714,9600.0,1.0,2014,5.8,1.0,0.0,0.0
27.0,0.0,17.0,153.0,65.1,27.809816737152374,86.0,0.5620915032679739,109.0,70.5,0.0,0.0,0.0,0.0,1.0,2.0,3.0,0.14285714285714285,6840.0,8.0,2014,5.2,1.0,0.0,0.0
30.0,0.0,12.0,165.0,67.6,24.830119375573922,77.8,0.4715151515151515,132.0,81.0,0.0,0.0,0.0,0.0,1.0,14.0,3.0,3.0,0.0,2.0,2014,5.2,0.0,0.0,0.0
32.0,0.0,8.0,145.0,105.6,50.22592152199762,115.2,0.7944827586206896,127.5,89.5,0.0,1.0,0.0,0.0,1.0,6.0,0.14285714285714285,0.5714285714285714,5800.0,1.0,2014,5.5,0.0,0.0,0.0
46.0,0.0,4.0,150.0,74.8,33.24444444444444,93.5,0.6233333333333333,141.0,80.0,0.0,1.0,0.0,0.0,0.0,0.0,3.0,0.2857142857142857,7140.0,10.0,2014,6.3,0.0,0.0,0.0
51.0,0.0,10.0,161.0,52.7,20.33100574823502,74.6,0.4633540372670807,102.0,72.0,0.0,0.0,0.0,0.0,0.0,0.0,3.0,2.0,0.0,12.0,2014,6.2,0.0,0.0,0.0
34.0,0.0,7.0,152.0,64.9,28.090373961218837,86.0,0.5657894736842105,154.0,93.5,0.0,0.0,0.0,0.0,1.0,0.5,0.5714285714285714,0.8571428571428571,0.0,3.0,2014,3.5,1.0,0.0,0.0
34.0,0.0,7.0,150.0,49.8,22.133333333333333,69.2,0.4613333333333334,113.0,78.0,0.0,0.0,0.0,0.0,1.0,2.0,0.2857142857142857,1.4285714285714286,840.0,2.0,2014,5.5,0.0,0.0,0.0
49.0,1.0,12.0,162.0,72.6,27.663465935070867,89.2,0.5506172839506173,130.5,91.5,0.0,1.0,0.0,0.0,0.0,0.0,0.7142857142857143,0.2857142857142857,2240.0,8.0,2014,7.2,0.0,0.0,0.0
26.0,1.0,14.0,178.0,60.0,18.93700290367378,74.4,0.4179775280898877,111.0,72.5,0.0,0.0,0.0,0.0,0.0,0.0,0.0,0.8571428571428571,1920.0,1.0,2014,4.8,1.0,0.0,0.0
28.0,0.0,16.0,163.0,71.3,26.83578606646844,82.1,0.503680981595092,140.0,89.0,0.0,1.0,0.0,0.0,0.0,0.0,1.1428571428571428,0.5714285714285714,840.0,5.0,2014,5.0,1.0,0.0,0.0
57.0,1.0,20.0,170.0,108.8,37.64705882352941,118.3,0.6958823529411765,183.5,106.5,0.0,1.0,0.0,0.0,1.0,14.0,0.14285714285714285,0.14285714285714285,0.0,8.0,2014,6.4,1.0,0.0,1.0
28.0,1.0,5.0,158.0,51.1,20.469476045505527,73.0,0.4620253164556962,104.0,67.0,0.0,0.0,1.0,0.0,1.0,6.0,0.8571428571428571,0.5714285714285714,23460.0,0.5,2014,5.5,0.0,0.0,0.0
24.0,1.0,,175.0,60.5,19.755102040816325,76.4,0.4365714285714286,142.5,78.0,0.0,0.0,0.0,0.0,1.0,2.0,0.5714285714285714,1.4285714285714286,0.0,2.0,2014,4.3,0.0,0.0,0.0
53.0,1.0,10.0,167.0,80.0,28.685144680698485,104.0,0.6227544910179641,166.5,93.0,0.0,0.0,0.0,0.0,0.0,0.0,3.0,0.7142857142857143,3360.0,0.25,2014,5.1,1.0,0.0,0.0
30.0,0.0,6.0,158.0,83.8,33.56833840730651,92.5,0.5854430379746836,132.5,93.5,0.0,0.0,0.0,0.0,1.0,2.0,1.2857142857142858,1.4285714285714286,600.0,3.0,2014,7.0,0.0,0.0,0.0
